version,phase,item_id,input_sha256_rep1,input_sha256_rep2,target_sha256_rep1,target_sha256_rep2,saved_correct_rep1,saved_correct_rep2,transition,raw_text_changed,canonical_label_set_changed,canonical_rep1_json,canonical_rep2_json,actual_prompt_sha256_rep1,actual_prompt_sha256_rep2,actual_prompt_equal,constructed_prompt_equal,call_ids_rep1_json,call_ids_rep2_json
R4B,score,lawbench_3-3_0481,5212414cb7e7e75dec7db3b51a8a86f030d8c8fd8b997c1db2e4f7d9a84fc65d,5212414cb7e7e75dec7db3b51a8a86f030d8c8fd8b997c1db2e4f7d9a84fc65d,fa0ca2ec9ed2530a380a5df97bc96e2b64ec41a99856c576540d8dd51cbcb19b,fa0ca2ec9ed2530a380a5df97bc96e2b64ec41a99856c576540d8dd51cbcb19b,False,False,WW,True,True,"[""单位行贿"", ""非法采矿""]","[""伪造国家机关公文"", ""行贿"", ""非法采矿""]",8c8a9a81a59618313eb294b4df164c47844afc2775024def0962e0a53d4c7a2f,8c8a9a81a59618313eb294b4df164c47844afc2775024def0962e0a53d4c7a2f,True,True,"[""4181241f3cd34faa90eb1c40ecc0c5d6""]","[""2a614e1ef40d4fc19e501843db6fcd3b""]"
R4B,score,lawbench_3-3_0361,83f00640a7528cd0e8465f2e1d3c050fd468b3d8a6076448d53c0a185dcc081d,83f00640a7528cd0e8465f2e1d3c050fd468b3d8a6076448d53c0a185dcc081d,60c267a394873e704ecd912abe5a5e768956493a32585ae1df869b68b32f5827,60c267a394873e704ecd912abe5a5e768956493a32585ae1df869b68b32f5827,False,False,WW,False,False,"[""侵犯注册商标专用权""]","[""侵犯注册商标专用权""]",c06d7186337159393c6bd3ccd295e0bb588555254eff871e0eadd1132fcc5393,c06d7186337159393c6bd3ccd295e0bb588555254eff871e0eadd1132fcc5393,True,True,"[""3388b9e2e223480c9afa86c87e9e49e9""]","[""f38c5690f503471cb445b34a6c18e89b""]"
R4B,score,lawbench_3-3_0027,519535d8205fd37ad6ab145e45fc91b1454304844e92a05d050c1fcd7d316658,519535d8205fd37ad6ab145e45fc91b1454304844e92a05d050c1fcd7d316658,5be0491c360656123e5a577a4979c2a1325f9a6804b924dff207c0ba53777acc,5be0491c360656123e5a577a4979c2a1325f9a6804b924dff207c0ba53777acc,False,False,WW,False,False,"[""故意伤害""]","[""故意伤害""]",7ed1365e413e691117c50aa564464fce64a084c76ec85cf1572cb4471f25b770,7ed1365e413e691117c50aa564464fce64a084c76ec85cf1572cb4471f25b770,True,True,"[""88ccd06ab89d4cc69c748a1d7ace1733""]","[""957ce985f3bd48c3bf78567985d58116""]"
R4B,score,lawbench_3-3_0385,7e7c616fe3f79ca3c5302b484bee968919b72fa2b5d75b51efd708027ef600a2,7e7c616fe3f79ca3c5302b484bee968919b72fa2b5d75b51efd708027ef600a2,0a5b43df60d9a32f47001388a90ccd4b80a0fc1607beea57698cf6ce1c21a889,0a5b43df60d9a32f47001388a90ccd4b80a0fc1607beea57698cf6ce1c21a889,False,False,WW,True,True,[],"[""盗窃"", ""破坏公共设施""]",2bd30d2cb2c1cb74009c966375ce4bd4eee6e7ec1c78a9a422846ee56e508483,2bd30d2cb2c1cb74009c966375ce4bd4eee6e7ec1c78a9a422846ee56e508483,True,True,"[""94214b98b3f34a2da185471f45d97b5e""]","[""46b5597ac7674e779d006fbc5c59c838""]"
R4B,score,lawbench_3-3_0226,711c25cc3767a1e3940eedcc270b70fa1d99f70185704b0faffc2dae0d570faf,711c25cc3767a1e3940eedcc270b70fa1d99f70185704b0faffc2dae0d570faf,d394ca9e19451b8adf223f1547a23fcd577a36feefc75a3125b2f84dddedf127,d394ca9e19451b8adf223f1547a23fcd577a36feefc75a3125b2f84dddedf127,True,False,CW,True,True,"[""非法种植毒品原植物""]",[],25134231e9b5b323e80019ae06ecfdb8a233cae469a1f81ec0d56fcbe10ffcb3,25134231e9b5b323e80019ae06ecfdb8a233cae469a1f81ec0d56fcbe10ffcb3,True,True,"[""7ff8f9c219d94336bb22b8cfb6cbf42b""]","[""7be2d0d8237c44c69c7a84bbbfc8d1a0""]"
R4B,score,lawbench_3-3_0200,5b51a2c4de8cc675f479c5bf1869a30b2782325026ff26015f90842439e5fc30,5b51a2c4de8cc675f479c5bf1869a30b2782325026ff26015f90842439e5fc30,18b46721de35eea17ac5aebf692eb9d475b60022ba09bfa57fad5e0a679914e0,18b46721de35eea17ac5aebf692eb9d475b60022ba09bfa57fad5e0a679914e0,True,True,CC,False,False,"[""失火""]","[""失火""]",9d2ccc9a73dbd33e0403073509fa8086f7a15d8f5a51717aa3657c7c22775a6c,9d2ccc9a73dbd33e0403073509fa8086f7a15d8f5a51717aa3657c7c22775a6c,True,True,"[""afb24db97049473698615a43b2ec57a0""]","[""35454d56fb1e462b828b6daa5a66b23a""]"
R4B,score,lawbench_3-3_0025,5dccb0b3713ebac3b07207924341a0585101ec5cc61d180738204f083963d04f,5dccb0b3713ebac3b07207924341a0585101ec5cc61d180738204f083963d04f,9b549e07c6eb4b085aac76725e87044a4db36c4571d146fb6a4c7d0665fac94b,9b549e07c6eb4b085aac76725e87044a4db36c4571d146fb6a4c7d0665fac94b,False,False,WW,False,False,"[""诈骗""]","[""诈骗""]",9176bef4e485399f1db019d44ece4a85a1e1be282b4ecf5a3b713c6d894d6ff8,9176bef4e485399f1db019d44ece4a85a1e1be282b4ecf5a3b713c6d894d6ff8,True,True,"[""f97f1fe6a3874d519ee11d0d7e7dfcbd""]","[""91a7840fd2894f24a611ea2eb65c22d3""]"
R4B,score,lawbench_3-3_0118,edf2952048f40c6cc5d4d98731713c9b2345e32e6fcb4b31e7d095e3492718d4,edf2952048f40c6cc5d4d98731713c9b2345e32e6fcb4b31e7d095e3492718d4,28ded1ecf23a6154855e028547d16a11fb79cad2373f6553fb5cf792b5782922,28ded1ecf23a6154855e028547d16a11fb79cad2373f6553fb5cf792b5782922,False,False,WW,True,True,"[""伪造、变造发票"", ""虚开增值税专用发票""]",[],94e383dad31a69d55586566b8723859034f6d2780cb5cfdd03bf38a7e2aa838a,94e383dad31a69d55586566b8723859034f6d2780cb5cfdd03bf38a7e2aa838a,True,True,"[""265aca9a05e9471abc64bb266791627d""]","[""97e9a22c45da4b29b2b2d47dcbf7ddbb""]"
R4B,score,lawbench_3-3_0450,97b3c26856b415c613cdc7a0b0c5b53bea8f496a2466e57d3199e30b70c7ebad,97b3c26856b415c613cdc7a0b0c5b53bea8f496a2466e57d3199e30b70c7ebad,d4894bf9ddbf3e81e650ea8f8a5415e838847053d72c9db9a20cde640d35272d,d4894bf9ddbf3e81e650ea8f8a5415e838847053d72c9db9a20cde640d35272d,False,True,WC,True,True,"[""毁坏国家重点保护植物罪"", ""非法采伐""]","[""毁坏国家重点保护植物"", ""非法采伐""]",3eb98052fc5616596156955f1995a21546ea415800c7b72557a5e915c803c7e5,3eb98052fc5616596156955f1995a21546ea415800c7b72557a5e915c803c7e5,True,True,"[""66521bd40c5b40b5a3b0c0ea9c7f8b49""]","[""a68348e3648c404280ee64deee657619""]"
R4B,score,lawbench_3-3_0241,d5a7e0f1a25093aa042b09781330aefa7b4426ac75863bc2be90c1c5d732ed38,d5a7e0f1a25093aa042b09781330aefa7b4426ac75863bc2be90c1c5d732ed38,7065f11e421648a40dad52cae624948db5ed83fb35a43c5a67eb2e50710eba08,7065f11e421648a40dad52cae624948db5ed83fb35a43c5a67eb2e50710eba08,False,False,WW,True,True,"[""开设赌场""]","[""赌博""]",d2468a79a5f4894c4d3e4408ba357b810f054b8e85d8855ee567b893a6af08a8,d2468a79a5f4894c4d3e4408ba357b810f054b8e85d8855ee567b893a6af08a8,True,True,"[""b2714dd87f114295bad93dc42877bd37""]","[""dc889f2d067a4bd6b774d3050e4e1753""]"
R4B,score,lawbench_3-3_0410,9a5bce60804a57cba8133c592f86a0a47be9aa17ed13c0a25f223c191de8d860,9a5bce60804a57cba8133c592f86a0a47be9aa17ed13c0a25f223c191de8d860,9611bf4b4b83452cd081baf9086d5965930f39c9b948cedf8e548ef3ff6e6974,9611bf4b4b83452cd081baf9086d5965930f39c9b948cedf8e548ef3ff6e6974,False,False,WW,True,True,"[""聚众扰乱公共秩序""]","[""非法阻碍生产经营罪""]",a75651479cd7320483c825c18002c4324558ab83a7d52c7869d81f1addefefc2,a75651479cd7320483c825c18002c4324558ab83a7d52c7869d81f1addefefc2,True,True,"[""2a70e9dcef764c59b1b8dbf1598023f2""]","[""f24f078aec0e447d9363b419d3871f6f""]"
R4B,score,lawbench_3-3_0469,e8664b99441dc3cb1f45e298c0a12feff245b1980209c7e33c611c5f35737645,e8664b99441dc3cb1f45e298c0a12feff245b1980209c7e33c611c5f35737645,894b62d77a00a5ab42ae1b3dff91e16e7f47112cbb5b3ff5673af71a299a87d4,894b62d77a00a5ab42ae1b3dff91e16e7f47112cbb5b3ff5673af71a299a87d4,True,True,CC,False,False,"[""买卖国家机关公文"", ""伪造"", ""印章"", ""变造"", ""证件""]","[""买卖国家机关公文"", ""伪造"", ""印章"", ""变造"", ""证件""]",78b2f0e8b67bed681ccd72cace072e206cc6cfd050ddb2a950c19b454fe07ba2,78b2f0e8b67bed681ccd72cace072e206cc6cfd050ddb2a950c19b454fe07ba2,True,True,"[""52023a4447964fc1838f4fe4268926fc""]","[""e639bfafa84c48a680d9cbc9947c3561""]"
R4B,score,lawbench_3-3_0437,77dfb8a4359a492b1b99d7c63dff41491fb4108c6cdffb208a7b8f582ca2dac6,77dfb8a4359a492b1b99d7c63dff41491fb4108c6cdffb208a7b8f582ca2dac6,5ab1599811572bd0933a1e52b798c8881d3b7c3037d98865072ae41ba0d9fd14,5ab1599811572bd0933a1e52b798c8881d3b7c3037d98865072ae41ba0d9fd14,False,False,WW,True,True,[],"[""生产"", ""销售假药""]",c53ff31523103e58635b38ff08765dd72afa80b1e5c4d58205d714a88b8910bd,c53ff31523103e58635b38ff08765dd72afa80b1e5c4d58205d714a88b8910bd,True,True,"[""6ca809de53634b77ab684c0d1c570875""]","[""2cba44d0067f4ba6a4ef598bd2880aa3""]"
R4B,score,lawbench_3-3_0497,8f29850088a82ee9e738b9d9e68d507867878c9251e0c513a894d81fa43953d4,8f29850088a82ee9e738b9d9e68d507867878c9251e0c513a894d81fa43953d4,d4894bf9ddbf3e81e650ea8f8a5415e838847053d72c9db9a20cde640d35272d,d4894bf9ddbf3e81e650ea8f8a5415e838847053d72c9db9a20cde640d35272d,True,True,CC,False,False,"[""毁坏国家重点保护植物"", ""非法采伐""]","[""毁坏国家重点保护植物"", ""非法采伐""]",6ef6f1d564b6446e1002517c4856dd07953847450269662c694b751125992911,6ef6f1d564b6446e1002517c4856dd07953847450269662c694b751125992911,True,True,"[""6cf65c9ae0ff4d91a57861249bd27843""]","[""2080272a9aba49d886e902f9f5577869""]"
R4B,score,lawbench_3-3_0240,843ca4bf0f1b4706cc720dd82516e46699772a10df342e5c16940774b7822ad9,843ca4bf0f1b4706cc720dd82516e46699772a10df342e5c16940774b7822ad9,cae54507b26c86c54cb927f63da2e1e67782d65f3aa79ae784eabfeb51d79856,cae54507b26c86c54cb927f63da2e1e67782d65f3aa79ae784eabfeb51d79856,False,False,WW,False,False,"[""窝藏罪""]","[""窝藏罪""]",780790df77bfdf8e92e4fac13b1beed7b61b5805d8c8ff99432b9c37dc280563,780790df77bfdf8e92e4fac13b1beed7b61b5805d8c8ff99432b9c37dc280563,True,True,"[""7b0ae942c3bd48cc96b182e8b7b49227""]","[""38b000056cdc460eaea72302483c2234""]"
R4B,score,lawbench_3-3_0168,49ba29f97ee0ad1030fc6ef302f99521e7a9fc8c52d1725ae8a902f8ae263114,49ba29f97ee0ad1030fc6ef302f99521e7a9fc8c52d1725ae8a902f8ae263114,833371626b8f7671d1d0fc92e6630861931bc1fffb8c066483973980f1396ffa,833371626b8f7671d1d0fc92e6630861931bc1fffb8c066483973980f1396ffa,False,False,WW,True,True,"[""危险驾驶""]",[],30b5df8876b14b5d49069b50c75c60f2a228bc602603ac7b2d89f7f240e76bf2,30b5df8876b14b5d49069b50c75c60f2a228bc602603ac7b2d89f7f240e76bf2,True,True,"[""572bd76ad3164f6ca6d88d1910edc06b""]","[""cc91bfbfc08a487c95f0e13f2049c698""]"
R4B,score,lawbench_3-3_0364,3968ef908fcf036b4772545490a6f9f98a83daec6b2d8ec23f7d0c2457b50f7d,3968ef908fcf036b4772545490a6f9f98a83daec6b2d8ec23f7d0c2457b50f7d,1fa8857b448c6af9d3c189783a2461bbd10520e3c4b4755cd7f78f2c08166599,1fa8857b448c6af9d3c189783a2461bbd10520e3c4b4755cd7f78f2c08166599,True,True,CC,False,False,"[""放火""]","[""放火""]",e34e3e2d2254afc0540c3faadb9a863936629d178ccf6c122b65d1375bcb7721,e34e3e2d2254afc0540c3faadb9a863936629d178ccf6c122b65d1375bcb7721,True,True,"[""24e2c6cb5e22469abe0467991b8e3e0b""]","[""659863887e614adb9e20ca7db7d6832b""]"
R4B,score,lawbench_3-3_0103,ed2b78e7068720b68043b0ad4ae95f56079f2d694fc4587096d01d60b2d01858,ed2b78e7068720b68043b0ad4ae95f56079f2d694fc4587096d01d60b2d01858,60c36a1c11d7fbbb7fb8696a011886b5263560a27658aaa9a3c8fe31fcf58ea1,60c36a1c11d7fbbb7fb8696a011886b5263560a27658aaa9a3c8fe31fcf58ea1,False,False,WW,True,True,"[""盗窃"", ""非法持有枪支、弹药""]","[""掩饰、隐瞒犯罪所得、犯罪所得收益"", ""盗窃"", ""非法持有、私藏枪支、弹药""]",d0b56fb97b5213621aa1d65b09ae73273270668ca17e3b0ad0c8d320b2c6b2fe,d0b56fb97b5213621aa1d65b09ae73273270668ca17e3b0ad0c8d320b2c6b2fe,True,True,"[""1303164066fd443688a6c13fc7e5c758""]","[""d683b410dbbd4f4bba4a2ce2c3bc24d6""]"
R4B,score,lawbench_3-3_0371,0e2515102b4e948103b40c54b9f36046b90c649533104864a1b8b59180abf578,0e2515102b4e948103b40c54b9f36046b90c649533104864a1b8b59180abf578,bd4f3cc48148953b7d0145b5d90cc86e5c5fb6fbf724b56ee0e8b4c0bb83eb65,bd4f3cc48148953b7d0145b5d90cc86e5c5fb6fbf724b56ee0e8b4c0bb83eb65,True,True,CC,False,False,"[""职务侵占"", ""贪污""]","[""职务侵占"", ""贪污""]",6189c4c1be8cbe51649ee48cdeaa35a62a2bff015caf0cd6565033a6bcd96419,6189c4c1be8cbe51649ee48cdeaa35a62a2bff015caf0cd6565033a6bcd96419,True,True,"[""06019296b3d7450e925294c0ade550e2""]","[""091554d671c74684b940a9951416af05""]"
R4B,score,lawbench_3-3_0266,d7b97d2f3599ddde1451947d403f320d375783cba8f6c89e6f61991a7262d271,d7b97d2f3599ddde1451947d403f320d375783cba8f6c89e6f61991a7262d271,af0199c13c3c3086dd253cbfd3374b97268da9451a881440464272c7f89877af,af0199c13c3c3086dd253cbfd3374b97268da9451a881440464272c7f89877af,True,True,CC,False,False,"[""敲诈勒索""]","[""敲诈勒索""]",ba1418da70eab78c904f1805d6ef8eb8ae9f047e8956a148eabafcc04602e9b2,ba1418da70eab78c904f1805d6ef8eb8ae9f047e8956a148eabafcc04602e9b2,True,True,"[""9de2a39bde3749d9a0826fb04ff15565""]","[""a5045992e6cd4d408782e4ba8f5f70ae""]"
R4B,score,lawbench_3-3_0206,b93ea6b29cebed0d56f961f744bb044ca667ac5068255679cc450abbc8365fdc,b93ea6b29cebed0d56f961f744bb044ca667ac5068255679cc450abbc8365fdc,bf972280b6ed0dbbbb5de5d0474c52544f4e64fc711df213c8b04d43a57a7f93,bf972280b6ed0dbbbb5de5d0474c52544f4e64fc711df213c8b04d43a57a7f93,False,False,WW,True,True,"[""重大责任事故""]","[""指挥他人进行危险作业致人死亡"", ""非法组织""]",dac1338a9af8c5d6132d7e116fb02136064b718a6dd109c55b240437453c5cb4,dac1338a9af8c5d6132d7e116fb02136064b718a6dd109c55b240437453c5cb4,True,True,"[""d335455852fc46dfbff176f92ba36859""]","[""f17ef9f5201e4c5d95206ab0d5d140df""]"
R4B,score,lawbench_3-3_0435,dc9dded99e26052200ec33ca0c132c264192b8931a39590c9b7f8e2413a73c6e,dc9dded99e26052200ec33ca0c132c264192b8931a39590c9b7f8e2413a73c6e,778b581d01609483397b42939b90fef15ef45a0021ddec25d1aa23a4991a8d73,778b581d01609483397b42939b90fef15ef45a0021ddec25d1aa23a4991a8d73,False,False,WW,True,True,"[""受贿""]",[],d24dd0b953f6026ed51174587298b14d4d852075e09d0f48ff4686d3cd8f38bc,d24dd0b953f6026ed51174587298b14d4d852075e09d0f48ff4686d3cd8f38bc,True,True,"[""448e64e92e344df1bf6d3534e8fc66c7""]","[""677110806cd1430fbea9ed13d667d91b""]"
R4B,score,lawbench_3-3_0416,bc13d024a7b68243f5aa9d6c0fac1c552f07e8dbbb28928bded7d2d15a57fc0e,bc13d024a7b68243f5aa9d6c0fac1c552f07e8dbbb28928bded7d2d15a57fc0e,8eb45b3c84c1e61507773733ee7180013b4f12cb3d985e44b4fbc62e15e27e8f,8eb45b3c84c1e61507773733ee7180013b4f12cb3d985e44b4fbc62e15e27e8f,False,False,WW,False,False,"[""出售国家重点保护野生动物"", ""收购"", ""运输"", ""非法捕猎""]","[""出售国家重点保护野生动物"", ""收购"", ""运输"", ""非法捕猎""]",3e601220bbfb42ff106b465c9233f35d615baf5404255a73e12a0e5dce1294b9,3e601220bbfb42ff106b465c9233f35d615baf5404255a73e12a0e5dce1294b9,True,True,"[""b0d04769a73e46e6a91dcfd8f44f9c00""]","[""934045d91fd24426bc556673a313eda6""]"
R4B,score,lawbench_3-3_0147,03ac4108fb21501500471ec75eb6ec73eb2c22f561e3f79b1ad0ca5c70775da3,03ac4108fb21501500471ec75eb6ec73eb2c22f561e3f79b1ad0ca5c70775da3,10273e1430a42cf237b9803bbede3383a05528ab32bffc58269f1aeff8b91980,10273e1430a42cf237b9803bbede3383a05528ab32bffc58269f1aeff8b91980,False,False,WW,False,False,"[""故意伤害""]","[""故意伤害""]",b1a7eb37f69d96acd0d536638f1ed4686845769ec418d38ee3c900d46ab81d83,b1a7eb37f69d96acd0d536638f1ed4686845769ec418d38ee3c900d46ab81d83,True,True,"[""832dd161f5ee43e6aa9e6efda9fada51""]","[""6ec66458dcc7424e926683fe24a1979d""]"
R4B,score,lawbench_3-3_0048,1117768c7f8764e1c9ef62a793d63ccee66f5d8ff6f408e07b6a7aaa7770a831,1117768c7f8764e1c9ef62a793d63ccee66f5d8ff6f408e07b6a7aaa7770a831,4ea2d408fb0711f1aee6abfc4eda9994f8b555230092f7fbe8ae8b98f794fb7c,4ea2d408fb0711f1aee6abfc4eda9994f8b555230092f7fbe8ae8b98f794fb7c,False,False,WW,False,False,"[""盗窃""]","[""盗窃""]",05bf8c60bc36fb06612d486bda613d431e169723557ae7ba3367baa77afde12a,05bf8c60bc36fb06612d486bda613d431e169723557ae7ba3367baa77afde12a,True,True,"[""f0ec92f7c9164e9099130a87d4b28289""]","[""322fce90941a4513b3bd13fa2d6a7a28""]"
R4B,score,lawbench_3-3_0475,5137da01ad08aef76b91da32c866af66ec85a0c6ed285a6e0f506e35f71b02c0,5137da01ad08aef76b91da32c866af66ec85a0c6ed285a6e0f506e35f71b02c0,984d416c9ae410ae2e91aae89b36fa3a462021457af4e491a8b0db2d2dc81193,984d416c9ae410ae2e91aae89b36fa3a462021457af4e491a8b0db2d2dc81193,False,False,WW,False,False,"[""故意伤害"", ""聚众扰乱社会秩序"", ""非法占用农用地""]","[""故意伤害"", ""聚众扰乱社会秩序"", ""非法占用农用地""]",d5e45f01923e2729b6124cce7f298aa30fa5e9bafd9c48372bdb1de763dbc23e,d5e45f01923e2729b6124cce7f298aa30fa5e9bafd9c48372bdb1de763dbc23e,True,True,"[""0b89a14e8a3d4d5aae5d9159ca23cf83""]","[""d2c745245b4e45d7a492f8a5e2380d72""]"
R4B,score,lawbench_3-3_0167,52080745dd356fceceec6e7391ec492ae91cb52d70b2bfe2f32c272016f72b46,52080745dd356fceceec6e7391ec492ae91cb52d70b2bfe2f32c272016f72b46,de4105e3119c1701b77b0c9e29ebe5e823c0b30e9b9d70508d90cb9d8b1d1df9,de4105e3119c1701b77b0c9e29ebe5e823c0b30e9b9d70508d90cb9d8b1d1df9,False,False,WW,True,True,"[""运输毒品"", ""非法运输毒品原植物种子""]","[""运输毒品罪"", ""非法运输毒品原植物种子罪""]",3512ef16c6dc1c9b6c7101c743910547fc02257db24dc99b336cb07e982af5e2,3512ef16c6dc1c9b6c7101c743910547fc02257db24dc99b336cb07e982af5e2,True,True,"[""25cd53644c3b45169799482b7221567f""]","[""b739d9b366024639985a538b8d456bed""]"
R4B,score,lawbench_3-3_0220,dfd3c34a3a56f87570e8bda1bc17f101bdab55f5642675550966715463b87e83,dfd3c34a3a56f87570e8bda1bc17f101bdab55f5642675550966715463b87e83,950f2c0b7082494d496228dbb65203360e772a6c835cd51faa7f82f6d67e74b4,950f2c0b7082494d496228dbb65203360e772a6c835cd51faa7f82f6d67e74b4,True,False,CW,True,True,"[""生产"", ""销售不符合安全标准的食品""]","[""有害食品"", ""生产"", ""销售有毒""]",aab407f901856448d2c9d51271df2b04340e5a655f7688b34518bcb7fe4b9ff8,aab407f901856448d2c9d51271df2b04340e5a655f7688b34518bcb7fe4b9ff8,True,True,"[""30b78e5a510c4b659465bf00b4e03a22""]","[""b4c47efab14c4d1c89d4140f7a67f0e9""]"
R4B,score,lawbench_3-3_0086,595a011e4f3b75130ff1270be6f288858420bd4cddbef48427a7bb9ce92c5672,595a011e4f3b75130ff1270be6f288858420bd4cddbef48427a7bb9ce92c5672,468ecb7f09fc72d2f31aede56e4e8d672ac894dc886496ab4e44f43a9d7ae8fd,468ecb7f09fc72d2f31aede56e4e8d672ac894dc886496ab4e44f43a9d7ae8fd,True,True,CC,False,False,"[""诈骗"", ""非法获取公民个人信息""]","[""诈骗"", ""非法获取公民个人信息""]",88faff2b44c444c26df80d0bdf9245a00dac0ef26c8790fc582c2594768009ab,88faff2b44c444c26df80d0bdf9245a00dac0ef26c8790fc582c2594768009ab,True,True,"[""1e3329a6eb864e9ebb3d5a1eb9d296a4""]","[""f22695d625d44a6785530aff13488214""]"
R4B,score,lawbench_3-3_0104,d5fd84f43b60f75056d852bacad8c23692b7da637269494f4520c0c78d9d3494,d5fd84f43b60f75056d852bacad8c23692b7da637269494f4520c0c78d9d3494,7b7aa84256a1b67948a1369390b7bf0bde9e277f6d2684b611e1cff924ffb265,7b7aa84256a1b67948a1369390b7bf0bde9e277f6d2684b611e1cff924ffb265,False,False,WW,False,False,"[""虚开增值税专用发票罪""]","[""虚开增值税专用发票罪""]",35649a05c5a1096dcab12bfab49bbf228c2b7be1118cdb6741f86cc671ad9038,35649a05c5a1096dcab12bfab49bbf228c2b7be1118cdb6741f86cc671ad9038,True,True,"[""b8f43ea7303d4e709b7b88e1bf4e1df9""]","[""3acd948d76e14a658753e90c69f1204a""]"
R4B,score,lawbench_3-3_0062,add4c33c52f841bb3eda03951719eb40fb999a8626f6754829ab1804541a7e36,add4c33c52f841bb3eda03951719eb40fb999a8626f6754829ab1804541a7e36,cae83db806fee541f720a6752b03ed2cdf9f83ba1ad5fe3651eeb5fda9662fb3,cae83db806fee541f720a6752b03ed2cdf9f83ba1ad5fe3651eeb5fda9662fb3,False,False,WW,False,False,"[""帮助毁灭证据"", ""故意伤害""]","[""帮助毁灭证据"", ""故意伤害""]",d388a7fc62306cefebfb6717ad0bdd48dafa0c141f119668fea40eb9ad6f0f6e,d388a7fc62306cefebfb6717ad0bdd48dafa0c141f119668fea40eb9ad6f0f6e,True,True,"[""3a16e601d9ba4bafb2ae2a37f4031778""]","[""1841bb0071e040a99c8d361565ba6636""]"
R4B,score,lawbench_3-3_0090,fc956cd9362aec8b650c5a7448097a9fcb9401fec689083fd82e5358e5487322,fc956cd9362aec8b650c5a7448097a9fcb9401fec689083fd82e5358e5487322,ac5ec9bd254a912cf0061d63111b1abc84a0c73c4bf0050c2da2953fa80021c4,ac5ec9bd254a912cf0061d63111b1abc84a0c73c4bf0050c2da2953fa80021c4,False,False,WW,True,True,"[""妨害公务"", ""盗窃"", ""破坏交通工具""]","[""盗窃"", ""破坏交通工具""]",35ec0f83b009cdac3291ef799e7521ecbe89ac9066b5a9dd48a2be715f229269,35ec0f83b009cdac3291ef799e7521ecbe89ac9066b5a9dd48a2be715f229269,True,True,"[""bcdd114b16fd49eaabc31cc32c34436f""]","[""3903f43abd4d4292b4da65dc0b7a3893""]"
R4B,score,lawbench_3-3_0221,b967447ec942a5843a64b182476efeb247ab432bdfde4379ac876240690b9506,b967447ec942a5843a64b182476efeb247ab432bdfde4379ac876240690b9506,5a136ef4f2839b810659af0185e11a34345ad4fb5297eefa70834e3da0fffd75,5a136ef4f2839b810659af0185e11a34345ad4fb5297eefa70834e3da0fffd75,True,True,CC,False,False,"[""职务侵占""]","[""职务侵占""]",fdb56dbfa930fd30fde28ba9942cf3dbf7428899deb909d0aad318699c4393d3,fdb56dbfa930fd30fde28ba9942cf3dbf7428899deb909d0aad318699c4393d3,True,True,"[""044a7d743eb648a1bcd83e18c16b5e1b""]","[""756586f5c2fa4f6cbb13a96fc510c347""]"
R4B,score,lawbench_3-3_0247,87f9e6011eca5256f04b8fee2542feccd97bf5fa90b18079ab160ad0e07865aa,87f9e6011eca5256f04b8fee2542feccd97bf5fa90b18079ab160ad0e07865aa,b53680f23abdd239f7f7c8d9d06e88fbc42ced580b5797ac4d7dde3c1bb38367,b53680f23abdd239f7f7c8d9d06e88fbc42ced580b5797ac4d7dde3c1bb38367,False,False,WW,False,False,"[""介绍卖淫"", ""容留"", ""引诱"", ""强迫"", ""组织""]","[""介绍卖淫"", ""容留"", ""引诱"", ""强迫"", ""组织""]",22e5505fc1f4cc91aa9b7bb20fe4b123d1b177d28e4f1eff023fe1904db7c732,22e5505fc1f4cc91aa9b7bb20fe4b123d1b177d28e4f1eff023fe1904db7c732,True,True,"[""036ab1b12b724e4696dfca6fd4496ecf""]","[""5a39be994c374626baf56308d0acac72""]"
R4B,score,lawbench_3-3_0293,c548486f630ff7c6648c64d8b828873887dbed32f4f98396eb019898205f7bfa,c548486f630ff7c6648c64d8b828873887dbed32f4f98396eb019898205f7bfa,db9856e664da20ac1b2ce6c6834fbf40ebbbb71a3305b8540d559d37ae7793e2,db9856e664da20ac1b2ce6c6834fbf40ebbbb71a3305b8540d559d37ae7793e2,True,True,CC,False,False,"[""非法行医""]","[""非法行医""]",22f79ffbb63d2b1efb9e4099766e2f988dff2947168a20c6240e2628df21c0f2,22f79ffbb63d2b1efb9e4099766e2f988dff2947168a20c6240e2628df21c0f2,True,True,"[""117aa26ebf7f4a29b8eb64a0abe91d8d""]","[""6aab33f6ec274f16afa10a79c483bb3c""]"
R4B,score,lawbench_3-3_0146,8026e2819d651e3e7821e65eee1d4df400d0a327ee708f480b961b6205410f75,8026e2819d651e3e7821e65eee1d4df400d0a327ee708f480b961b6205410f75,bec988b183d29c34f58e2d2631f7adcc28a57469a0866ee3a776873155897837,bec988b183d29c34f58e2d2631f7adcc28a57469a0866ee3a776873155897837,False,False,WW,False,False,"[""故意伤害""]","[""故意伤害""]",c5b9fc341e1754986e3c6dc8592f64fcd3ea3627d337318e050a1cfe3d0f5d4d,c5b9fc341e1754986e3c6dc8592f64fcd3ea3627d337318e050a1cfe3d0f5d4d,True,True,"[""b9328334de7f42a2b332ea4d46c0a5bb""]","[""e176d90ffd594b56857ad04ff42d6463""]"
R4B,score,lawbench_3-3_0477,6b8f1b53b0fb1ecc52d21b3810b3a265ecd93f59f6ecba77f9d8f8b3c8a096ba,6b8f1b53b0fb1ecc52d21b3810b3a265ecd93f59f6ecba77f9d8f8b3c8a096ba,976db1ef519dfd75ba6b40c7db700d7ce3358256085a3de932fd127b8e4e74db,976db1ef519dfd75ba6b40c7db700d7ce3358256085a3de932fd127b8e4e74db,False,False,WW,False,False,"[""拐卖妇女""]","[""拐卖妇女""]",992093983010d9b470a24bb7fea880f58cc3ad6c2609d81924a9ec3b85f7cd86,992093983010d9b470a24bb7fea880f58cc3ad6c2609d81924a9ec3b85f7cd86,True,True,"[""b5a322586f8a4e689abed8ad45a0112f""]","[""bc6cae524e854664b567c99f03d3f44e""]"
R4B,score,lawbench_3-3_0384,03b4784cf8220a0d0e6f8b10a33731384b349bcd38c3437c3ec489eac5d098e9,03b4784cf8220a0d0e6f8b10a33731384b349bcd38c3437c3ec489eac5d098e9,ca4fd2874158585382e29fb08c8f089bc8a756bddbcf94d8a412f6b179b1ba29,ca4fd2874158585382e29fb08c8f089bc8a756bddbcf94d8a412f6b179b1ba29,False,False,WW,True,True,"[""容留他人卖淫""]","[""容留卖淫""]",aefa8f20186032f66bbbe1dc097bacf2407a8acf02647c249bf745e343b67888,aefa8f20186032f66bbbe1dc097bacf2407a8acf02647c249bf745e343b67888,True,True,"[""ee9d8d055e1e498dadb6cfd8649e9eb4""]","[""c441bf2bab034db39eca40b0219f276f""]"
R4B,score,lawbench_3-3_0307,9624d86ad8b71a3708b7e3123691ee87c35261fbc7ec07d65ca1318771ef1076,9624d86ad8b71a3708b7e3123691ee87c35261fbc7ec07d65ca1318771ef1076,36fc3634a905c4361e26b7c6d0d50db1e5850b8f6092493d1321726819335373,36fc3634a905c4361e26b7c6d0d50db1e5850b8f6092493d1321726819335373,True,True,CC,False,False,"[""组织"", ""领导传销活动""]","[""组织"", ""领导传销活动""]",469669d2d2bfcc5e49f012cbfc873a77a7ec30e47acab47cfbb983af80a1dadd,469669d2d2bfcc5e49f012cbfc873a77a7ec30e47acab47cfbb983af80a1dadd,True,True,"[""b0a2ae956e7145dd860994e3084f8033""]","[""be5bdafe511b4417a7d7083c4a3f92b2""]"
R4B,score,lawbench_3-3_0452,39eacfa7ce518f168329815619ca5809ce67324dcbdd929737f73094b287ca04,39eacfa7ce518f168329815619ca5809ce67324dcbdd929737f73094b287ca04,84f8082dd78f767091622e26008d7199d117dbe7a1876e1df2cfc68f9a9d3077,84f8082dd78f767091622e26008d7199d117dbe7a1876e1df2cfc68f9a9d3077,True,True,CC,False,False,"[""非法捕捞水产品""]","[""非法捕捞水产品""]",e77abad1b909ee88127da2f316a6caaf71582a9d9af3c3c7e187fb4a8c5621d9,e77abad1b909ee88127da2f316a6caaf71582a9d9af3c3c7e187fb4a8c5621d9,True,True,"[""157733c5c4df423cb75590d1d23a857b""]","[""0defad70a9d64e82b3875daf50e98b20""]"
R4B,score,lawbench_3-3_0495,1e615e35405ea6b21d2df032a3a5c09f3b063cc2e9dd280f7b49767d258b8cf1,1e615e35405ea6b21d2df032a3a5c09f3b063cc2e9dd280f7b49767d258b8cf1,5ab1599811572bd0933a1e52b798c8881d3b7c3037d98865072ae41ba0d9fd14,5ab1599811572bd0933a1e52b798c8881d3b7c3037d98865072ae41ba0d9fd14,False,False,WW,True,True,"[""假冒注册商标的商品""]","[""侵犯商标权""]",ee9d8cd0efb3ddf067bb9a74a168ccc880770ac86f0d799d5b9df1cf469ec03b,ee9d8cd0efb3ddf067bb9a74a168ccc880770ac86f0d799d5b9df1cf469ec03b,True,True,"[""e3db350f79844f9bb5e310852fc1b3ab""]","[""acff19c527ad4949abf72bcdf3b0c022""]"
R4B,score,lawbench_3-3_0105,45a12c1113d07817ef27673f5d95ec09e2e154f072b48a66ad665dbcfd328981,45a12c1113d07817ef27673f5d95ec09e2e154f072b48a66ad665dbcfd328981,403181e54142f7968f77a4537450e90de133afefafa72e4f600de0f568e4111b,403181e54142f7968f77a4537450e90de133afefafa72e4f600de0f568e4111b,False,False,WW,False,False,"[""伪造金融票证"", ""诈骗""]","[""伪造金融票证"", ""诈骗""]",1f31c9c2fa1334bf0fba93b46eef62186d9c25425632d5c6f589136f135806b7,1f31c9c2fa1334bf0fba93b46eef62186d9c25425632d5c6f589136f135806b7,True,True,"[""af5ee9e636f946f5a805d34c21c49263""]","[""31bdca0da25f46a3823a8f231b17f830""]"
R4B,score,lawbench_3-3_0113,c3f404eb71c4343187033a9b5e7cbe08cf7f423b89e1d20b0a697866d502effa,c3f404eb71c4343187033a9b5e7cbe08cf7f423b89e1d20b0a697866d502effa,d4d91cbe15e835c82777c314584f3c2d450308a35de49ef6030d1dfd7e1c1826,d4d91cbe15e835c82777c314584f3c2d450308a35de49ef6030d1dfd7e1c1826,False,False,WW,True,True,"[""收买"", ""非法提供他人信用卡信息罪""]","[""收买"", ""非法提供他人信用卡信息""]",041d18a6bcf9c10b3fc46d264f705295b16f90ec09db0f4e0b708bbf64fba113,041d18a6bcf9c10b3fc46d264f705295b16f90ec09db0f4e0b708bbf64fba113,True,True,"[""b5e2b49b77e446b1be1ca278f0f2474f""]","[""224fc7239d664e1db426adcc0a48bc63""]"
R4B,score,lawbench_3-3_0218,4f106e0093d0126d49ef27834f7c0f20794755687ccbf1ee85164bfe4395cff3,4f106e0093d0126d49ef27834f7c0f20794755687ccbf1ee85164bfe4395cff3,88f53d63a142545a75c6b8c04f23c1887596c84b4b43ae2c0e15799fa023e92e,88f53d63a142545a75c6b8c04f23c1887596c84b4b43ae2c0e15799fa023e92e,False,False,WW,False,False,[],[],7179fae76027f7a80e19eaf771d60bcd86ba662b4bf93b3c59539ad387fc363a,7179fae76027f7a80e19eaf771d60bcd86ba662b4bf93b3c59539ad387fc363a,True,True,"[""34ee3ceed67d48f8b2af2692be5e605d""]","[""7152ecf79dc64dd297625313779ceb2a""]"
R4B,score,lawbench_3-3_0493,fbeee3eacf53f2771662366a5b3e5939f9a932cfc612df17878613769e02e472,fbeee3eacf53f2771662366a5b3e5939f9a932cfc612df17878613769e02e472,b80cda740c5c78e88bdda3d991e443edb1f95ab358c320c8b6e8efade0e22c50,b80cda740c5c78e88bdda3d991e443edb1f95ab358c320c8b6e8efade0e22c50,False,True,WC,True,True,"[""侮辱"", ""故意伤害""]","[""侮辱""]",a2f601fb0c618514e28991f248e3f4ac6e9f98eef7f9806bceb313298d664059,a2f601fb0c618514e28991f248e3f4ac6e9f98eef7f9806bceb313298d664059,True,True,"[""e36b55873e3e448fb749e1159e38e9d6""]","[""b7d14503a3e64bfbbeecee35d0b99084""]"
R4B,score,lawbench_3-3_0378,170f605558cb4a997fb05010d6f66c2c501ff8871ad79ca4b7c823b043d254cc,170f605558cb4a997fb05010d6f66c2c501ff8871ad79ca4b7c823b043d254cc,e065f16a85f97733e6820469ed4a8db56caccbed4086f24016660942f0962f00,e065f16a85f97733e6820469ed4a8db56caccbed4086f24016660942f0962f00,False,False,WW,True,True,"[""交通肇事""]","[""交通肇事罪""]",fd092bddfabb9bd7563f937274cd53b82c18dcc8351afa7825f2b34bb60c6d18,fd092bddfabb9bd7563f937274cd53b82c18dcc8351afa7825f2b34bb60c6d18,True,True,"[""d2503b0e4d72494caba2954061f0c55a""]","[""c4351152edb54d1288eb72b6027db1e6""]"
R4B,score,lawbench_3-3_0446,c4377cb27cc048600a50bd7bafd00d6f483f770924f0083913dea31e2bae4658,c4377cb27cc048600a50bd7bafd00d6f483f770924f0083913dea31e2bae4658,d4894bf9ddbf3e81e650ea8f8a5415e838847053d72c9db9a20cde640d35272d,d4894bf9ddbf3e81e650ea8f8a5415e838847053d72c9db9a20cde640d35272d,False,False,WW,True,True,"[""非法狩猎""]",[],f68a25893576487fef35931d73be39f88b40cdf8e42049e068f6d8a14a44179f,f68a25893576487fef35931d73be39f88b40cdf8e42049e068f6d8a14a44179f,True,True,"[""8954397c3efa4371bb06048ab19cf8d8""]","[""fd7a552ea610491fb8ac2cd4de1196d4""]"
R4B,score,lawbench_3-3_0254,4059a9f0fa1be2223519295b652202d596a543288c17c9f630df9dd2cd1627e1,4059a9f0fa1be2223519295b652202d596a543288c17c9f630df9dd2cd1627e1,418bfa06eed1a515f647fa1728a57a19a1f2369cf6e45769b2ac841f8ccb44fe,418bfa06eed1a515f647fa1728a57a19a1f2369cf6e45769b2ac841f8ccb44fe,True,True,CC,False,False,"[""故意毁坏财物""]","[""故意毁坏财物""]",47082af966017501240e2677334c2d3bcea4fdacec717b0c74337eb9025b6671,47082af966017501240e2677334c2d3bcea4fdacec717b0c74337eb9025b6671,True,True,"[""fdf5aa964bab4908b432f540549b663f""]","[""a668310637b948988cae9003d31c746d""]"
R4B,score,lawbench_3-3_0019,5dcf75f9b1852a40544cde6d81f78388d5d7257df094034a312ccd53cfd5c33d,5dcf75f9b1852a40544cde6d81f78388d5d7257df094034a312ccd53cfd5c33d,49055036ce66ae21270dc105d06468dcd13aa66f8164ff881d92cc15b6f08f81,49055036ce66ae21270dc105d06468dcd13aa66f8164ff881d92cc15b6f08f81,False,False,WW,False,False,"[""故意伤害""]","[""故意伤害""]",e8a5e15fefa834e33c9da3445b2bb41e2525755f581b8f5e0248e667cb3efc64,e8a5e15fefa834e33c9da3445b2bb41e2525755f581b8f5e0248e667cb3efc64,True,True,"[""7468e425760e415d91f7c6eb2a6500d8""]","[""86e7ca83b2e64423a6ce836c0c3ffcab""]"
R4B,score,lawbench_3-3_0402,185bcf2bb5e460e7bd0b6f0a7f916686cff65f71ea3e7b1b3b02ed063f321d49,185bcf2bb5e460e7bd0b6f0a7f916686cff65f71ea3e7b1b3b02ed063f321d49,18b46721de35eea17ac5aebf692eb9d475b60022ba09bfa57fad5e0a679914e0,18b46721de35eea17ac5aebf692eb9d475b60022ba09bfa57fad5e0a679914e0,False,False,WW,True,True,"[""放火""]","[""过失放火""]",5e33e3442cd79b729bb1f6b32d18ed3c68272b51995cb7d97469d4ce317a78c1,5e33e3442cd79b729bb1f6b32d18ed3c68272b51995cb7d97469d4ce317a78c1,True,True,"[""c6c5831f45c648daafdd77349212c304""]","[""1ca338ddd8664ef983d6efa65c250d3f""]"
R4B,score,lawbench_3-3_0116,a53f065e126d3881eb7ccde2f374c5b3998efd40f7ecb3002b99627627f84d48,a53f065e126d3881eb7ccde2f374c5b3998efd40f7ecb3002b99627627f84d48,b303480c6d33b5466909433da525918489d5ae4b7158177f1e59af6a9c731ea9,b303480c6d33b5466909433da525918489d5ae4b7158177f1e59af6a9c731ea9,False,False,WW,False,False,"[""诈骗""]","[""诈骗""]",546c53425a4b68302adc876ebae9380a7bffe1624314782e4ccb902aaf75660c,546c53425a4b68302adc876ebae9380a7bffe1624314782e4ccb902aaf75660c,True,True,"[""81d00d99d0264b6ab9fe4822bd701115""]","[""f34674ce1cf74e85b00b1a5d161dc6ea""]"
R4B,score,lawbench_3-3_0150,ff38a12e0497c58b8f4399e777faaafafde877c28746a33e878c85da7a6a9a25,ff38a12e0497c58b8f4399e777faaafafde877c28746a33e878c85da7a6a9a25,9f704727cb6517325c12358950414bd7be22aaba7bad0370d74f8afeecbed89f,9f704727cb6517325c12358950414bd7be22aaba7bad0370d74f8afeecbed89f,False,False,WW,False,False,"[""诈骗"", ""非法买卖文物""]","[""诈骗"", ""非法买卖文物""]",2ba2b3f451ef0926ad6f31c5a36caaaaaa14a994514b3b5a4462002dc0467dc4,2ba2b3f451ef0926ad6f31c5a36caaaaaa14a994514b3b5a4462002dc0467dc4,True,True,"[""5aaea95868f44ddd865161b09e5eeeec""]","[""fd5fd2311c8d4aefa5bcf5e2cc09efed""]"
R4B,score,lawbench_3-3_0052,6781b9a35ca59ddced8e5be318fa97025c2ad2c49bf7da5a2196bc159d56e4d5,6781b9a35ca59ddced8e5be318fa97025c2ad2c49bf7da5a2196bc159d56e4d5,d38c6726895c1f554e3c44903ae6c6517b88dff6353e4564cb92398a2df0f98f,d38c6726895c1f554e3c44903ae6c6517b88dff6353e4564cb92398a2df0f98f,False,False,WW,False,False,"[""伪造武装部队证件罪"", ""非法使用武装部队专用标志罪""]","[""伪造武装部队证件罪"", ""非法使用武装部队专用标志罪""]",e2748bda806ea42f9ac01d08b995996bdabfdacacd5b493eb6337f4e63ad215a,e2748bda806ea42f9ac01d08b995996bdabfdacacd5b493eb6337f4e63ad215a,True,True,"[""6f6684b46d394eba8bdae7b97c54f485""]","[""702c6b6a7b994c01af34d72aa93b623a""]"
R4B,score,lawbench_3-3_0063,e50aa40263dde57219978c0c5b0f0be4310cc981578f92b95fad491af6081497,e50aa40263dde57219978c0c5b0f0be4310cc981578f92b95fad491af6081497,1f85f8038d4e74285a6b6044c4d94b5e52cb030847c9a16fdd728858dcb3477d,1f85f8038d4e74285a6b6044c4d94b5e52cb030847c9a16fdd728858dcb3477d,False,False,WW,True,True,"[""放火罪"", ""故意伤害""]","[""危害公共安全罪未遂"", ""故意伤害罪""]",dc3e1567a5888d9527ddf3876e52c4f19ab8756f7fdee36bf2e8a1b35e487674,dc3e1567a5888d9527ddf3876e52c4f19ab8756f7fdee36bf2e8a1b35e487674,True,True,"[""5f0e1a22285d4795b138521875b540e4""]","[""a2167be574db4e958373c7e715d1bcb4""]"
R4B,score,lawbench_3-3_0470,3a82aa48348b525649a732a417fac02c2c67ae5c0546519a970b07e86d36c763,3a82aa48348b525649a732a417fac02c2c67ae5c0546519a970b07e86d36c763,abc46a80162d551cb578fc8d66ddb14c8571773b56db1018bc47809e368b0306,abc46a80162d551cb578fc8d66ddb14c8571773b56db1018bc47809e368b0306,True,True,CC,False,False,"[""抢劫"", ""故意毁坏财物""]","[""抢劫"", ""故意毁坏财物""]",c7831f389ac59df3c9bae3e574017e358b693ade84eb596ec563107d1c2133bc,c7831f389ac59df3c9bae3e574017e358b693ade84eb596ec563107d1c2133bc,True,True,"[""1a006682bc75450a8d966f4f7d493ffd""]","[""8c3ff010b2d64e38b88718e6fffc90ab""]"
R4B,score,lawbench_3-3_0376,14cc20baf6c11acb5091d1b2467a6c608e808be0b3a5dd1e7ae8302bbdc9b6b3,14cc20baf6c11acb5091d1b2467a6c608e808be0b3a5dd1e7ae8302bbdc9b6b3,418bfa06eed1a515f647fa1728a57a19a1f2369cf6e45769b2ac841f8ccb44fe,418bfa06eed1a515f647fa1728a57a19a1f2369cf6e45769b2ac841f8ccb44fe,False,True,WC,True,True,"[""故意毁坏公私财物""]","[""故意毁坏财物""]",c945efd7f7b7ab25a77db1670eddaec9fd0beb5f9667cc59a3e474030e7a347e,c945efd7f7b7ab25a77db1670eddaec9fd0beb5f9667cc59a3e474030e7a347e,True,True,"[""daf593d0cd464069905a2c1e0cc43341""]","[""80762e32b1dc42c68499b8688a6c7980""]"
R4B,score,lawbench_3-3_0357,e724b5ffd1b9420e2eb11e1ec49c2fa1001b52144239432cbf56b12a037caf20,e724b5ffd1b9420e2eb11e1ec49c2fa1001b52144239432cbf56b12a037caf20,18b46721de35eea17ac5aebf692eb9d475b60022ba09bfa57fad5e0a679914e0,18b46721de35eea17ac5aebf692eb9d475b60022ba09bfa57fad5e0a679914e0,False,False,WW,True,True,"[""过失放火""]","[""过失引起火灾""]",42a4fd059ad322713a73faa6b052f72b185d1ab159940dd5dea55acbe2e5043d,42a4fd059ad322713a73faa6b052f72b185d1ab159940dd5dea55acbe2e5043d,True,True,"[""63ca981bd5bd4b6f9bf1b1c510e908a5""]","[""e531d57ddd104bb8bbf76e5803899d44""]"
R4B,score,lawbench_3-3_0290,53ef8c65a0c358d679c5aa63c209d2fd7bc283ea730ce6fded0461a59f25f631,53ef8c65a0c358d679c5aa63c209d2fd7bc283ea730ce6fded0461a59f25f631,5e3a500d57c05a9a1c41c3dfcb722002bbd4de0182ae6028a03417b1f5b8edef,5e3a500d57c05a9a1c41c3dfcb722002bbd4de0182ae6028a03417b1f5b8edef,True,True,CC,False,False,"[""受贿""]","[""受贿""]",25f91ea8ff828728cf090ab25a7f60d9879c0606bcde920f4876878b8ffb78a3,25f91ea8ff828728cf090ab25a7f60d9879c0606bcde920f4876878b8ffb78a3,True,True,"[""b21018f315524b80af6fbc6f2c374efd""]","[""4f1932487f97484da957d6c6aa237bec""]"
R4B,score,lawbench_3-3_0166,c2552cbcc02cedc7fc6bf851bd8b82a37514e6fe36014dc9b3edc0e99515a7bc,c2552cbcc02cedc7fc6bf851bd8b82a37514e6fe36014dc9b3edc0e99515a7bc,6c098d12593c6465f2f89e75bb08c6c258e39a3f996dad275fff88c6bf73c28a,6c098d12593c6465f2f89e75bb08c6c258e39a3f996dad275fff88c6bf73c28a,False,False,WW,False,False,"[""徇私枉法罪"", ""贩卖毒品罪""]","[""徇私枉法罪"", ""贩卖毒品罪""]",85343029382eff5a995fc664583e5e1f848098ddc8ff8ea531c67327ad09f22d,85343029382eff5a995fc664583e5e1f848098ddc8ff8ea531c67327ad09f22d,True,True,"[""0323ee3621fc489cb42c1f311e67223a""]","[""059092041205471fa9e2ac3d543c7ff3""]"
R4B,score,lawbench_3-3_0003,5d39d9fe835ff0bda82e4da2116253091e183d3fac83d12f895411e6e62c3dd2,5d39d9fe835ff0bda82e4da2116253091e183d3fac83d12f895411e6e62c3dd2,63c9e5fd614ee2ebe69f0b38bf66895f98807dcc2a0f3b3c77723b50c8cd5a55,63c9e5fd614ee2ebe69f0b38bf66895f98807dcc2a0f3b3c77723b50c8cd5a55,True,True,CC,False,False,"[""诈骗""]","[""诈骗""]",fc7586c958428091b1b64abbecf1a22ae7b0b45e55649a7f3c31bc28cf1c7290,fc7586c958428091b1b64abbecf1a22ae7b0b45e55649a7f3c31bc28cf1c7290,True,True,"[""3b1fc985d89647ae9ad3e0183455caee""]","[""16fce8645223468fa36b272d965e2a1d""]"
R4B,score,lawbench_3-3_0366,3262b677d5e4804a41556a55439225e608a998687ac11efe4d5a633e9b336b57,3262b677d5e4804a41556a55439225e608a998687ac11efe4d5a633e9b336b57,f6ca89b7ad91575eb6477b2bd8949c1cf659eec64c36b6c608c5acac97f2f6e4,f6ca89b7ad91575eb6477b2bd8949c1cf659eec64c36b6c608c5acac97f2f6e4,False,False,WW,True,True,"[""侵犯注册商标专用权""]",[],39cd57a5fc07a91690391b753b3ccc23e8366d446ecef25b29e6f4005b7bda0d,39cd57a5fc07a91690391b753b3ccc23e8366d446ecef25b29e6f4005b7bda0d,True,True,"[""f106b4beeabf4b71ab3fc9f2ceff8eb8""]","[""c2d1b322cc7744d688e36b9362202f06""]"
R4B,score,lawbench_3-3_0274,cf0ae0b1a5a968e9c05e553bc9f204fe272c9e6e7bafa8e4bd7c0095d3259e3c,cf0ae0b1a5a968e9c05e553bc9f204fe272c9e6e7bafa8e4bd7c0095d3259e3c,d394ca9e19451b8adf223f1547a23fcd577a36feefc75a3125b2f84dddedf127,d394ca9e19451b8adf223f1547a23fcd577a36feefc75a3125b2f84dddedf127,False,False,WW,False,False,"[""非法种植罂粟""]","[""非法种植罂粟""]",d2e50d291d776573895703c8d3d1288946db41b5305a531847cee8002d6d1479,d2e50d291d776573895703c8d3d1288946db41b5305a531847cee8002d6d1479,True,True,"[""4c7b7a776ff845dd9650ca6310d2c580""]","[""e5e3594c6d98499fb90eb4fe4b5d339c""]"
R4B,score,lawbench_3-3_0107,64f9b186466deee39c3bdb3a526db221704212055fee884873a2c5def901afcb,64f9b186466deee39c3bdb3a526db221704212055fee884873a2c5def901afcb,5e31e79a8bb85c816ce312ec5412344001dce235d8671e6ecf07338e2ff18ec4,5e31e79a8bb85c816ce312ec5412344001dce235d8671e6ecf07338e2ff18ec4,False,False,WW,True,True,[],"[""诈骗罪"", ""非法提供电信服务罪""]",b47bd691c32930d817a1152db4c1e9715e162ea4ff07bc3d2f033a829fcd1fe4,b47bd691c32930d817a1152db4c1e9715e162ea4ff07bc3d2f033a829fcd1fe4,True,True,"[""23f8c133fab64bb28324a9f6eba159c6""]","[""15c167e440954824997f7bf32cf6bccc""]"
R4B,score,lawbench_3-3_0013,d7e5f7ea36782e4b2742de6d82357f76fe82852c27447aefa39b8116a53d703e,d7e5f7ea36782e4b2742de6d82357f76fe82852c27447aefa39b8116a53d703e,5a136ef4f2839b810659af0185e11a34345ad4fb5297eefa70834e3da0fffd75,5a136ef4f2839b810659af0185e11a34345ad4fb5297eefa70834e3da0fffd75,False,False,WW,True,True,"[""盗窃""]",[],044eace0d947be5216d0cf4fad81d0e463e80e0bac107a7fd492a3f2f7862bb2,044eace0d947be5216d0cf4fad81d0e463e80e0bac107a7fd492a3f2f7862bb2,True,True,"[""3a04e05575004a0b871f6ddd2b5940e2""]","[""a4c7233a889b4bdba9e08a5368a3cbf7""]"
R4B,score,lawbench_3-3_0311,a3017ba9ebb3adf0bc21fc37b8af89bb187ae1ebdd5f24be5d43ada9d9d32803,a3017ba9ebb3adf0bc21fc37b8af89bb187ae1ebdd5f24be5d43ada9d9d32803,4455568ffa35b249a428af335cabcb3311509961baf257264d61631868770b06,4455568ffa35b249a428af335cabcb3311509961baf257264d61631868770b06,False,False,WW,True,True,"[""贩卖淫秽物品""]","[""传播淫秽物品""]",21be98b5769a58d30b80cdfbd28bd2d72958a7716f371359de2b3b8d43b3a369,21be98b5769a58d30b80cdfbd28bd2d72958a7716f371359de2b3b8d43b3a369,True,True,"[""fd2ad6321bb141d9aba89001800826b1""]","[""c3da64b098924b8a9c7939e1c316da7d""]"
R4B,score,lawbench_3-3_0438,2f3e4b44724c828b0f9157d04d813785dc061d813ad0f9bf4a748b7c37035b87,2f3e4b44724c828b0f9157d04d813785dc061d813ad0f9bf4a748b7c37035b87,1f2be6c0b3fd65188bf901c525b5d164fd86cbeb04ed58f36512aca0682fc92d,1f2be6c0b3fd65188bf901c525b5d164fd86cbeb04ed58f36512aca0682fc92d,False,False,WW,False,False,"[""虚开增值税普通发票""]","[""虚开增值税普通发票""]",1d605f0611ac45eae59942689fae1e8b38a0ae5138484db42d1117c61731feb6,1d605f0611ac45eae59942689fae1e8b38a0ae5138484db42d1117c61731feb6,True,True,"[""8c2449b1735b4d9093ccd3f3e9f2515b""]","[""389a1ca0ac0f4fdfb8b543122e03c641""]"
R4B,score,lawbench_3-3_0035,66de5db6ba98d1ca25e63e99fa6ecebe9ad7474a151acc8a2a2db83ed91a5a41,66de5db6ba98d1ca25e63e99fa6ecebe9ad7474a151acc8a2a2db83ed91a5a41,010505a9d6ad5542742e578ad23b093bbc81841e6f70a0c1b096af13abb4f0bb,010505a9d6ad5542742e578ad23b093bbc81841e6f70a0c1b096af13abb4f0bb,False,False,WW,True,True,[],"[""未指明""]",70be9f278ec7edf21129b3578aff921b795c86915c09ad4ed72a6ec9dc5f1dcb,70be9f278ec7edf21129b3578aff921b795c86915c09ad4ed72a6ec9dc5f1dcb,True,True,"[""55575db5ddfc46bc8418137bf9359579""]","[""ee85dc821f4043fb90d492199c7dbbac""]"
R4B,score,lawbench_3-3_0298,6bb492e13f6ad6f526a6f68cb6e56585f1fd727b192ecc3533fa75cd8f0c133f,6bb492e13f6ad6f526a6f68cb6e56585f1fd727b192ecc3533fa75cd8f0c133f,1356e4e1693d647390e5bfa76e1a28846f8f8b515c8ce660c31cb65742e41fb4,1356e4e1693d647390e5bfa76e1a28846f8f8b515c8ce660c31cb65742e41fb4,True,True,CC,False,False,"[""生产"", ""销售假药""]","[""生产"", ""销售假药""]",d09de2af1420a3dae6a5b36252eaf2cc0c085866a1706603b00f2a2fa7e92b24,d09de2af1420a3dae6a5b36252eaf2cc0c085866a1706603b00f2a2fa7e92b24,True,True,"[""4fae48feb870476a8daba1321e1b9d93""]","[""030ada64c8ba4c4e9fa855be1fd4be86""]"
R4B,score,lawbench_3-3_0204,6e446d66b8fb655e2942f869a50a2ce9592635e179cbb162e156060b3fc76e7b,6e446d66b8fb655e2942f869a50a2ce9592635e179cbb162e156060b3fc76e7b,c3ad9a3e9297fb2febf7e4b3221ba59cfdc17711c0649c3d8c4274b6bec6eb09,c3ad9a3e9297fb2febf7e4b3221ba59cfdc17711c0649c3d8c4274b6bec6eb09,False,False,WW,False,False,[],[],78aae9fe319430aaf1cb1d7f711dda395c66441df8b0c8d51fbac41a525133f4,78aae9fe319430aaf1cb1d7f711dda395c66441df8b0c8d51fbac41a525133f4,True,True,"[""e55adbe634c1464e9c136252ab814951""]","[""35962baa5ded462aabb4a44b2f9c74d5""]"
R4B,score,lawbench_3-3_0236,22f2f22072d56687b7dd17cf9cf03dedf6ecad7dc233e4bdd2c3ba614ecf2e60,22f2f22072d56687b7dd17cf9cf03dedf6ecad7dc233e4bdd2c3ba614ecf2e60,af0199c13c3c3086dd253cbfd3374b97268da9451a881440464272c7f89877af,af0199c13c3c3086dd253cbfd3374b97268da9451a881440464272c7f89877af,False,False,WW,False,False,"[""敲诈勒索"", ""非法拘禁""]","[""敲诈勒索"", ""非法拘禁""]",90ce9c92461b881db6824fdd2f12bdea80bb4f591e560f31d3d6d7d682d2b841,90ce9c92461b881db6824fdd2f12bdea80bb4f591e560f31d3d6d7d682d2b841,True,True,"[""3fae6d2d417b466084d63ac629aac719""]","[""9242923b05764cf09aebf8acbb6b8e43""]"
R4B,score,lawbench_3-3_0258,023d576c7aeef4ce5ef1da8b37ba19af209a6d8d904e53ab268da9f69766e82b,023d576c7aeef4ce5ef1da8b37ba19af209a6d8d904e53ab268da9f69766e82b,418bfa06eed1a515f647fa1728a57a19a1f2369cf6e45769b2ac841f8ccb44fe,418bfa06eed1a515f647fa1728a57a19a1f2369cf6e45769b2ac841f8ccb44fe,True,True,CC,False,False,"[""故意毁坏财物""]","[""故意毁坏财物""]",6bb7ee72347d601992eb4e907bb2e1d5addc13724846f96a0a44f99defe1a10b,6bb7ee72347d601992eb4e907bb2e1d5addc13724846f96a0a44f99defe1a10b,True,True,"[""d84cdfe725c34046a7fbee9bb1461449""]","[""a7dba5734bf24f059c209d63d0bf7c0c""]"
R4B,score,lawbench_3-3_0194,230082edd5dfdf57d1804f3db3f29a121f4dde65335c9dcca8c754bcd7035cb3,230082edd5dfdf57d1804f3db3f29a121f4dde65335c9dcca8c754bcd7035cb3,13e429ed600938ef9a26241d61e32b805a2c3cdc5cfe657ecf7c02b38e652999,13e429ed600938ef9a26241d61e32b805a2c3cdc5cfe657ecf7c02b38e652999,False,False,WW,True,True,"[""受贿"", ""挪用公款"", ""掩饰、隐瞒犯罪所得、犯罪所得收益""]","[""受贿"", ""挪用公款"", ""收受巨额财产来源不明""]",880eef2ef57abc532ba58be786c0e93cdd932a25ec65e26d0284f63422a8da79,880eef2ef57abc532ba58be786c0e93cdd932a25ec65e26d0284f63422a8da79,True,True,"[""b42c2760eb7446e1a56c8f6f94d02447""]","[""ac98fdea13264c64ba5bcf95cf58aa0d""]"
R4B,score,lawbench_3-3_0332,001165ba985a342f558a5d714507278df0a9ae83edd8553203a6d7a2435a3c25,001165ba985a342f558a5d714507278df0a9ae83edd8553203a6d7a2435a3c25,8209291a6b1d0fa60478c6463467cefe4e730b6fb2a3e00535ec5b052681a78e,8209291a6b1d0fa60478c6463467cefe4e730b6fb2a3e00535ec5b052681a78e,False,False,WW,False,False,"[""盗窃""]","[""盗窃""]",91aa7f3161d3eb178fa025f37bef91c77298f929c5ed4b1791fc5d40870bdb81,91aa7f3161d3eb178fa025f37bef91c77298f929c5ed4b1791fc5d40870bdb81,True,True,"[""680e98e6a95e4ebc9350353b0e4afb0c""]","[""7514fc57e5d24e08ba4ea9a0156101c0""]"
R4B,score,lawbench_3-3_0183,dc1ddced93963bb07d9ad5d3caba186f72ba659b817a3e2219027ffd6aec0c4b,dc1ddced93963bb07d9ad5d3caba186f72ba659b817a3e2219027ffd6aec0c4b,263c6c15cfe5eae5dc85e68c08f3ec23d7cac0f419a4250f0bd5eac311d5e13e,263c6c15cfe5eae5dc85e68c08f3ec23d7cac0f419a4250f0bd5eac311d5e13e,False,False,WW,True,True,"[""公用电信设施"", ""破坏广播电视设施""]","[""过失损坏公用电信设施""]",5db8ccaa2af50ad013142ab05cd255d4699cb0d625afc38f86b50e5f6d7254cf,5db8ccaa2af50ad013142ab05cd255d4699cb0d625afc38f86b50e5f6d7254cf,True,True,"[""d99170be3f72490cbefacd8142e40cf8""]","[""c6a418e1675044daa778d81da5ce024b""]"
R4B,score,lawbench_3-3_0338,5d322120ac9efe6902d5fd20f3fc3fbb4c31f90a82e5a60a07012d26f9980819,5d322120ac9efe6902d5fd20f3fc3fbb4c31f90a82e5a60a07012d26f9980819,cae54507b26c86c54cb927f63da2e1e67782d65f3aa79ae784eabfeb51d79856,cae54507b26c86c54cb927f63da2e1e67782d65f3aa79ae784eabfeb51d79856,False,True,WC,True,True,"[""故意伤害"", ""窝藏、包庇""]","[""包庇"", ""窝藏""]",d8973c098e82ba82ce59e2e3e9c5b86fdc6a9ca3a8e58be53569e777bf3b9a97,d8973c098e82ba82ce59e2e3e9c5b86fdc6a9ca3a8e58be53569e777bf3b9a97,True,True,"[""521d9ee0914a4621ab010a30782c8a24""]","[""7e08bc1635e843d08ba852be032deff0""]"
R4B,score,lawbench_3-3_0176,0f91731440555aa70e17946f6485bc2520424280f6ce01f19543633975e43db6,0f91731440555aa70e17946f6485bc2520424280f6ce01f19543633975e43db6,a34acc08ee540d81ccce0a7f764f6e2975e1c6396f1d50f4ff567adbfa6c1c70,a34acc08ee540d81ccce0a7f764f6e2975e1c6396f1d50f4ff567adbfa6c1c70,False,False,WW,False,False,"[""遗弃罪""]","[""遗弃罪""]",e4f966e1fa441f5c822cbee97e912af8035a0f30d7103d76113bccc9bec15aa2,e4f966e1fa441f5c822cbee97e912af8035a0f30d7103d76113bccc9bec15aa2,True,True,"[""828671a83cca4f9a8faa6446033491cd""]","[""ab5456256c2744ee8194e9d5feadd780""]"
R4B,score,lawbench_3-3_0499,e50833671afb881dc91bf5144f5d8f8db07d8bbe74e5de159a9ed22bee41b84b,e50833671afb881dc91bf5144f5d8f8db07d8bbe74e5de159a9ed22bee41b84b,d0fcaeaa1f0b4b517a4acc1772dff39c422edace7b81b74893b8975ed88c8238,d0fcaeaa1f0b4b517a4acc1772dff39c422edace7b81b74893b8975ed88c8238,True,True,CC,False,False,"[""寻衅滋事"", ""开设赌场""]","[""寻衅滋事"", ""开设赌场""]",d4e9cd732aca376b26f4ef79c9d9d63c683541bf540a3287b41cee5cf6537e49,d4e9cd732aca376b26f4ef79c9d9d63c683541bf540a3287b41cee5cf6537e49,True,True,"[""e5ed247dbb334b0085b906078f96e020""]","[""e0b9cb67fc454132b38308a79a75e0e6""]"
R4B,score,lawbench_3-3_0202,a651c6aed58722d8fad7a6124debaf454d81ba7d1993bab39449b8c7c7baa7b4,a651c6aed58722d8fad7a6124debaf454d81ba7d1993bab39449b8c7c7baa7b4,74606d25a914939cd773fd1749cb38a3325bad7b36d4dc5e0a0a5c00e2df1962,74606d25a914939cd773fd1749cb38a3325bad7b36d4dc5e0a0a5c00e2df1962,True,True,CC,False,False,"[""容留他人吸毒""]","[""容留他人吸毒""]",9a80f30e9cfcedc41f27720e3e45396c78f79f0027b7cea8d35da1860dcf0f97,9a80f30e9cfcedc41f27720e3e45396c78f79f0027b7cea8d35da1860dcf0f97,True,True,"[""515522b3c3f84c25a731efb9399e5625""]","[""e89aae173a32451a8fb928137876b51e""]"
R4B,score,lawbench_3-3_0321,f6a177fb7ce1be1417125ae9118122d1802470b43215cce64d495bdf77c826a2,f6a177fb7ce1be1417125ae9118122d1802470b43215cce64d495bdf77c826a2,5f7e6ca9ccd16948f657452049c184294a3cafca36f91e3f4604d1ef1b255dfd,5f7e6ca9ccd16948f657452049c184294a3cafca36f91e3f4604d1ef1b255dfd,False,False,WW,True,True,"[""抢劫"", ""故意伤害"", ""非法拘禁""]","[""故意伤害"", ""敲诈勒索"", ""非法拘禁""]",9621ced541f5f762617d4dd6be32759a76c7f83ad485320b6dca66e290231eb3,9621ced541f5f762617d4dd6be32759a76c7f83ad485320b6dca66e290231eb3,True,True,"[""2e0f5dfa00d4477fb6c7943acfc62380""]","[""d84ce0dcd2a94a0ba3e988387005ddaa""]"
R4B,score,lawbench_3-3_0390,abe205e9de1d9b3b5883a4aa387f5708387877d7e915959cd09b9da6ad7a0cb7,abe205e9de1d9b3b5883a4aa387f5708387877d7e915959cd09b9da6ad7a0cb7,55653c9adbf6efc8a2902f0d3c0f225d53e2dbcc8159b1411a86c7c069f860aa,55653c9adbf6efc8a2902f0d3c0f225d53e2dbcc8159b1411a86c7c069f860aa,True,True,CC,False,False,"[""拒不支付劳动报酬""]","[""拒不支付劳动报酬""]",07a5d3fa6faa21453bb1add46c74423ee33fc0df385af506afc4e31753cc32ef,07a5d3fa6faa21453bb1add46c74423ee33fc0df385af506afc4e31753cc32ef,True,True,"[""4fdb687b3ce9405e866860595be5c78a""]","[""3548fb3f58294c33b315ba3bced8293c""]"
R4B,score,lawbench_3-3_0413,fab273270fd91c70497744e74102315cdf7089373bd4d456b4cace85d4a1eec2,fab273270fd91c70497744e74102315cdf7089373bd4d456b4cace85d4a1eec2,705e3c296a8f8ba1b9e021705d3e4141a301d5b95d29a70afc14d445e9705aa4,705e3c296a8f8ba1b9e021705d3e4141a301d5b95d29a70afc14d445e9705aa4,False,False,WW,False,False,"[""徇私舞弊""]","[""徇私舞弊""]",a366a33b995d7742c02b96c7f5d19b04d45c118ff138880ebfa492a539d24b7e,a366a33b995d7742c02b96c7f5d19b04d45c118ff138880ebfa492a539d24b7e,True,True,"[""8cc71a6210424c258b203b9b56aca4a8""]","[""4054fcd8048c4d038b63fc614590a6d3""]"
R4B,score,lawbench_3-3_0441,2cdf9a90554261ad37b7d3b25a0a13ccdd73dc9900130da7a53665d6472c61bf,2cdf9a90554261ad37b7d3b25a0a13ccdd73dc9900130da7a53665d6472c61bf,c875a3b4fa6d24107243da160f1c4d7887f365796a32832f1375378650c86d9b,c875a3b4fa6d24107243da160f1c4d7887f365796a32832f1375378650c86d9b,False,False,WW,True,True,"[""信用卡诈骗""]","[""信用卡诈骗"", ""冒充国家机关工作人员""]",baa90b6729c44aa6f87f4f09a34da28298cd0fc4a89e1b6ce5e3bfdc93f1649d,baa90b6729c44aa6f87f4f09a34da28298cd0fc4a89e1b6ce5e3bfdc93f1649d,True,True,"[""038a2118c7444123880a51e7f831b49a""]","[""74366e67fe1d4cdaa510402b2c0f12e8""]"
R4B,score,lawbench_3-3_0388,9836b93a7c484d47deee76ff3e920a30f73cf086d26babfa5fc36cfb2d2378ee,9836b93a7c484d47deee76ff3e920a30f73cf086d26babfa5fc36cfb2d2378ee,d5e0da16e2d1eb2c9211dcd140b3ab7c22be50cbdfb1fbea1f0d7e07ae9b359b,d5e0da16e2d1eb2c9211dcd140b3ab7c22be50cbdfb1fbea1f0d7e07ae9b359b,False,False,WW,True,True,"[""杀害国家重点保护野生动物"", ""非法猎捕""]","[""非法狩猎""]",ec41fefe9273131205c6cc67ba7c858724a0fc7a798609009dc845aec41a39e5,ec41fefe9273131205c6cc67ba7c858724a0fc7a798609009dc845aec41a39e5,True,True,"[""7e21992dbb9a4ee2bea294a2b0bccf75""]","[""5cb33dd8dad44391929d537daf5b73d1""]"
R4B,score,lawbench_3-3_0185,4140e5adf8d5a2d94fdf2fc57fa1a520ad6b7c11709508a785cfa67f372c7d6e,4140e5adf8d5a2d94fdf2fc57fa1a520ad6b7c11709508a785cfa67f372c7d6e,dad2e19fece5727f0f7eeac063c8a71b34024485beb4376ef79b9136ed1b3b10,dad2e19fece5727f0f7eeac063c8a71b34024485beb4376ef79b9136ed1b3b10,False,False,WW,True,True,"[""非法销售间谍专用器材""]","[""非法销售间谍专用器材罪""]",a2048ea03d76c76da27976cfba3c943bbeefe8006631836fd63e8393597bb1c8,a2048ea03d76c76da27976cfba3c943bbeefe8006631836fd63e8393597bb1c8,True,True,"[""90fe3c48e11e49f9bbfed89b6e715ea2""]","[""ff8a2208d1024875ade57f82fc066eff""]"
R4B,score,lawbench_3-3_0140,c25a9ce29f7f0e8acbef316af7a32628c3eb9395504e1eace143f96fbcac8088,c25a9ce29f7f0e8acbef316af7a32628c3eb9395504e1eace143f96fbcac8088,79a8d3107cbcf04ab7dae60b80991136508fcd501cc887a38fe58ea3c01a515f,79a8d3107cbcf04ab7dae60b80991136508fcd501cc887a38fe58ea3c01a515f,False,False,WW,False,False,"[""强奸"", ""拐卖妇女""]","[""强奸"", ""拐卖妇女""]",3ca2ac803378f56898527bf8ec89c88369b4c7a9093285d1be9fbb6687c2a4c6,3ca2ac803378f56898527bf8ec89c88369b4c7a9093285d1be9fbb6687c2a4c6,True,True,"[""a7c01c8050694e99bd1771f7bb96af87""]","[""76e2682ec65c4e2284558dd16bd7c24d""]"
R4B,score,lawbench_3-3_0033,7b1e71d97b5d33bfbbec266032ea6060bdc3b7aaadb2fab4fbdf19c97f563716,7b1e71d97b5d33bfbbec266032ea6060bdc3b7aaadb2fab4fbdf19c97f563716,ee504209e430d21fa0a36e62eca955888fdd69bfd0c9fc4493a6016202fa39e9,ee504209e430d21fa0a36e62eca955888fdd69bfd0c9fc4493a6016202fa39e9,False,True,WC,True,True,[],"[""故意伤害"", ""非法拘禁""]",834e6bd48c05fb7d8c1576fa78ccecd74b716aec0432d87963a0e73a71c86467,834e6bd48c05fb7d8c1576fa78ccecd74b716aec0432d87963a0e73a71c86467,True,True,"[""d0a18197fbc84b868c4ce67dd614afa7""]","[""9735736242f94950a693f2d334c463d6""]"
R4B,score,lawbench_3-3_0285,c3c98ba9e569d279fe159a9cc36f7f874cadd9fedd7062211d65641cb6fada76,c3c98ba9e569d279fe159a9cc36f7f874cadd9fedd7062211d65641cb6fada76,f0ad7fd481ddc06fc0296799724f338a7cafc47b56fd1664921ccc6f3a087404,f0ad7fd481ddc06fc0296799724f338a7cafc47b56fd1664921ccc6f3a087404,False,False,WW,False,False,"[""非法采伐林木""]","[""非法采伐林木""]",48988e1297723a84c30e98aa470607dc2d1475d320ea57651587f61007cb86b1,48988e1297723a84c30e98aa470607dc2d1475d320ea57651587f61007cb86b1,True,True,"[""d2216211acca48219fabb05c0abf82cb""]","[""caa9dd220b3c415d8ca0ac22e44e3751""]"
R4B,score,lawbench_3-3_0114,080fa7609f0500c8dc6893772ea9d40d90b0aa27d7d5da92c90c3d6b272a0c4d,080fa7609f0500c8dc6893772ea9d40d90b0aa27d7d5da92c90c3d6b272a0c4d,0d91ebae1f49fc182a63dc3e7b6ba81f0c6e525fcd3071340ccc3f067e5593a9,0d91ebae1f49fc182a63dc3e7b6ba81f0c6e525fcd3071340ccc3f067e5593a9,False,False,WW,False,False,"[""诈骗""]","[""诈骗""]",cc0eaea58be0bfabc16dc2e7390f84219f18ef388960d012886ef46cc08b74c7,cc0eaea58be0bfabc16dc2e7390f84219f18ef388960d012886ef46cc08b74c7,True,True,"[""a1f93292955c44fca87fb4c703e3d049""]","[""f1d9949cf0d149b9bd6160b30481d501""]"
R4B,score,lawbench_3-3_0464,e4fd9176d15ca4e5daea0611fcd9a1ec2d98264543c886055c27c34e902db7e3,e4fd9176d15ca4e5daea0611fcd9a1ec2d98264543c886055c27c34e902db7e3,5ab1599811572bd0933a1e52b798c8881d3b7c3037d98865072ae41ba0d9fd14,5ab1599811572bd0933a1e52b798c8881d3b7c3037d98865072ae41ba0d9fd14,False,False,WW,False,False,"[""生产"", ""销售不符合安全标准的食品""]","[""生产"", ""销售不符合安全标准的食品""]",3128643aad95a6f4556c80a0c428389b6421f0188b0b5b4cbdc2451a944934a2,3128643aad95a6f4556c80a0c428389b6421f0188b0b5b4cbdc2451a944934a2,True,True,"[""6f8b565cd6d5450ca634101e836bf39e""]","[""9c64fcdcdc62404789f2f114853f917a""]"
R4B,score,lawbench_3-3_0148,763677d1cc8f4faab2c5a5d181c9113cc9e407f5e25bb3949ddd12c2502bab00,763677d1cc8f4faab2c5a5d181c9113cc9e407f5e25bb3949ddd12c2502bab00,d1ab00f6c8204d7b173a62220caf90f10b4995afe2f0cfbd574e1de9523b0045,d1ab00f6c8204d7b173a62220caf90f10b4995afe2f0cfbd574e1de9523b0045,False,False,WW,True,True,"[""强迫他人吸食毒品"", ""故意伤害"", ""敲诈勒索"", ""非法拘禁""]","[""强迫吸毒"", ""故意伤害"", ""敲诈勒索""]",b63cf6d94eeeb51fccfdde257a9b7c1cea49716e5150deae68561f61e74931ef,b63cf6d94eeeb51fccfdde257a9b7c1cea49716e5150deae68561f61e74931ef,True,True,"[""5a614b3a71a241fda91458fab3d28de5""]","[""a293efc428144ae9a5dc43679c23f987""]"
R4B,score,lawbench_3-3_0474,b30cb84db7b6612a3e12ec1f6426611740e313db9ebe122019de7b5551302303,b30cb84db7b6612a3e12ec1f6426611740e313db9ebe122019de7b5551302303,d9e27e76d60e486123e55319a79b859a5c59dbc514397e7e2022b71442ff33df,d9e27e76d60e486123e55319a79b859a5c59dbc514397e7e2022b71442ff33df,True,True,CC,False,False,"[""非法采矿""]","[""非法采矿""]",11fc9eadb95ca74a0a71e714727c63c1cb55b931838aec236add3166d7b6cb42,11fc9eadb95ca74a0a71e714727c63c1cb55b931838aec236add3166d7b6cb42,True,True,"[""856d2b6b424546ca8344fc423556c621""]","[""d6a1f50ed2a0466a8ebcab1ec107e3f2""]"
R4B,score,lawbench_3-3_0480,af108b95be63b778e0553505d5e1dbef822d4a3b6fa66d524b690bd2646940af,af108b95be63b778e0553505d5e1dbef822d4a3b6fa66d524b690bd2646940af,a34acc08ee540d81ccce0a7f764f6e2975e1c6396f1d50f4ff567adbfa6c1c70,a34acc08ee540d81ccce0a7f764f6e2975e1c6396f1d50f4ff567adbfa6c1c70,False,True,WC,True,True,"[""遗弃罪""]","[""遗弃""]",e597c1eda0d51ad3e4445adfc423f93afe2b48c2f2abf4b16d60aa56939d1cdd,e597c1eda0d51ad3e4445adfc423f93afe2b48c2f2abf4b16d60aa56939d1cdd,True,True,"[""87591f1e8d0c4686b657ef347404a9e8""]","[""295ea6c4ecfe4dd9afc7b6ad34f55dca""]"
R4B,score,lawbench_3-3_0023,125a81d1d0eafea8418307e0280a71b855f7de98db42b8dbca942dbf1ac7e7e6,125a81d1d0eafea8418307e0280a71b855f7de98db42b8dbca942dbf1ac7e7e6,cc53884bbf29602574cad218c746201ed27e642f772c2236a3e7c1f258a943d8,cc53884bbf29602574cad218c746201ed27e642f772c2236a3e7c1f258a943d8,True,True,CC,False,False,"[""敲诈勒索"", ""盗窃""]","[""敲诈勒索"", ""盗窃""]",504a0f234e79f3dcab7359146f07139a028d5ae97e5d577d6fe086702a9a14d4,504a0f234e79f3dcab7359146f07139a028d5ae97e5d577d6fe086702a9a14d4,True,True,"[""9030cf2a88de42a7adde6c3c78893778""]","[""7c90b8672c14461bb084c2f60982c970""]"
R4B,score,lawbench_3-3_0161,b063227440294310cc9eb72d38a331d263bf68cc903d2d52a6508235bd2eaf1d,b063227440294310cc9eb72d38a331d263bf68cc903d2d52a6508235bd2eaf1d,ab6ea4e327c2c9c6660e4f1ddaeaaff285a0f054b23ddb34ec59df244bb4bbc5,ab6ea4e327c2c9c6660e4f1ddaeaaff285a0f054b23ddb34ec59df244bb4bbc5,False,False,WW,False,False,"[""非法经营""]","[""非法经营""]",49fb0fb5944ad079a37c2c76eea46487c3e1af9f5087cab6a4467d5d7f02e4c3,49fb0fb5944ad079a37c2c76eea46487c3e1af9f5087cab6a4467d5d7f02e4c3,True,True,"[""633739939af64edf99e7d21a9467a13a""]","[""277413ba08784cc88de06e1d4a2f3f5d""]"
R4B,score,lawbench_3-3_0252,05a04e06535fff3793579a7133639f3ac01d0d04b62b0de90ed0f8d0a714349e,05a04e06535fff3793579a7133639f3ac01d0d04b62b0de90ed0f8d0a714349e,c2902702ee2537a616b27e4d7937a4210ddd2a6e6df05bc075388f98bc3f0c8c,c2902702ee2537a616b27e4d7937a4210ddd2a6e6df05bc075388f98bc3f0c8c,True,True,CC,False,False,"[""行贿""]","[""行贿""]",4cf4708fa276549f501f8538fc82584f09138cb2b5563450805f5da718f7097d,4cf4708fa276549f501f8538fc82584f09138cb2b5563450805f5da718f7097d,True,True,"[""9162ebd433fe40d79b5dc32ef2a7ece6""]","[""c53bb924229c4f27833a9e53500dbe4e""]"
R4B,score,lawbench_3-3_0414,841b5c913a816a02eaa4cac916253a64307f039dca9960c37ffb082d5f48e31a,841b5c913a816a02eaa4cac916253a64307f039dca9960c37ffb082d5f48e31a,f2f1f78fa6995ac9db06bc14d55cfe9382867ff6017f27dd49fa18358629e504,f2f1f78fa6995ac9db06bc14d55cfe9382867ff6017f27dd49fa18358629e504,False,False,WW,True,True,"[""掩饰、隐瞒犯罪所得"", ""盗窃""]","[""掩饰、隐瞒犯罪所得罪"", ""盗窃""]",12e4831e7489ba2de1559f999210a6d1b21e27e0012267e7bc0f239877c6d9a9,12e4831e7489ba2de1559f999210a6d1b21e27e0012267e7bc0f239877c6d9a9,True,True,"[""d543b14dc68e45d485b42b277ad58552""]","[""a5d44f5ba9424e6d80cefef2f6ddab70""]"
R4B,score,lawbench_3-3_0316,068bd51ebf8bb4c959b3d6123c3ced44954b761cba7e4fa030583ff49f3d454c,068bd51ebf8bb4c959b3d6123c3ced44954b761cba7e4fa030583ff49f3d454c,1b0bbcbbe1f16947958004edc040cced70c0b02cf0716efa384538fdabdb95b6,1b0bbcbbe1f16947958004edc040cced70c0b02cf0716efa384538fdabdb95b6,False,False,WW,True,True,"[""毁坏森林资源"", ""非法采伐""]","[""非法采伐森林资源罪""]",6aefe75466caf5a0129f5e7d289e6d6b92f2fe691b66ec8c8dd38ac232de147e,6aefe75466caf5a0129f5e7d289e6d6b92f2fe691b66ec8c8dd38ac232de147e,True,True,"[""fea249ee2f0844e789f5825b501b9004""]","[""9be91c4f52614b35a6d6f2fb9aee4dad""]"
R4B,score,lawbench_3-3_0490,8578a37a7709499e615a9bbd953a8210bbd359f576aceda9aa55cc04bdc85932,8578a37a7709499e615a9bbd953a8210bbd359f576aceda9aa55cc04bdc85932,168294319fc0ed3619d74e5117462ed42b702e7dd28a286e9095bdd57904fd88,168294319fc0ed3619d74e5117462ed42b702e7dd28a286e9095bdd57904fd88,False,False,WW,False,False,"[""非法集资""]","[""非法集资""]",54ab12bc698d3a21432db799299210d1fd33b76f2c5d37f9bc0178f0a95669df,54ab12bc698d3a21432db799299210d1fd33b76f2c5d37f9bc0178f0a95669df,True,True,"[""1cc04e954df34dd0b333c59d191f8588""]","[""dc765628ee564bff91af49027e387412""]"
R4B,score,lawbench_3-3_0044,590070464a32a02c27addf35355844b7e04d7397768c6a6487e3af55cee37e30,590070464a32a02c27addf35355844b7e04d7397768c6a6487e3af55cee37e30,e065f16a85f97733e6820469ed4a8db56caccbed4086f24016660942f0962f00,e065f16a85f97733e6820469ed4a8db56caccbed4086f24016660942f0962f00,False,False,WW,False,False,"[""故意伤害""]","[""故意伤害""]",3cfa879e33ea066e799906518538bd7b7a54c96c32749acb500ee132d75e5467,3cfa879e33ea066e799906518538bd7b7a54c96c32749acb500ee132d75e5467,True,True,"[""e88c216e32ea472e8bf71f6d810aa4b6""]","[""d908a7fe03a24609bd5632726b04ebb3""]"
R4B,score,lawbench_3-3_0275,4a05acc5072916d5d48041f45cdaf2dac77805a92c0d334ee90c478189ae579d,4a05acc5072916d5d48041f45cdaf2dac77805a92c0d334ee90c478189ae579d,168294319fc0ed3619d74e5117462ed42b702e7dd28a286e9095bdd57904fd88,168294319fc0ed3619d74e5117462ed42b702e7dd28a286e9095bdd57904fd88,False,False,WW,False,False,"[""非法集资""]","[""非法集资""]",21a7026e7247ff7e8cc5cae9de9dd33d8665a59f76f9dc94ac0876650001b00e,21a7026e7247ff7e8cc5cae9de9dd33d8665a59f76f9dc94ac0876650001b00e,True,True,"[""afde1ffcb60d454e80862adb843f1892""]","[""85370ecb6d554f7b89b3db23f1413c44""]"
R4B,audit,lawbench_3-3_0272,8ab64c2057596e924139729c7acef45c6493ad1bcf5bd5640eac33ab32c7f6bf,8ab64c2057596e924139729c7acef45c6493ad1bcf5bd5640eac33ab32c7f6bf,bf4b0c585133d448213bf53e05899cd880f94b9032f54b6fe02b3ebf1c32e69b,bf4b0c585133d448213bf53e05899cd880f94b9032f54b6fe02b3ebf1c32e69b,False,False,WW,True,True,"[""非法买卖枪支"", ""非法制造枪支"", ""非法持有、私藏枪支""]","[""弹药"", ""私藏枪支"", ""非法持有""]",c1f242795d97e322979c451a3fd6157ef4e50e71e30dac6803ab1a7160b9a016,c1f242795d97e322979c451a3fd6157ef4e50e71e30dac6803ab1a7160b9a016,True,True,"[""5466edbf7de9422081b7c40899d84350""]","[""de7dc0dbfb304fa7928b7bb4891ba325""]"
R4B,audit,lawbench_3-3_0064,36b9bdb9b4d407b97e9856055311a19b536072e493c2e2de64764c5a71326a01,36b9bdb9b4d407b97e9856055311a19b536072e493c2e2de64764c5a71326a01,3e9375001c57c64bf15b057f3e1ad567b9ae08b404279df1a3095afcf2295923,3e9375001c57c64bf15b057f3e1ad567b9ae08b404279df1a3095afcf2295923,False,False,WW,False,False,"[""诈骗""]","[""诈骗""]",65c40418137870f6ada29feaf2d5ab8b0c375dfa7569db15049ab770546eff87,65c40418137870f6ada29feaf2d5ab8b0c375dfa7569db15049ab770546eff87,True,True,"[""ebab0b06b92a471fbb3f50fdd2bdc6de""]","[""bde5164cd5134510b6e08c7ee2e7c597""]"
R4B,audit,lawbench_3-3_0197,253b1aeba70ca9760e74d64be8f0f43c76759f10e5a4dd5d0433a212d57013e5,253b1aeba70ca9760e74d64be8f0f43c76759f10e5a4dd5d0433a212d57013e5,d87e50228c9d336d39c1904c0e5df8a0e1f89d1ec3b7beac310aa7f6d3ae96c2,d87e50228c9d336d39c1904c0e5df8a0e1f89d1ec3b7beac310aa7f6d3ae96c2,True,True,CC,False,False,"[""非法持有毒品""]","[""非法持有毒品""]",cdc350bbd285036c99a8ba59fd0e57999ec8b14f8f7989f2ddbc0ce61d3e2c13,cdc350bbd285036c99a8ba59fd0e57999ec8b14f8f7989f2ddbc0ce61d3e2c13,True,True,"[""726c619a68914da4b04e54a2fe07c9e3""]","[""02101e68d23c407d99fc84136dcf425c""]"
R4B,audit,lawbench_3-3_0265,e57ea3b857da0a2e2963ed009d76b1f23c2b8cbe8000684d60890e1a815507d0,e57ea3b857da0a2e2963ed009d76b1f23c2b8cbe8000684d60890e1a815507d0,2b53a29b06ca4bc21bbf98ebbd2bd13610f90dc6690b62580a74dabffcba796f,2b53a29b06ca4bc21bbf98ebbd2bd13610f90dc6690b62580a74dabffcba796f,True,False,CW,True,True,"[""拒不执行判决"", ""裁定""]","[""拒不执行判决"", ""裁定罪""]",83b4485eaac124ea5c6192998f9d8e20a84922d77b426a67bd218e52a55a2f9b,83b4485eaac124ea5c6192998f9d8e20a84922d77b426a67bd218e52a55a2f9b,True,True,"[""6c8bb3719dc240009786d3526b2fdc8c""]","[""cb16212010324c5c8bde40f5747b20ae""]"
R4B,audit,lawbench_3-3_0399,b8d2179a9da9a962731ba66248d6b8689aa98c443c8818bca2ed373a04132872,b8d2179a9da9a962731ba66248d6b8689aa98c443c8818bca2ed373a04132872,ef3d1b5962a6714f161b8cadd19f6e4378a1a0797c67ed169744fc73924e12d8,ef3d1b5962a6714f161b8cadd19f6e4378a1a0797c67ed169744fc73924e12d8,False,False,WW,True,True,"[""走私国家禁止进出口的货物罪""]",[],317c3c81c8f3e44de8c1506a0587938e5d9b9de255b39a34d08636992a39f835,317c3c81c8f3e44de8c1506a0587938e5d9b9de255b39a34d08636992a39f835,True,True,"[""2e46bf08d23745ef98f3af60b064a791""]","[""09ef667f492341cda988e975c1b6aaa1""]"
R4B,audit,lawbench_3-3_0122,312fb22605c098fca0c936b7a33e0fa39625af5b04ffaa59f4efa93e13dd43e0,312fb22605c098fca0c936b7a33e0fa39625af5b04ffaa59f4efa93e13dd43e0,778b7597f1768ac886a9072c3387a1e591e1acfbde6fbf89f12be95520e1ac25,778b7597f1768ac886a9072c3387a1e591e1acfbde6fbf89f12be95520e1ac25,False,False,WW,False,False,"[""妨害公务"", ""故意伤害""]","[""妨害公务"", ""故意伤害""]",2d0ec67893c0bc8981855c7ba2068f4271b383e2deca92115b27ea6db7cc9002,2d0ec67893c0bc8981855c7ba2068f4271b383e2deca92115b27ea6db7cc9002,True,True,"[""8db8f8fdc2d74ce39730cf50d030029f""]","[""88fb6d5b6ac445d484240f95a06c2a84""]"
R4B,audit,lawbench_3-3_0421,7e283eee5397c46a7eec6d2654c41ee903fd445bf35888931f8acceaef7b1714,7e283eee5397c46a7eec6d2654c41ee903fd445bf35888931f8acceaef7b1714,d394ca9e19451b8adf223f1547a23fcd577a36feefc75a3125b2f84dddedf127,d394ca9e19451b8adf223f1547a23fcd577a36feefc75a3125b2f84dddedf127,True,True,CC,False,False,"[""非法种植毒品原植物""]","[""非法种植毒品原植物""]",01019a2edfc54a44b491c7ded49d700dcd643cf97558f20081946e131bd94d04,01019a2edfc54a44b491c7ded49d700dcd643cf97558f20081946e131bd94d04,True,True,"[""1e20b09d808f468cbe2171e6e0cedec1""]","[""5aa3839dd30543a3acf5bb55366996cf""]"
R4B,audit,lawbench_3-3_0091,dc1d21c279abe148d18c6e4659bf5e4b5c98b3bc32314bdaa000ac677b0a06ff,dc1d21c279abe148d18c6e4659bf5e4b5c98b3bc32314bdaa000ac677b0a06ff,4eb48fc82c190715f95e860e0b0a19eea5f7c3b66d8627713e64dd54eb04a94d,4eb48fc82c190715f95e860e0b0a19eea5f7c3b66d8627713e64dd54eb04a94d,False,False,WW,True,True,"[""抢劫"", ""掩饰、隐瞒犯罪所得、犯罪所得收益"", ""故意杀人""]",[],2378d860d4a1e2afe5a6895040436bf0543f633c8c12ff8cbc3d9e90ce27b632,2378d860d4a1e2afe5a6895040436bf0543f633c8c12ff8cbc3d9e90ce27b632,True,True,"[""c652194ffa2f4c419e43af2121d76ecf""]","[""070f1822c5ed44e091d54684964d23e9""]"
R4B,audit,lawbench_3-3_0400,65e6c5b0a49ac1cc3a1a9cf4a4910247043cb4c2c52ea3ad64ec9e84845c3cef,65e6c5b0a49ac1cc3a1a9cf4a4910247043cb4c2c52ea3ad64ec9e84845c3cef,825a687aa76c2e7276ab86ef3462f2a5b1999b22ffd8a02adaa1e00a1e926d0b,825a687aa76c2e7276ab86ef3462f2a5b1999b22ffd8a02adaa1e00a1e926d0b,False,False,WW,False,False,"[""非法持有弹药"", ""非法持有枪支""]","[""非法持有弹药"", ""非法持有枪支""]",1f84542615e669ea313fb1b6bb5ed0fe2e23212a9200ef16502ddf72e42bd386,1f84542615e669ea313fb1b6bb5ed0fe2e23212a9200ef16502ddf72e42bd386,True,True,"[""fba709b104af48cea5c8b1d3911792c7""]","[""11feb93c38fb4a1d89548a69b8821221""]"
R4B,audit,lawbench_3-3_0498,765ed96b788dc7bc7d13e61aa456222cfbac2e2cbd939357d2a9e441c93f3764,765ed96b788dc7bc7d13e61aa456222cfbac2e2cbd939357d2a9e441c93f3764,976db1ef519dfd75ba6b40c7db700d7ce3358256085a3de932fd127b8e4e74db,976db1ef519dfd75ba6b40c7db700d7ce3358256085a3de932fd127b8e4e74db,True,True,CC,False,False,"[""儿童"", ""拐卖妇女""]","[""儿童"", ""拐卖妇女""]",840a9140219c2bb833ad9d9c28084fd16d6704647c87890b3e211b08cf0eb840,840a9140219c2bb833ad9d9c28084fd16d6704647c87890b3e211b08cf0eb840,True,True,"[""04f816464b784825936a7673abcc02b4""]","[""a502b3691fbc4070991a779253d6ec7a""]"
R4B,audit,lawbench_3-3_0001,352e269da85b87c3774d5df1d5cd5282b65b00552c75e59c9354bf52d62ae7b7,352e269da85b87c3774d5df1d5cd5282b65b00552c75e59c9354bf52d62ae7b7,87809878bddd9ccd9b17a29def0033f9ca8a9572f763761cca9c944cc584762e,87809878bddd9ccd9b17a29def0033f9ca8a9572f763761cca9c944cc584762e,True,True,CC,False,False,"[""强奸""]","[""强奸""]",dfd0c932e40b858c9ae9e1d1641c1bdc44e9857855a71aa270f4beb8c0515148,dfd0c932e40b858c9ae9e1d1641c1bdc44e9857855a71aa270f4beb8c0515148,True,True,"[""73f59f8a0def41408cf38f0c7e8d02fb""]","[""18fde8e7cf9f40489eafa59d5a165a34""]"
R4B,audit,lawbench_3-3_0169,52d3bfb2c5ec2b95fd411ad32e4aba370a36b13d79953bd9bf08c953d7e34168,52d3bfb2c5ec2b95fd411ad32e4aba370a36b13d79953bd9bf08c953d7e34168,3b3ac8649e2f643ec679125485db9a2a6b35aa5303499b427774760a3ac5a5de,3b3ac8649e2f643ec679125485db9a2a6b35aa5303499b427774760a3ac5a5de,False,False,WW,True,True,"[""走私枪支、弹药罪"", ""走私毒品罪""]","[""走私毒品罪"", ""非法持有枪支、弹药罪""]",7a846cface047b4a10ad5ddd008805ba1bcfc6b6ff7c61f8a34dfe30055addea,7a846cface047b4a10ad5ddd008805ba1bcfc6b6ff7c61f8a34dfe30055addea,True,True,"[""4275a847198b40bc83c7ad29e6e18e86""]","[""f1ed808292904be69ccdbacd265c3789""]"
R4B,audit,lawbench_3-3_0250,e4f52308597ccea16cac9d1fc905d5384e72b18e4e3fac2604df0ae5a89eabdc,e4f52308597ccea16cac9d1fc905d5384e72b18e4e3fac2604df0ae5a89eabdc,1fa8857b448c6af9d3c189783a2461bbd10520e3c4b4755cd7f78f2c08166599,1fa8857b448c6af9d3c189783a2461bbd10520e3c4b4755cd7f78f2c08166599,True,True,CC,False,False,"[""放火""]","[""放火""]",5f2d9b2cc02656419d9e2392331924f81aab9b04b0fe9483ffcccba03d28a0b1,5f2d9b2cc02656419d9e2392331924f81aab9b04b0fe9483ffcccba03d28a0b1,True,True,"[""c0e310e540ef4747873dbfaea21c3f8f""]","[""f34b1e67337c4cdda6dec8409cfe637b""]"
R4B,audit,lawbench_3-3_0165,75655f2b53f516b904a30e1cb9d78b9f9b467e8402673292a6e1208e3246854b,75655f2b53f516b904a30e1cb9d78b9f9b467e8402673292a6e1208e3246854b,5c501928087bb8d94ba3d824355b445edfb4b7e1e9b8533fbeed3d67625cba38,5c501928087bb8d94ba3d824355b445edfb4b7e1e9b8533fbeed3d67625cba38,False,False,WW,False,False,"[""危险驾驶""]","[""危险驾驶""]",455b0fc44551ab48c116987af735146803a484fb0cdbf9db37717b187eb29714,455b0fc44551ab48c116987af735146803a484fb0cdbf9db37717b187eb29714,True,True,"[""555a2223e2204d059dbaddd4a8f2a9aa""]","[""33e0ddcaabc74e59ad5672fbdecf4cce""]"
R4B,audit,lawbench_3-3_0430,35dcc01f1d8270fe43a73187250e5add88d75392042b045973aa0f1380395811,35dcc01f1d8270fe43a73187250e5add88d75392042b045973aa0f1380395811,e065f16a85f97733e6820469ed4a8db56caccbed4086f24016660942f0962f00,e065f16a85f97733e6820469ed4a8db56caccbed4086f24016660942f0962f00,False,False,WW,True,True,"[""交通肇事罪""]","[""交通肇事""]",e1ec7e0f410fcb961fbaff0b8f11d0e0c842737c1ee0a02bb1a8e21b0b4370e9,e1ec7e0f410fcb961fbaff0b8f11d0e0c842737c1ee0a02bb1a8e21b0b4370e9,True,True,"[""c32fa15adb3747a4b9c5295f822e56c3""]","[""7f66f03dca294501aba42fd6672c05a9""]"
R4B,audit,lawbench_3-3_0043,42504fc4c4b033fcd625685ab11d5c0c953c165624528a0b50d0e76b1869bade,42504fc4c4b033fcd625685ab11d5c0c953c165624528a0b50d0e76b1869bade,77a1a5efd62c4420ebea6fc0888c43dd411087d553266e0b5daa49360c4ce5ba,77a1a5efd62c4420ebea6fc0888c43dd411087d553266e0b5daa49360c4ce5ba,False,False,WW,False,False,"[""故意伤害""]","[""故意伤害""]",2d6fa1d4544767523218a5fb6db0168802c297f0803bd976c5c7f205a2396e54,2d6fa1d4544767523218a5fb6db0168802c297f0803bd976c5c7f205a2396e54,True,True,"[""f97346c837434f70b5f724e715540d66""]","[""d175592895fb4d34b17ad6223ebe26e0""]"
R4B,audit,lawbench_3-3_0123,206cebd52f08f2e399592e7df75cfb76b4f53c839d7703dd76789784ee5f65c1,206cebd52f08f2e399592e7df75cfb76b4f53c839d7703dd76789784ee5f65c1,7c13d744288944ea491d8bb911f309b5fa8e3f0a3dfc672d55ce692dbd3ccc24,7c13d744288944ea491d8bb911f309b5fa8e3f0a3dfc672d55ce692dbd3ccc24,False,False,WW,False,False,"[""诈骗""]","[""诈骗""]",4bd07c598beafd9f087e4f6c8175f64090da04e384fa81d331c7c6137b2c17eb,4bd07c598beafd9f087e4f6c8175f64090da04e384fa81d331c7c6137b2c17eb,True,True,"[""b29c8dab2df84febb0f6a185b0770684""]","[""3cf190b2f2964202b1c26dc1572c6ede""]"
R4B,audit,lawbench_3-3_0032,198c82a4564300337a6de3f47f86c0d612460e4365da5da462f9cbb9a570c0c2,198c82a4564300337a6de3f47f86c0d612460e4365da5da462f9cbb9a570c0c2,894b62d77a00a5ab42ae1b3dff91e16e7f47112cbb5b3ff5673af71a299a87d4,894b62d77a00a5ab42ae1b3dff91e16e7f47112cbb5b3ff5673af71a299a87d4,False,False,WW,True,True,"[""伪造国家机关公文"", ""印章罪""]","[""伪造"", ""印章罪"", ""变造国家机关公文"", ""证件""]",35997d533c88c1d4350524ed00df9224bd2bc62bb707fc28d867784091972c6f,35997d533c88c1d4350524ed00df9224bd2bc62bb707fc28d867784091972c6f,True,True,"[""ed392a397f994bbf8451c543edde849a""]","[""5aa765ec02be47679c3d261121c516e7""]"
R4B,audit,lawbench_3-3_0222,df45206f3b597b867cd4953691ac9a8f9f3d62fb61a9b8c2f42c565e724e7b83,df45206f3b597b867cd4953691ac9a8f9f3d62fb61a9b8c2f42c565e724e7b83,ca4fd2874158585382e29fb08c8f089bc8a756bddbcf94d8a412f6b179b1ba29,ca4fd2874158585382e29fb08c8f089bc8a756bddbcf94d8a412f6b179b1ba29,False,False,WW,False,False,"[""介绍"", ""容留卖淫""]","[""介绍"", ""容留卖淫""]",925f89286e78b6d90c150ca766c8f0bcd26ab35dc2cc8d86d4152c4a858a9fff,925f89286e78b6d90c150ca766c8f0bcd26ab35dc2cc8d86d4152c4a858a9fff,True,True,"[""07d764fde8b942e88a237a387c356df1""]","[""1e42ee374e884306a6880f63ed1fbed5""]"
R4B,audit,lawbench_3-3_0084,42da0fae26f68c9bedab6600133bdac0e62306fa8fbbe6645d5f5c8e829a49fe,42da0fae26f68c9bedab6600133bdac0e62306fa8fbbe6645d5f5c8e829a49fe,95cea83861c14ebaf0ce0afc28f419c04b8385ff1f11752ff9437388c5c40543,95cea83861c14ebaf0ce0afc28f419c04b8385ff1f11752ff9437388c5c40543,False,False,WW,True,True,"[""盗窃""]",[],5170a8652ed38333426a1a5c8c55576c9e85dffd12b5b0bc606756fdfcbace13,5170a8652ed38333426a1a5c8c55576c9e85dffd12b5b0bc606756fdfcbace13,True,True,"[""3c6f923cc1514fe2b72f6bf451d6be6e""]","[""3009042b9930414da8c5b4bdf5cb91eb""]"
R4B,audit,lawbench_3-3_0159,3e4e1b243a5ad22af46aeb4f0d1da5c9062213b49be7d78fa0b26e11b21ae71b,3e4e1b243a5ad22af46aeb4f0d1da5c9062213b49be7d78fa0b26e11b21ae71b,2644764a264083c1d9544f89c36ba8cbfb0f8d29aae23f28c7e5a404e9e1ee44,2644764a264083c1d9544f89c36ba8cbfb0f8d29aae23f28c7e5a404e9e1ee44,False,False,WW,True,True,"[""利用国家重点保护野生动物及其制品"", ""携带"", ""运输"", ""非法买卖""]","[""出售国家重点保护野生动物制品"", ""非法收购""]",294f42abc9cde9206ad6a499b3d79b86ccc40e230b7df12f1fbfb60c50b6d749,294f42abc9cde9206ad6a499b3d79b86ccc40e230b7df12f1fbfb60c50b6d749,True,True,"[""ead56cf8575947a78974d16f9092730c""]","[""30990629fa7d46dda20b81ddc618048e""]"
R4B,audit,lawbench_3-3_0342,c91f31b45e889f31a09ff4af123ce3ee2e4c6fca420eb17d585514d6291a7b30,c91f31b45e889f31a09ff4af123ce3ee2e4c6fca420eb17d585514d6291a7b30,343fd5bc59ab87ef6c76c69fdd069010d8d095dabf1851efffa138eede4f2446,343fd5bc59ab87ef6c76c69fdd069010d8d095dabf1851efffa138eede4f2446,False,False,WW,False,False,"[""窝藏罪"", ""骗取贷款罪""]","[""窝藏罪"", ""骗取贷款罪""]",cf49004cf43ece78d09e33cdbfbc8aeac7d6ddbf1acaadd47afda3b2855bb062,cf49004cf43ece78d09e33cdbfbc8aeac7d6ddbf1acaadd47afda3b2855bb062,True,True,"[""7573f9d7e6e84a81ad47311c52b6bc19""]","[""1fbdb01be8a243bfa630007dbc8d2487""]"
R4B,audit,lawbench_3-3_0310,7ec251b224c2668002b9b8108aff72a2302d1846e8b56170ff381203c3ec388c,7ec251b224c2668002b9b8108aff72a2302d1846e8b56170ff381203c3ec388c,f6ca89b7ad91575eb6477b2bd8949c1cf659eec64c36b6c608c5acac97f2f6e4,f6ca89b7ad91575eb6477b2bd8949c1cf659eec64c36b6c608c5acac97f2f6e4,False,False,WW,False,False,"[""销售假冒注册商标的标识"", ""非法制造""]","[""销售假冒注册商标的标识"", ""非法制造""]",077f8c5c5e7cdd49712f6196871afb780859d4a618741b288e90d543ee18f911,077f8c5c5e7cdd49712f6196871afb780859d4a618741b288e90d543ee18f911,True,True,"[""b16451e7bb854706a85371774e5eea6f""]","[""ba67283f6cc64d3d9084421618a0e016""]"
R4B,audit,lawbench_3-3_0429,b1f1c2d231cbc1456cc9b5023dd358d39fd26c24d23d422d5a82c7daef6525dd,b1f1c2d231cbc1456cc9b5023dd358d39fd26c24d23d422d5a82c7daef6525dd,4ca113050f47c88e459e5beb312ad245061bc3001522f51f6d01aaf15fe7cd01,4ca113050f47c88e459e5beb312ad245061bc3001522f51f6d01aaf15fe7cd01,False,False,WW,False,False,"[""交通肇事罪""]","[""交通肇事罪""]",090a5f6209bac9e72b83ffaabfeb2dae0c7852bf55505314b96c05196ec6616a,090a5f6209bac9e72b83ffaabfeb2dae0c7852bf55505314b96c05196ec6616a,True,True,"[""0ba466e8a4be477db33b81fb5ca1eec5""]","[""7330842136de4a089e376b52824317e2""]"
R4B,audit,lawbench_3-3_0328,3a3c9b61696caf02baab82c1a2661558068700edf417f1dc008685f092a31bda,3a3c9b61696caf02baab82c1a2661558068700edf417f1dc008685f092a31bda,1356e4e1693d647390e5bfa76e1a28846f8f8b515c8ce660c31cb65742e41fb4,1356e4e1693d647390e5bfa76e1a28846f8f8b515c8ce660c31cb65742e41fb4,True,False,CW,True,True,"[""生产"", ""销售假药""]","[""销售假药""]",35046841906ad5ed6295ff4e8ecc114b830a121ce8868ea81a4b5e81ab86137b,35046841906ad5ed6295ff4e8ecc114b830a121ce8868ea81a4b5e81ab86137b,True,True,"[""addb9011332d4779a7ce3e9cbea31e03""]","[""b2a5de710e6c42b781020af666c73b2a""]"
R4B,audit,lawbench_3-3_0029,01f6ea188cfbf30d8f264de7fac8f4d61ec710bf172267ff03d01701683a8455,01f6ea188cfbf30d8f264de7fac8f4d61ec710bf172267ff03d01701683a8455,defb164b51a14e0e03eb8b473785094568c7474ef9de2e6752d32e9bd9bd65b2,defb164b51a14e0e03eb8b473785094568c7474ef9de2e6752d32e9bd9bd65b2,False,False,WW,True,True,"[""传播淫秽物品""]","[""传播淫秽信息""]",3fd0ae6ae00b17ff946307cf5eb7979e05632c992acc9dabb059bdfa27ea7387,3fd0ae6ae00b17ff946307cf5eb7979e05632c992acc9dabb059bdfa27ea7387,True,True,"[""9964979b634f46f19aeb3796e2f4200f""]","[""f1c5af5acb7146eeae3b9bc6196a803e""]"
R4B,audit,lawbench_3-3_0058,a2f1736343e847238aba5cac5d9e5b416cad87b672f4a0e52f655b6f7c608a3f,a2f1736343e847238aba5cac5d9e5b416cad87b672f4a0e52f655b6f7c608a3f,8727cd1068baa455d614e746e41c52c5ea5c342fd1b58f060abbe3ac5a098bf7,8727cd1068baa455d614e746e41c52c5ea5c342fd1b58f060abbe3ac5a098bf7,False,False,WW,True,True,"[""盗窃"", ""逃狱罪""]","[""盗窃"", ""逃脱""]",70f04e072c9c0c1ace86a56817e1b58b88627963f16a604de4b8731831abebd4,70f04e072c9c0c1ace86a56817e1b58b88627963f16a604de4b8731831abebd4,True,True,"[""3ee1481ed6eb41eba6e51ae045aaabe2""]","[""f7b8ff24926a41f5a20e223a5e05093e""]"
R4B,audit,lawbench_3-3_0264,ea7b13a9eb3124c5ac4cfa483bbf3ec942993ded55d528d4a1e1e2dc3b2d2154,ea7b13a9eb3124c5ac4cfa483bbf3ec942993ded55d528d4a1e1e2dc3b2d2154,5f7e6ca9ccd16948f657452049c184294a3cafca36f91e3f4604d1ef1b255dfd,5f7e6ca9ccd16948f657452049c184294a3cafca36f91e3f4604d1ef1b255dfd,False,False,WW,True,True,"[""故意伤害"", ""敲诈勒索"", ""非法拘禁""]","[""故意伤害"", ""非法拘禁""]",b3706f69fc3656de9de8acf9cf3b7dad635e888dd06603860a686b2d24857d50,b3706f69fc3656de9de8acf9cf3b7dad635e888dd06603860a686b2d24857d50,True,True,"[""68bcbbdfc26b4407959317a846027ea8""]","[""fa550c51d7f74c6ba1a760d34d862739""]"
R4B,audit,lawbench_3-3_0270,1cc008c312851792e1fb62fd2a6683be7576ddb9963b322a317e0cdcff31293f,1cc008c312851792e1fb62fd2a6683be7576ddb9963b322a317e0cdcff31293f,e5a9f0f5ada03b737d4433a9bca601285a64875049abee10195bf2002147cc8a,e5a9f0f5ada03b737d4433a9bca601285a64875049abee10195bf2002147cc8a,False,False,WW,False,False,"[""隐瞒犯罪所得""]","[""隐瞒犯罪所得""]",9deac95dab698e4434dc67b8267fa5ae4d345494eb83478707e67d1708a72b12,9deac95dab698e4434dc67b8267fa5ae4d345494eb83478707e67d1708a72b12,True,True,"[""1ff875513630466bb3a8da44091a848c""]","[""ecf9937eeca343e6a907f9ceeb8cd833""]"
R4B,audit,lawbench_3-3_0372,af7bd664efc718b07c42dfc8340317de48e3ee7f6a866d16e88d32d3ffce8352,af7bd664efc718b07c42dfc8340317de48e3ee7f6a866d16e88d32d3ffce8352,950f2c0b7082494d496228dbb65203360e772a6c835cd51faa7f82f6d67e74b4,950f2c0b7082494d496228dbb65203360e772a6c835cd51faa7f82f6d67e74b4,True,True,CC,False,False,"[""生产"", ""销售不符合安全标准的食品""]","[""生产"", ""销售不符合安全标准的食品""]",99be46299778668f6f562dc0629c849f49fc1f3822eafe90e959da8deb4dc98f,99be46299778668f6f562dc0629c849f49fc1f3822eafe90e959da8deb4dc98f,True,True,"[""13af116045eb4500b3c1b2a11d1f2eaa""]","[""8f4f7eda9d994125a414439e1857f21a""]"
R4B,audit,lawbench_3-3_0121,df7469830a352c01188d0ffcc52b547142eb11892c3fd51dfddcaee70bafbebf,df7469830a352c01188d0ffcc52b547142eb11892c3fd51dfddcaee70bafbebf,af25414d7ab85de6103ebcc026f9f5b3b9a8bd792e0dae9f03585d46c1ece722,af25414d7ab85de6103ebcc026f9f5b3b9a8bd792e0dae9f03585d46c1ece722,False,True,WC,True,True,"[""强迫劳动"", ""故意伤害"", ""非法拘禁""]","[""强迫劳动"", ""故意伤害""]",f88558176cda089f7f4f0acbd99263b055253a6d325783bf3a11bbc0195c674d,f88558176cda089f7f4f0acbd99263b055253a6d325783bf3a11bbc0195c674d,True,True,"[""25e9b6cdc6924283868f5065aeaf9895""]","[""babeddb5c2564180948936aa21aee2e3""]"
R4B,audit,lawbench_3-3_0375,00fe6c39d235c80b34d2bf927bb0aede9cd4a38a25a7e1250b6740f24df77362,00fe6c39d235c80b34d2bf927bb0aede9cd4a38a25a7e1250b6740f24df77362,916ff8ad236edd3538126f48de3ffabe32b5361706489379594aa6bc1cb7caab,916ff8ad236edd3538126f48de3ffabe32b5361706489379594aa6bc1cb7caab,False,False,WW,True,True,"[""非法处置危险废物罪"", ""非法排放危险废物罪"", ""非法经营危险废物罪""]",[],51e2156ee11eb835af2fefd76e0d833ec688034154da5b3f4df7508a47450d89,51e2156ee11eb835af2fefd76e0d833ec688034154da5b3f4df7508a47450d89,True,True,"[""1885b913613244dc9d2f22fd683abf2d""]","[""60b273ecf89e49d8be6c79927e341700""]"
R4B,audit,lawbench_3-3_0271,688e5ceb75ba759c24bea2738e4d7b77fadc5bafbcb50e59733e4fe9017ac55f,688e5ceb75ba759c24bea2738e4d7b77fadc5bafbcb50e59733e4fe9017ac55f,55653c9adbf6efc8a2902f0d3c0f225d53e2dbcc8159b1411a86c7c069f860aa,55653c9adbf6efc8a2902f0d3c0f225d53e2dbcc8159b1411a86c7c069f860aa,True,False,CW,True,True,"[""拒不支付劳动报酬""]","[""拒不支付劳动报酬罪""]",f6d1cb6f60b2e16db54ee2ba4ad3e6d9f0255d65e5e7abc1917daf763c840493,f6d1cb6f60b2e16db54ee2ba4ad3e6d9f0255d65e5e7abc1917daf763c840493,True,True,"[""226cfa6bb5204038b3a2a8dab4ce02e1""]","[""6442250ec9c742a0bab84d7257f04ba8""]"
R4B,audit,lawbench_3-3_0347,fd45411ea85804166dff826857e1304b2d08aa68eab214af0560d24aff6f92f1,fd45411ea85804166dff826857e1304b2d08aa68eab214af0560d24aff6f92f1,db9856e664da20ac1b2ce6c6834fbf40ebbbb71a3305b8540d559d37ae7793e2,db9856e664da20ac1b2ce6c6834fbf40ebbbb71a3305b8540d559d37ae7793e2,True,True,CC,False,False,"[""非法行医""]","[""非法行医""]",d14661d5fd3e2aa2f4bfedb5eab4120449cbf5372c58b7c92ee2d18176256589,d14661d5fd3e2aa2f4bfedb5eab4120449cbf5372c58b7c92ee2d18176256589,True,True,"[""a00f3614e04c4d37bda5c37d363ae2ca""]","[""019c3884345f4b17a4be8cc4089d8eed""]"
R4B,audit,lawbench_3-3_0459,388293f6d6308d7e7e057a034486a1ca96329d5728e7376a711fa4a37e3a120a,388293f6d6308d7e7e057a034486a1ca96329d5728e7376a711fa4a37e3a120a,fa0ca2ec9ed2530a380a5df97bc96e2b64ec41a99856c576540d8dd51cbcb19b,fa0ca2ec9ed2530a380a5df97bc96e2b64ec41a99856c576540d8dd51cbcb19b,False,False,WW,True,True,"[""单位行贿"", ""行贿""]","[""行贿""]",fb21324a4c9749b1480943ba5a884c3d514898b7fabccb1a6aa973cbcc5148db,fb21324a4c9749b1480943ba5a884c3d514898b7fabccb1a6aa973cbcc5148db,True,True,"[""cd418d642c854c3b89ce586eed50d620""]","[""3a3d745d35f74a67b5bc81a6b5200b1f""]"
R4B,audit,lawbench_3-3_0248,bc4e961c5636dc67cd8852127774f649965e21781754829e53c53ae418f03930,bc4e961c5636dc67cd8852127774f649965e21781754829e53c53ae418f03930,1b0bbcbbe1f16947958004edc040cced70c0b02cf0716efa384538fdabdb95b6,1b0bbcbbe1f16947958004edc040cced70c0b02cf0716efa384538fdabdb95b6,True,True,CC,False,False,"[""盗伐林木""]","[""盗伐林木""]",8dc015d0d669ba09c3939db07a541b758d8a22e1e1517bfaddd52564be6f2dd2,8dc015d0d669ba09c3939db07a541b758d8a22e1e1517bfaddd52564be6f2dd2,True,True,"[""bd98049807e7467aab8ba8e3f7b28a59""]","[""23affbf51eae4b6c9dff475e46615068""]"
R4B,audit,lawbench_3-3_0056,f6148672132e8c72c39148919713738292aaf332d206e2312498e7203319d905,f6148672132e8c72c39148919713738292aaf332d206e2312498e7203319d905,b8161d574ebd1c67c0dee862adcb3ef6f63abeabfdb3b0f6729ff61e4df0642b,b8161d574ebd1c67c0dee862adcb3ef6f63abeabfdb3b0f6729ff61e4df0642b,False,False,WW,False,False,"[""盗窃""]","[""盗窃""]",20b89098a32874ec1f372923749f0d4a85d449391697c5d7455d550a6dba8eb5,20b89098a32874ec1f372923749f0d4a85d449391697c5d7455d550a6dba8eb5,True,True,"[""7d759d6189f24e38bcb4bb84153def7e""]","[""3d7ea08ac52444b49da0f07530482546""]"
R4B,audit,lawbench_3-3_0355,8666acecf6983b5f862cef19c97310abe12fa597a946eb95964095a69a94401a,8666acecf6983b5f862cef19c97310abe12fa597a946eb95964095a69a94401a,4f362e205520f3d54671a1cf058053fcef6d7905b1fe7b87ccfd86fd02bcda34,4f362e205520f3d54671a1cf058053fcef6d7905b1fe7b87ccfd86fd02bcda34,False,False,WW,False,False,"[""诈骗""]","[""诈骗""]",f59364c8c5c2c24c0bcb9bec4641cd741ab36352b66b203e35b4239e0ff5f158,f59364c8c5c2c24c0bcb9bec4641cd741ab36352b66b203e35b4239e0ff5f158,True,True,"[""85760bf8b613410b938ca24415b758a9""]","[""c7ee2f7cd5c14c0e81062707896898c5""]"
R4B,audit,lawbench_3-3_0283,1df4ce46454cee3529b15417b0c675bb072441bd355167ccbbf587b450da1536,1df4ce46454cee3529b15417b0c675bb072441bd355167ccbbf587b450da1536,a7256b4c9417aa061cb4680499152f79090067dc7914afa902c705cfe2bba88c,a7256b4c9417aa061cb4680499152f79090067dc7914afa902c705cfe2bba88c,False,False,WW,True,True,"[""妨害公务罪"", ""故意伤害罪""]","[""妨害公务"", ""故意伤害"", ""毁灭证据""]",f6b0c6709a6a058bf98f299df8ac64fea6a29ef78e7bbda67fbf80770bba5719,f6b0c6709a6a058bf98f299df8ac64fea6a29ef78e7bbda67fbf80770bba5719,True,True,"[""b2ba1ab6505743a49e5273c6c93b4e80""]","[""dc998bd82de843f2a6d4ac13d7ea38ea""]"
R4B,audit,lawbench_3-3_0034,ba33444ad28a489102b69a91dd4fdc0b7be42a1e21a9d998e94068469e1e734a,ba33444ad28a489102b69a91dd4fdc0b7be42a1e21a9d998e94068469e1e734a,15a1fdf55a9cf4cb44d69952e45ce7d1b638824919dd6e5f75d755fb2f2c7a71,15a1fdf55a9cf4cb44d69952e45ce7d1b638824919dd6e5f75d755fb2f2c7a71,False,False,WW,False,False,"[""盗窃"", ""贩卖毒品""]","[""盗窃"", ""贩卖毒品""]",f3eab1872aacdf530ed6c09de094d3ec16afbf7d92924bf5fc4d38f6b9298cdd,f3eab1872aacdf530ed6c09de094d3ec16afbf7d92924bf5fc4d38f6b9298cdd,True,True,"[""9e0d35f0984c4b338323e7e8632b79ae""]","[""c30d5488f92c42a584fa727c2e177a3c""]"
R4B,audit,lawbench_3-3_0365,d97c4484dbbcccb6f95ce2faadc1932cfbc7727d733d523138e387b950bb418a,d97c4484dbbcccb6f95ce2faadc1932cfbc7727d733d523138e387b950bb418a,f0ad7fd481ddc06fc0296799724f338a7cafc47b56fd1664921ccc6f3a087404,f0ad7fd481ddc06fc0296799724f338a7cafc47b56fd1664921ccc6f3a087404,True,True,CC,False,False,"[""滥伐林木""]","[""滥伐林木""]",4f4c419c634b90e1f6a8060e27b11264a39d09ab837bb487c74f85183266ec24,4f4c419c634b90e1f6a8060e27b11264a39d09ab837bb487c74f85183266ec24,True,True,"[""5f0cafd7c0cb4122b566ca1585be5ed7""]","[""036bae075fa4478db90482eb15ade290""]"
R4B,audit,lawbench_3-3_0363,57a5a617e31c9676c305091bf29390e8e313f2108dfc4562029b0d73b51abf3d,57a5a617e31c9676c305091bf29390e8e313f2108dfc4562029b0d73b51abf3d,916ff8ad236edd3538126f48de3ffabe32b5361706489379594aa6bc1cb7caab,916ff8ad236edd3538126f48de3ffabe32b5361706489379594aa6bc1cb7caab,True,True,CC,False,False,"[""污染环境""]","[""污染环境""]",42cbe9710f970b8bc5cd63c0b956a980a9f4ee0c47ed2fc9579b49f7e1512359,42cbe9710f970b8bc5cd63c0b956a980a9f4ee0c47ed2fc9579b49f7e1512359,True,True,"[""eec64c15ae304e508cdf05c72ff1abb0""]","[""bca6eefa0bcd43db88dcf286e535cd3b""]"
R4B,audit,lawbench_3-3_0243,195937296ad382f0b32ed24dc1507784de0f72ee0257b09e2cf83adca9f9eb5d,195937296ad382f0b32ed24dc1507784de0f72ee0257b09e2cf83adca9f9eb5d,03e4b5f98b1923e5d28fa431468e5839b4e6256fdc10929274adc8249d973ea0,03e4b5f98b1923e5d28fa431468e5839b4e6256fdc10929274adc8249d973ea0,True,True,CC,False,False,"[""敲诈勒索"", ""诈骗""]","[""敲诈勒索"", ""诈骗""]",693f9cdb34964be7a1a0d37034654af1fa4ffbd6131ddaf32698f4130fe549a2,693f9cdb34964be7a1a0d37034654af1fa4ffbd6131ddaf32698f4130fe549a2,True,True,"[""ace95ef7abed4f899cbce94c5e5f8736""]","[""832f41fc116045efae4a2c23890c7f90""]"
R4B,audit,lawbench_3-3_0065,d2021046b1c302bf414c243fc3a0334e3e90fb9b5e33bc2a5845a7f71b562c17,d2021046b1c302bf414c243fc3a0334e3e90fb9b5e33bc2a5845a7f71b562c17,82f02466fb372ae7311ab173fe0b1d9699030582925d78dc7d504c787afe83d6,82f02466fb372ae7311ab173fe0b1d9699030582925d78dc7d504c787afe83d6,False,False,WW,True,True,"[""盗窃"", ""非法排放污染物""]","[""盗窃"", ""非法排放危险废物""]",65a6574b46ce6b2c51bc7f84d9c26cf836589da921872b56360ae377884f7764,65a6574b46ce6b2c51bc7f84d9c26cf836589da921872b56360ae377884f7764,True,True,"[""38b8b8c075a6443a83740b3b9b2f87d9""]","[""8fadba82612a4601b78456b4e00accec""]"
R4B,audit,lawbench_3-3_0382,4341365bc2a0efa8a62490f237e4cb88f57392fb159c3580a582db64384141e6,4341365bc2a0efa8a62490f237e4cb88f57392fb159c3580a582db64384141e6,88f53d63a142545a75c6b8c04f23c1887596c84b4b43ae2c0e15799fa023e92e,88f53d63a142545a75c6b8c04f23c1887596c84b4b43ae2c0e15799fa023e92e,False,False,WW,False,False,"[""受贿""]","[""受贿""]",68f2adbbfac32e7472c0cf97b6171a9388bb2002f5b890cb420b3cf0fd01abd5,68f2adbbfac32e7472c0cf97b6171a9388bb2002f5b890cb420b3cf0fd01abd5,True,True,"[""47363836629f42e8ae6cfc587dfa33ed""]","[""e503591e8c804c87ab939c833fdc0e83""]"
R4B,audit,lawbench_3-3_0319,983965854e858c321b0272e2f831cc8061bb6a0e55430cbb3eb3ec3a7a38aaeb,983965854e858c321b0272e2f831cc8061bb6a0e55430cbb3eb3ec3a7a38aaeb,2b53a29b06ca4bc21bbf98ebbd2bd13610f90dc6690b62580a74dabffcba796f,2b53a29b06ca4bc21bbf98ebbd2bd13610f90dc6690b62580a74dabffcba796f,True,True,CC,False,False,"[""拒不执行判决"", ""裁定""]","[""拒不执行判决"", ""裁定""]",f60a526c680f515ec3df06b23cee983a8dbfe31e76b1e86c4150be8d49ffc403,f60a526c680f515ec3df06b23cee983a8dbfe31e76b1e86c4150be8d49ffc403,True,True,"[""757b225b908f405195fc081b564b85c8""]","[""26100db1f31e4562b1e845736a951bd9""]"
R4B,audit,lawbench_3-3_0082,f0fd5827560044050cd6f32ea45e0302603c69bb0f45a1dc16d9a6966164bfed,f0fd5827560044050cd6f32ea45e0302603c69bb0f45a1dc16d9a6966164bfed,eb8ef450663ec57be6497a147ba3df5ec09aaf0e9566ec4ff728f355d8b2b5c7,eb8ef450663ec57be6497a147ba3df5ec09aaf0e9566ec4ff728f355d8b2b5c7,False,False,WW,True,True,"[""虚假出资罪"", ""虚开发票罪""]","[""虚假出资罪"", ""虚开增值税专用发票罪""]",6aa66aff7d4a458e0dba9e17873df8a68b7918b9bdf45ab0170a2540816856ef,6aa66aff7d4a458e0dba9e17873df8a68b7918b9bdf45ab0170a2540816856ef,True,True,"[""fb0913176fd34dd8994a7849c668c027""]","[""d4e39756ce5e46eeaa415e18b2365a80""]"
R4B,audit,lawbench_3-3_0276,53df7278c47de1802c00949bfe2517e28b93c5abbdb9afd3d787fb6b3d3e758b,53df7278c47de1802c00949bfe2517e28b93c5abbdb9afd3d787fb6b3d3e758b,d87e50228c9d336d39c1904c0e5df8a0e1f89d1ec3b7beac310aa7f6d3ae96c2,d87e50228c9d336d39c1904c0e5df8a0e1f89d1ec3b7beac310aa7f6d3ae96c2,True,True,CC,False,False,"[""非法持有毒品""]","[""非法持有毒品""]",060986b22b01f536df80f7f737491270dfb14d16d6650f3bd893d85c224ddbfa,060986b22b01f536df80f7f737491270dfb14d16d6650f3bd893d85c224ddbfa,True,True,"[""a70e58e2bae54aeab5eee74b16f4a8d2""]","[""cf50371d55554414845289775212e4f5""]"
R4B,audit,lawbench_3-3_0440,75d545dc57fa50e6a7c724799dad78f35a68cee06f0e41f7fc9f18cb87caaa11,75d545dc57fa50e6a7c724799dad78f35a68cee06f0e41f7fc9f18cb87caaa11,938f1df28d7dd22de4577ac811958820674158ae47df4b8fe20ef8feff28447f,938f1df28d7dd22de4577ac811958820674158ae47df4b8fe20ef8feff28447f,False,False,WW,False,False,"[""贷款诈骗""]","[""贷款诈骗""]",ec158b6f495f2d3a868e7fd1fe8d5da28683e4d2ef850bbb979f7c48c3737f03,ec158b6f495f2d3a868e7fd1fe8d5da28683e4d2ef850bbb979f7c48c3737f03,True,True,"[""2525722e86eb41b08ac610cb2c13b6eb""]","[""c5db2e5a959242ec9014a74ddfa8df8f""]"
R4B,audit,lawbench_3-3_0344,fffd4561b8d8021a5b117c290374626ca1cb2a693a0a70cf7d31c1f6318a3acb,fffd4561b8d8021a5b117c290374626ca1cb2a693a0a70cf7d31c1f6318a3acb,d94ba7e94ff6e49405b5270546cbd468e0226c0f0c8b384ad5663fc74cfd440e,d94ba7e94ff6e49405b5270546cbd468e0226c0f0c8b384ad5663fc74cfd440e,False,False,WW,True,True,"[""买卖国家机关公文"", ""伪造"", ""印章"", ""印鉴"", ""变造"", ""证件""]","[""买卖公司"", ""事业单位"", ""人民团体印章"", ""企业"", ""伪造"", ""变造""]",539e41cded64ce1acc37406d748a7a843b0a71c87a4646cb5ebe7c32134c83a0,539e41cded64ce1acc37406d748a7a843b0a71c87a4646cb5ebe7c32134c83a0,True,True,"[""26cbedcb4ad8471583e666aaf0a6c705""]","[""c0c5b21ad2c14056a91852f1a4884409""]"
R4B,audit,lawbench_3-3_0024,fe175c5fc9b61c4b458f0bf6f26854d2d035efaea99ad889b08a064b18521690,fe175c5fc9b61c4b458f0bf6f26854d2d035efaea99ad889b08a064b18521690,f2133e2d70a88e5844d925f2b2557b4c716b93132d05e721b6b3cd8f881208ae,f2133e2d70a88e5844d925f2b2557b4c716b93132d05e721b6b3cd8f881208ae,True,False,CW,True,True,"[""放火"", ""盗窃""]",[],4f2e40a9f5a52fe1243cdba3ca2bc27697a0cead39c80710112c4a476541288a,4f2e40a9f5a52fe1243cdba3ca2bc27697a0cead39c80710112c4a476541288a,True,True,"[""80c7ecf65c164ff9a47520e9c9f632ce""]","[""88b89e1c08db49a3b1b8b0e29410db08""]"
R4B,audit,lawbench_3-3_0417,fd0a6d42fad85da90633106691f4265c44dbceb995a39b8d5b92d529fc6e4f51,fd0a6d42fad85da90633106691f4265c44dbceb995a39b8d5b92d529fc6e4f51,60c267a394873e704ecd912abe5a5e768956493a32585ae1df869b68b32f5827,60c267a394873e704ecd912abe5a5e768956493a32585ae1df869b68b32f5827,False,False,WW,False,False,"[""假冒注册商标""]","[""假冒注册商标""]",442fdd03e7fc74a7e9c17e0d696b0198198798b18484c6fb3faa4a8787380e51,442fdd03e7fc74a7e9c17e0d696b0198198798b18484c6fb3faa4a8787380e51,True,True,"[""788bedf7ed034c4c8f270ef4f682e652""]","[""2f693010b4de47c0b2aa7f033d95b413""]"
R4B,audit,lawbench_3-3_0484,031e849ab31a5371229b1ad41ec680e8fe8f59568f9b2f0b05bb68d6d99377a9,031e849ab31a5371229b1ad41ec680e8fe8f59568f9b2f0b05bb68d6d99377a9,60c267a394873e704ecd912abe5a5e768956493a32585ae1df869b68b32f5827,60c267a394873e704ecd912abe5a5e768956493a32585ae1df869b68b32f5827,False,False,WW,False,False,"[""侵犯注册商标专用权""]","[""侵犯注册商标专用权""]",ecda1c8c3ef4f1755217cf0d1bf0eb0718a774b842463c553e0fe2b4597ee682,ecda1c8c3ef4f1755217cf0d1bf0eb0718a774b842463c553e0fe2b4597ee682,True,True,"[""3a8f62ab45dd4a08956efd561be1d32c""]","[""635e43a539da4bf4a40e065ceaf77016""]"
R4B,audit,lawbench_3-3_0157,f5e542971e2b333b986e79cc6b31082a3cafcf4b145ad68b097f048f57e09eb6,f5e542971e2b333b986e79cc6b31082a3cafcf4b145ad68b097f048f57e09eb6,aa5e0ba8a8dc96c7d8ca157316e939754bd8b61fb8f8adf1dff4a17de8cac729,aa5e0ba8a8dc96c7d8ca157316e939754bd8b61fb8f8adf1dff4a17de8cac729,False,False,WW,False,False,"[""挪用资金"", ""非法发放贷款""]","[""挪用资金"", ""非法发放贷款""]",c9ea3c83d8506ed21e355c6ff6a5dd0e56e28064e00053fb1ffca62fffd6e95f,c9ea3c83d8506ed21e355c6ff6a5dd0e56e28064e00053fb1ffca62fffd6e95f,True,True,"[""30a8c543a56243c5bb9e72f23cd0ad75""]","[""c20f2c7f1b7740cdb8a1bae648d19f62""]"
R4B,audit,lawbench_3-3_0461,736ae571f61d9ee0e5e7c8acf31851b72b23c12aa69fee18232ccf2dc72cb9c6,736ae571f61d9ee0e5e7c8acf31851b72b23c12aa69fee18232ccf2dc72cb9c6,d9fbd1fdef66412b5be306b036f2c761491caf25bb3914699c513d26d7519933,d9fbd1fdef66412b5be306b036f2c761491caf25bb3914699c513d26d7519933,False,False,WW,False,False,"[""伪证""]","[""伪证""]",09361437aca38ec68fdaec963724cb761a334c54ee4f7b3a4d4088bd8d528517,09361437aca38ec68fdaec963724cb761a334c54ee4f7b3a4d4088bd8d528517,True,True,"[""a53776de1e1e49488ca38546bbb74ebb""]","[""c6191ed2434242d185cf329f46e4a25a""]"
R4B,audit,lawbench_3-3_0281,7a766a8a943b3b3aa1ec8eb1fbe50fc1b57216de3cab2e44b1bc7ef7871911c9,7a766a8a943b3b3aa1ec8eb1fbe50fc1b57216de3cab2e44b1bc7ef7871911c9,6255a85bdbb767b46c24d3c72094b5aebbc63da1ba5c295ccc7740a987962db3,6255a85bdbb767b46c24d3c72094b5aebbc63da1ba5c295ccc7740a987962db3,False,False,WW,True,True,"[""徇私舞弊""]",[],7da2ea6ac2adb9feb611d6cb3514b7d69fa8a9a978f88b64257c1b014b802077,7da2ea6ac2adb9feb611d6cb3514b7d69fa8a9a978f88b64257c1b014b802077,True,True,"[""58eda2e1ce034cfd80c6668926c43b0b""]","[""3f96f294d7ba4659a1158a9fd32e1ee1""]"
R4B,audit,lawbench_3-3_0000,efad0e4c06f5b84f0ee10d7e157fa67dae432739110774d8724660f16f3c891a,efad0e4c06f5b84f0ee10d7e157fa67dae432739110774d8724660f16f3c891a,f6beef430efa425753f7c45c4c3029e268fd056ee6e2ec4788f4098d8e22f45f,f6beef430efa425753f7c45c4c3029e268fd056ee6e2ec4788f4098d8e22f45f,True,True,CC,False,False,"[""盗窃""]","[""盗窃""]",131434465d81dcf62a38df876402f3f52b8a9bec4cf2656787fad2fcb27cbcd0,131434465d81dcf62a38df876402f3f52b8a9bec4cf2656787fad2fcb27cbcd0,True,True,"[""8fa6ce65627848579d2a6cf1571fdbf8""]","[""54d17a0cfc1c4b1d97875f57bb1f1e60""]"
R4B,audit,lawbench_3-3_0054,5fb52070bb1b17459db908ee645f58afad2130ba022bb7ee4d61996e762366df,5fb52070bb1b17459db908ee645f58afad2130ba022bb7ee4d61996e762366df,4455568ffa35b249a428af335cabcb3311509961baf257264d61631868770b06,4455568ffa35b249a428af335cabcb3311509961baf257264d61631868770b06,False,False,WW,False,False,"[""传播淫秽物品牟利""]","[""传播淫秽物品牟利""]",85379ac98db7d4d6e34c0871f68f8deda7bc3710c8b5d51ae33a14b4b626a004,85379ac98db7d4d6e34c0871f68f8deda7bc3710c8b5d51ae33a14b4b626a004,True,True,"[""1fd8b5b58a5243b78cbab57ef0a98279""]","[""ca44288f03944db48352190036cc9785""]"
R4B,audit,lawbench_3-3_0115,01eb3f21dd52c7bc9199ab1f641767fda8164a53d01314b9762850ecd319e19f,01eb3f21dd52c7bc9199ab1f641767fda8164a53d01314b9762850ecd319e19f,5b4f894b55cb2a9b3847ba27921a5013774f8fcf175fa7d792b94b5704fd95ba,5b4f894b55cb2a9b3847ba27921a5013774f8fcf175fa7d792b94b5704fd95ba,False,False,WW,False,False,"[""诈骗""]","[""诈骗""]",5ce07c9d9f3c3a9a34daafc2c2bd45f07e8fb83984211857c4f1b41ca2dfa299,5ce07c9d9f3c3a9a34daafc2c2bd45f07e8fb83984211857c4f1b41ca2dfa299,True,True,"[""c19814a2080a48aeab447743a09ccbaa""]","[""40b827cf435b4d1b9eda1d984b6fefe5""]"
R4B,audit,lawbench_3-3_0191,55c4c3f41a2f6e396cbdedf3c3be2b15c76184d502faf48f3616b1ff7240e2dc,55c4c3f41a2f6e396cbdedf3c3be2b15c76184d502faf48f3616b1ff7240e2dc,cf798bb3eae1b0581530a31a15521a222971890eb6e643b3a18da69eca1e225a,cf798bb3eae1b0581530a31a15521a222971890eb6e643b3a18da69eca1e225a,False,False,WW,False,False,"[""非法储存危险物质""]","[""非法储存危险物质""]",b10343d0257fdb70c40093090934b8b562ef37d145c8a99dc2d4962007ddf960,b10343d0257fdb70c40093090934b8b562ef37d145c8a99dc2d4962007ddf960,True,True,"[""77a29ec1d39249dc8bb29eee0122047f""]","[""527a80ff1e344cf3b66bf80167664df5""]"
R4B,audit,lawbench_3-3_0061,a691e96d43b7485a6485318cb395b6af45f1444052f9812a333fa9c8998b8f54,a691e96d43b7485a6485318cb395b6af45f1444052f9812a333fa9c8998b8f54,979bf6247ea0c63eece88390efb4d0d51e2db28cd362970dd1d925b37447ed50,979bf6247ea0c63eece88390efb4d0d51e2db28cd362970dd1d925b37447ed50,False,False,WW,True,True,"[""诈骗罪"", ""非法设立、使用伪基站罪""]","[""诈骗"", ""非法设立、使用伪基站""]",fb8aa1b403c43c96b215903695d5e7a7b4e08571da1e65ab4d69fa29be3b399c,fb8aa1b403c43c96b215903695d5e7a7b4e08571da1e65ab4d69fa29be3b399c,True,True,"[""110f58e4496346928f003a3a4beebb7b""]","[""13fda934d53c49b6a51795d2184fa9f9""]"
R4B,audit,lawbench_3-3_0109,89a7619759e024c079c992cee015a919559e04c6897e91730bef56cf6eddf888,89a7619759e024c079c992cee015a919559e04c6897e91730bef56cf6eddf888,41446c2224dd99ed828cc63048ec8ad7dcbb65b9e7462db7151f533229f937d0,41446c2224dd99ed828cc63048ec8ad7dcbb65b9e7462db7151f533229f937d0,False,False,WW,False,False,"[""参加黑社会性质组织罪"", ""虚开增值税专用发票罪""]","[""参加黑社会性质组织罪"", ""虚开增值税专用发票罪""]",38199508cc37975a80c76a67861e72d0b9aba1d0121983b790a6c323de9c2b9d,38199508cc37975a80c76a67861e72d0b9aba1d0121983b790a6c323de9c2b9d,True,True,"[""31ebe6ef4e3c494e8ca5f1a3e378c9e8""]","[""2dbaa0b4342a41f9b9907992c80705a5""]"
R4B,audit,lawbench_3-3_0294,12fe4ce97235951a62c5e5f6107a5d0b6f35f82b5e1c30680d5a7f4f1c61b12a,12fe4ce97235951a62c5e5f6107a5d0b6f35f82b5e1c30680d5a7f4f1c61b12a,42c8c931f91c7563c59fdbaa02373aef11eb91e39fc0bcc3954bebbc80458af7,42c8c931f91c7563c59fdbaa02373aef11eb91e39fc0bcc3954bebbc80458af7,False,False,WW,True,True,"[""有害食品罪"", ""生产"", ""销售有毒""]","[""生产"", ""销售不符合食品安全标准的食品""]",fd5310ebaa466cbc26b47900139a52cd99d1824fcf47938cb29fab700111650b,fd5310ebaa466cbc26b47900139a52cd99d1824fcf47938cb29fab700111650b,True,True,"[""f2fa22f0d85c45a5bfc99edb64a56b4d""]","[""a5a8b4e1bc6b40c8bf0bf18154f29c10""]"
R4B,audit,lawbench_3-3_0152,01fbd6b1bc14509bbd52f050e3fb4715c1b10b3b29f3efafebbb08fa3de70746,01fbd6b1bc14509bbd52f050e3fb4715c1b10b3b29f3efafebbb08fa3de70746,89ab8887fcf6a93451082dd5af50e3eff4d25214beded6069e8f83420a335e20,89ab8887fcf6a93451082dd5af50e3eff4d25214beded6069e8f83420a335e20,False,False,WW,False,False,"[""故意伤害""]","[""故意伤害""]",f6b725c6c669f835ae5682df7765fd7cc520e6dbfa36618792af9f35748eeef0,f6b725c6c669f835ae5682df7765fd7cc520e6dbfa36618792af9f35748eeef0,True,True,"[""c32074a34c074593973ce6d43271b971""]","[""4c83847e2e004c2582a678ee315e7fa7""]"
R4B,audit,lawbench_3-3_0436,8fb85552bca6d3ba2095dd649b1914d8b5f6a69dd79d5768226c020bbdd7fb61,8fb85552bca6d3ba2095dd649b1914d8b5f6a69dd79d5768226c020bbdd7fb61,6a626e651c699931bfb4637f1e9c4d87366cc95ef8c134d5eaabc3c2e3359de0,6a626e651c699931bfb4637f1e9c4d87366cc95ef8c134d5eaabc3c2e3359de0,False,False,WW,False,False,"[""挪用资金""]","[""挪用资金""]",dc1128f5152aeb7885e79cf4aba3f56309881bbece88d9a58510a006e13dd721,dc1128f5152aeb7885e79cf4aba3f56309881bbece88d9a58510a006e13dd721,True,True,"[""165ed8cf7fa1455aa1258e187322c6e8""]","[""11f1221018b94deab69476c716db0e0e""]"
R4B,audit,lawbench_3-3_0010,ab2e637020b5289340400e323154619355ebe418d2cdcf679d85c955519a4048,ab2e637020b5289340400e323154619355ebe418d2cdcf679d85c955519a4048,e07e63b6e7c1374be5e43be56610af7730e113e1f0cb7fb33992a65321d7fc11,e07e63b6e7c1374be5e43be56610af7730e113e1f0cb7fb33992a65321d7fc11,False,False,WW,True,True,"[""信用卡诈骗"", ""敲诈勒索""]","[""信用卡诈骗""]",3626885771fe481b2cc3da50740e87dbb04e49a7fc941489bbe5b399e77de680,3626885771fe481b2cc3da50740e87dbb04e49a7fc941489bbe5b399e77de680,True,True,"[""c70ed4bf110647678f3fa3d0a1de4988""]","[""7ccfbc2d389c4afda95a58a606c1b954""]"
R4B,audit,lawbench_3-3_0455,d1106551046130958a476d352d36418c3fde3d036fef381052cd926e7abd070b,d1106551046130958a476d352d36418c3fde3d036fef381052cd926e7abd070b,60c267a394873e704ecd912abe5a5e768956493a32585ae1df869b68b32f5827,60c267a394873e704ecd912abe5a5e768956493a32585ae1df869b68b32f5827,True,False,CW,True,True,"[""销售假冒注册商标的商品""]","[""假冒注册商标""]",39df0477442110ba9ec1ca6e5f981a89fc1e1d7d9accc0577fe4dca17f57bba2,39df0477442110ba9ec1ca6e5f981a89fc1e1d7d9accc0577fe4dca17f57bba2,True,True,"[""090f414521754e13bcd18d6f5ac8564d""]","[""1cb6462e85784cd990b9a409ed480eac""]"
R4B,audit,lawbench_3-3_0423,b57ae70a28721525e7e3d9a47467bd4e8e2539f765e5f47d556e385cf6e46de6,b57ae70a28721525e7e3d9a47467bd4e8e2539f765e5f47d556e385cf6e46de6,8bd826e732cd098384b705e39235e25be640b05c0d2ade2bb6a6aa03c4e9aa1b,8bd826e732cd098384b705e39235e25be640b05c0d2ade2bb6a6aa03c4e9aa1b,False,False,WW,True,True,"[""聚众斗殴"", ""非法携带枪支、弹药、管制刀具、危险物品危及公共安全""]","[""聚众斗殴"", ""非法持有、私藏枪支、弹药""]",d31983b04997fdabb8394dae86ea717871944b6232987e24a15f3068cd532b58,d31983b04997fdabb8394dae86ea717871944b6232987e24a15f3068cd532b58,True,True,"[""a31b0114804549d79de3f92c836e90a1""]","[""0270c7fdc02240029c64d7ef68b5d062""]"
R4B,audit,lawbench_3-3_0195,b5b17109784309a8dddce18c137f6c2d048378a0fc4f6d93ce7db0061d44137a,b5b17109784309a8dddce18c137f6c2d048378a0fc4f6d93ce7db0061d44137a,bed41d04958bda63dc13a47a749a812335e79ce976079303d0e310e953002ae4,bed41d04958bda63dc13a47a749a812335e79ce976079303d0e310e953002ae4,True,True,CC,False,False,"[""洗钱""]","[""洗钱""]",a2d80571823300ce21e0a121f0adf74e91c6a8fe536158e2f06514f22c6eaca2,a2d80571823300ce21e0a121f0adf74e91c6a8fe536158e2f06514f22c6eaca2,True,True,"[""689b2d87b5a745049739a4fe3ff856d0""]","[""7a0f780a72f44736b2d1b5437c916e63""]"
R4B,audit,lawbench_3-3_0173,6173ee9f29db8249488ce09557da3e3b75b31e43a9abaa30e87527f258b3b5fe,6173ee9f29db8249488ce09557da3e3b75b31e43a9abaa30e87527f258b3b5fe,e58e2ea37825f6db1ee7032214d17317d9168a1e8ac565246f210bb9d3a900d0,e58e2ea37825f6db1ee7032214d17317d9168a1e8ac565246f210bb9d3a900d0,False,False,WW,False,False,"[""危险驾驶""]","[""危险驾驶""]",178522c8d7c4ca8927af574f8d0f7874a4047e55c8eda07a4bc31b05262deb2a,178522c8d7c4ca8927af574f8d0f7874a4047e55c8eda07a4bc31b05262deb2a,True,True,"[""43f38ea95b5143c18f07078585f9ff54""]","[""496428737a3146018eb0e68bb13134b9""]"
R4B,audit,lawbench_3-3_0225,190ccbcf8a315001a232b552f9e541950f38d742097fee61d00d2288af0c530b,190ccbcf8a315001a232b552f9e541950f38d742097fee61d00d2288af0c530b,e34c5aa9d4af673f7cd16d216f6b150c0c332bc91936575d6d9ed5bdf0ad5519,e34c5aa9d4af673f7cd16d216f6b150c0c332bc91936575d6d9ed5bdf0ad5519,False,False,WW,False,False,"[""走私普通货物""]","[""走私普通货物""]",a29cbf1e578536bd4d43882ae62dfd8a06cf0455610597fcb68ede287dccef89,a29cbf1e578536bd4d43882ae62dfd8a06cf0455610597fcb68ede287dccef89,True,True,"[""ef72ffc278d241b0a7721ce326a71bf7""]","[""4ef8e5c5704642dd9afe4b8a655786a5""]"
R4B,audit,lawbench_3-3_0458,4288c0a966c99ae8f243323cab9cb3f42f46c9e1f81c18abe2cd72b3a9f9cfdd,4288c0a966c99ae8f243323cab9cb3f42f46c9e1f81c18abe2cd72b3a9f9cfdd,88f53d63a142545a75c6b8c04f23c1887596c84b4b43ae2c0e15799fa023e92e,88f53d63a142545a75c6b8c04f23c1887596c84b4b43ae2c0e15799fa023e92e,False,False,WW,False,False,"[""受贿""]","[""受贿""]",aebc2a6ee24d4ba7201ac9f5ceea91c4d71d7599a8fbc73f92dc8bf80c638e6e,aebc2a6ee24d4ba7201ac9f5ceea91c4d71d7599a8fbc73f92dc8bf80c638e6e,True,True,"[""18a96f2d3716470d960b941c22a78fac""]","[""046228dbf4e34e0cad8062e90f9c2223""]"
R4B,audit,lawbench_3-3_0306,f2ab488851571a004e4e1d0e7b6cfc423d475e3a76b787b438521dc0770e07d3,f2ab488851571a004e4e1d0e7b6cfc423d475e3a76b787b438521dc0770e07d3,938f1df28d7dd22de4577ac811958820674158ae47df4b8fe20ef8feff28447f,938f1df28d7dd22de4577ac811958820674158ae47df4b8fe20ef8feff28447f,False,False,WW,True,True,"[""伪造、变造发票"", ""诈骗""]","[""诈骗""]",06da3b435f4296e3e91cad3b36b40ad931afb400b310adc16c3b62c9cfa8cfbe,06da3b435f4296e3e91cad3b36b40ad931afb400b310adc16c3b62c9cfa8cfbe,True,True,"[""f485bed965e244c585ded66ab6475238""]","[""395fd15e6d8846d9a1ac64655b416a9f""]"
R4B,audit,lawbench_3-3_0305,fd633ea6856f580ebb20be16d16d110c2da17b33e7edc98e2021107f2ccb6f94,fd633ea6856f580ebb20be16d16d110c2da17b33e7edc98e2021107f2ccb6f94,1b0bbcbbe1f16947958004edc040cced70c0b02cf0716efa384538fdabdb95b6,1b0bbcbbe1f16947958004edc040cced70c0b02cf0716efa384538fdabdb95b6,False,False,WW,True,True,[],"[""滥伐林木""]",567fa35798327aed4f1c0e5f281a43f7765767b13cded608c0165579f7ff5e04,567fa35798327aed4f1c0e5f281a43f7765767b13cded608c0165579f7ff5e04,True,True,"[""bda602e52ff94022a012ac576ef87928""]","[""7b7e314f09ed428a948012f26d060678""]"
R4B,audit,lawbench_3-3_0330,84e15d9bf05bcdc86b76d335731871da688fa1a0ae5be82e7aae7aedb714f7ea,84e15d9bf05bcdc86b76d335731871da688fa1a0ae5be82e7aae7aedb714f7ea,f0ad7fd481ddc06fc0296799724f338a7cafc47b56fd1664921ccc6f3a087404,f0ad7fd481ddc06fc0296799724f338a7cafc47b56fd1664921ccc6f3a087404,False,True,WC,True,True,"[""盗伐林木""]","[""滥伐林木""]",45a24f41c9e1f501e9f3bd886080888678ac6644efead0e2e57c58a8a28d0e3d,45a24f41c9e1f501e9f3bd886080888678ac6644efead0e2e57c58a8a28d0e3d,True,True,"[""d43d89ebdcaf4c13853a2a5a9974d45f""]","[""b5ef0d8ab7614c2aa5b24361d3b2ba91""]"
R4B,audit,lawbench_3-3_0405,ef906befb10d814297e73f8974f22305567d3c72117e90b27600f5e1067bbad3,ef906befb10d814297e73f8974f22305567d3c72117e90b27600f5e1067bbad3,af0199c13c3c3086dd253cbfd3374b97268da9451a881440464272c7f89877af,af0199c13c3c3086dd253cbfd3374b97268da9451a881440464272c7f89877af,False,True,WC,True,True,"[""诈骗""]","[""敲诈勒索""]",f5a97b1fb94f5d8b46ad608173e727305cda5e821d5417c20ddef9b5d98ee6fb,f5a97b1fb94f5d8b46ad608173e727305cda5e821d5417c20ddef9b5d98ee6fb,True,True,"[""674318b05dca4cb6964914411bbd101b""]","[""ca3501e195a0434c96ddd74bc4aba6d2""]"
R4B,audit,lawbench_3-3_0231,5da286f2fd7fdaceb491c77ad5846ebcc0c11244558f491253ac00428697a70b,5da286f2fd7fdaceb491c77ad5846ebcc0c11244558f491253ac00428697a70b,d87e50228c9d336d39c1904c0e5df8a0e1f89d1ec3b7beac310aa7f6d3ae96c2,d87e50228c9d336d39c1904c0e5df8a0e1f89d1ec3b7beac310aa7f6d3ae96c2,True,True,CC,False,False,"[""非法持有毒品""]","[""非法持有毒品""]",92cba0eecef4d9740b8f384eaa15d7b3b801e901f4dd87d4a613a68e9e3e8f32,92cba0eecef4d9740b8f384eaa15d7b3b801e901f4dd87d4a613a68e9e3e8f32,True,True,"[""ea4274e97fd848b5907f03e3310819c7""]","[""3a96a775db934f69afde1c95c76c6c95""]"
R4B,audit,lawbench_3-3_0256,5726b8c0d1186f03e9b8145ca421cd4dffaa9f86bc686ea25bb9029a93a06090,5726b8c0d1186f03e9b8145ca421cd4dffaa9f86bc686ea25bb9029a93a06090,e5a9f0f5ada03b737d4433a9bca601285a64875049abee10195bf2002147cc8a,e5a9f0f5ada03b737d4433a9bca601285a64875049abee10195bf2002147cc8a,False,False,WW,False,False,"[""收受赃物""]","[""收受赃物""]",bdcba0146c141b5f8c05928221916723c52995642981c1635929affda085bbfb,bdcba0146c141b5f8c05928221916723c52995642981c1635929affda085bbfb,True,True,"[""8caec75f96164fc2b1ee924cf9b8d43f""]","[""9a5ab4e7c0fd432680a4b4ca8376901e""]"
R4B,audit,lawbench_3-3_0005,493647627b7881b654de5885d9531103124cd11e44d19b5a2010f48e6b3acd4a,493647627b7881b654de5885d9531103124cd11e44d19b5a2010f48e6b3acd4a,ea1ad9c777bba92beea1dcce0ff809cc6f1cb03c1e14220f5ee98941366b0b1e,ea1ad9c777bba92beea1dcce0ff809cc6f1cb03c1e14220f5ee98941366b0b1e,False,False,WW,False,False,"[""故意伤害"", ""故意毁坏财物""]","[""故意伤害"", ""故意毁坏财物""]",4e56fa820507e493103301e8c3376db5271df2ad9f117f10de555366266de003,4e56fa820507e493103301e8c3376db5271df2ad9f117f10de555366266de003,True,True,"[""5c0e992aeed14e85b8961a2b762b69c9""]","[""963e2cb2b86d4b6cab6506b8db290b58""]"
R4B,audit,lawbench_3-3_0431,bf337d01c2febfc497d3e579108315ba5ad61ee6a2da37bb0b2cf1d0fb31408f,bf337d01c2febfc497d3e579108315ba5ad61ee6a2da37bb0b2cf1d0fb31408f,d4894bf9ddbf3e81e650ea8f8a5415e838847053d72c9db9a20cde640d35272d,d4894bf9ddbf3e81e650ea8f8a5415e838847053d72c9db9a20cde640d35272d,False,False,WW,True,True,"[""非法毁坏国家重点保护植物""]","[""毁坏国家重点保护野生植物"", ""非法采挖""]",99f1dc0abacbd8ea6b147d6968f5329aad53bfc27ff87ebb1a85d2153dfdb71a,99f1dc0abacbd8ea6b147d6968f5329aad53bfc27ff87ebb1a85d2153dfdb71a,True,True,"[""98e740c4f6364a7182f1d9e8c663e37b""]","[""ac3d5d0aa019465f913bc99d1a4ea05e""]"
R4B,audit,lawbench_3-3_0473,9aedd2c38103712f69e78b5a5e9dc590aaa217f748d5268480668647c160f32d,9aedd2c38103712f69e78b5a5e9dc590aaa217f748d5268480668647c160f32d,f9c0c4ba2ab1b0fa74af0e48182702973319cb00f04d7d37d8777133aad6d0be,f9c0c4ba2ab1b0fa74af0e48182702973319cb00f04d7d37d8777133aad6d0be,False,False,WW,True,True,"[""故意伤害"", ""非法持有枪支、弹药""]","[""故意伤害"", ""非法持有、私藏枪支、弹药""]",60257af0a2c755b09a743b880bfa4fc7c470fb1f0f96e5a1a63a25dc4eebcd27,60257af0a2c755b09a743b880bfa4fc7c470fb1f0f96e5a1a63a25dc4eebcd27,True,True,"[""ab0932c185aa4567ad2ef46e9035d495""]","[""39761cf515c441a881fc4f5c4eb49efa""]"
R4B,audit,lawbench_3-3_0356,e8c0a2830779c79098a6eff35d4b5e0833fa68245f4f5dcfb3431c57734b23f9,e8c0a2830779c79098a6eff35d4b5e0833fa68245f4f5dcfb3431c57734b23f9,42c8c931f91c7563c59fdbaa02373aef11eb91e39fc0bcc3954bebbc80458af7,42c8c931f91c7563c59fdbaa02373aef11eb91e39fc0bcc3954bebbc80458af7,False,False,WW,False,False,"[""非法添加食品添加剂""]","[""非法添加食品添加剂""]",7c69d71dd395cd3068204586021f4a5578d11d7890aa39e2a675f87cdea51da1,7c69d71dd395cd3068204586021f4a5578d11d7890aa39e2a675f87cdea51da1,True,True,"[""2592faa76f9b435fb5f99b978e4aff3e""]","[""47c125f16b454e5ab347bd6bc6c4b36d""]"
R4B,audit,lawbench_3-3_0224,41b7d3e47f2ff53ca64e8950cd8e7e9fac969455e36f17001716d7b1807a412a,41b7d3e47f2ff53ca64e8950cd8e7e9fac969455e36f17001716d7b1807a412a,8209291a6b1d0fa60478c6463467cefe4e730b6fb2a3e00535ec5b052681a78e,8209291a6b1d0fa60478c6463467cefe4e730b6fb2a3e00535ec5b052681a78e,True,True,CC,False,False,"[""抢夺""]","[""抢夺""]",2b753a8bc6e5b6f4a34034afe531f03c0be210fccdee884de71f69b640526a73,2b753a8bc6e5b6f4a34034afe531f03c0be210fccdee884de71f69b640526a73,True,True,"[""fca4b4f95f444bf5a0ffa8786702f1ba""]","[""f1a115a49fe249d68ef28aefca8c68e5""]"
R4B,audit,lawbench_3-3_0239,553bec5cc04d1f296c7eb9213e11e03a935a55fc92df1a582c103f9370d1a215,553bec5cc04d1f296c7eb9213e11e03a935a55fc92df1a582c103f9370d1a215,b53680f23abdd239f7f7c8d9d06e88fbc42ced580b5797ac4d7dde3c1bb38367,b53680f23abdd239f7f7c8d9d06e88fbc42ced580b5797ac4d7dde3c1bb38367,True,False,CW,True,True,"[""拐骗儿童""]","[""拐骗""]",d77d0cbfbc2eecdc474925298f08f3e21d1080a0f0f769621f3867b3f094bbcb,d77d0cbfbc2eecdc474925298f08f3e21d1080a0f0f769621f3867b3f094bbcb,True,True,"[""1096e80366a04346af8b8d16c0cef6c3""]","[""30461c4ade2a438bb099dabebbbd39ff""]"
R4B,audit,lawbench_3-3_0078,87ce60bc81d0414e09a84849b2374b5cbaee786ef6a3bf49160abcaa87e42f70,87ce60bc81d0414e09a84849b2374b5cbaee786ef6a3bf49160abcaa87e42f70,ac69c919aa18fbad98b6230948b9acdccc9ae85032aff11d0e6f4dd5281b211d,ac69c919aa18fbad98b6230948b9acdccc9ae85032aff11d0e6f4dd5281b211d,False,False,WW,True,True,"[""诈骗""]","[""伪造文书"", ""诈骗""]",7ba7502cc1cbd170d84d0c1d17feca52ce3d87e697269b59503f3b5c9ad79d1c,7ba7502cc1cbd170d84d0c1d17feca52ce3d87e697269b59503f3b5c9ad79d1c,True,True,"[""5464b2911480453191cd11a287365d3c""]","[""644a7998cfac4f1b93f781577a8e1eba""]"
R4B,audit,lawbench_3-3_0451,4c8c6812fc82cfa308cc1ee92c90e17d1138a2144f92b87f3099a6fe19efdb38,4c8c6812fc82cfa308cc1ee92c90e17d1138a2144f92b87f3099a6fe19efdb38,0a5b43df60d9a32f47001388a90ccd4b80a0fc1607beea57698cf6ce1c21a889,0a5b43df60d9a32f47001388a90ccd4b80a0fc1607beea57698cf6ce1c21a889,False,False,WW,False,False,"[""掩饰、隐瞒犯罪所得、犯罪所得收益"", ""盗窃""]","[""掩饰、隐瞒犯罪所得、犯罪所得收益"", ""盗窃""]",2ecb0fe50856b108c9bd50c3b02f7d34b3cfca1103218d9a1155027c37267756,2ecb0fe50856b108c9bd50c3b02f7d34b3cfca1103218d9a1155027c37267756,True,True,"[""5b701bd9530741c68e7e5132d4aab20e""]","[""ed5cf498f5154bc1b0e2ca6f093be9f8""]"
R4B,audit,lawbench_3-3_0009,82393703f84bd833bf3e20a72c9f448be4a989e811b483c285630457ec7cea6d,82393703f84bd833bf3e20a72c9f448be4a989e811b483c285630457ec7cea6d,3d1f33dfa443920d5ee68782a2c030f7baa0a2aa0452d8bca5a3fa63756da3a2,3d1f33dfa443920d5ee68782a2c030f7baa0a2aa0452d8bca5a3fa63756da3a2,True,True,CC,False,False,"[""受贿"", ""诈骗""]","[""受贿"", ""诈骗""]",e3d06dca6eeb20836182df646b225ebcc9ccbc1a1bd321c75559ef6f013faba0,e3d06dca6eeb20836182df646b225ebcc9ccbc1a1bd321c75559ef6f013faba0,True,True,"[""26ad88b9fbc44807a8852b42088ac534""]","[""5dbd05dbfbd04dcaac00e024e138a969""]"
R4B,audit,lawbench_3-3_0080,da3d2977cb2805cb68ba1fae8eaa1a766460a3740f2c24eca3c1b434985853bc,da3d2977cb2805cb68ba1fae8eaa1a766460a3740f2c24eca3c1b434985853bc,6dee9590012222a28cc81790572193108b22fbef217add13fa9001c88ea251bd,6dee9590012222a28cc81790572193108b22fbef217add13fa9001c88ea251bd,False,False,WW,True,True,"[""诈骗""]","[""盗窃""]",d292ea35b629459eb3543f9053e2e3a06612bf26771bb6f543e777b1321803ec,d292ea35b629459eb3543f9053e2e3a06612bf26771bb6f543e777b1321803ec,True,True,"[""42fd69043058454abd6174fc1f3014c6""]","[""940097823f914428aaf7d1b4b6abed33""]"
R4B,audit,lawbench_3-3_0381,93c0b88a4066e3f53d75efbbc8380a008d51d9844745359943f3a0c37bf61f66,93c0b88a4066e3f53d75efbbc8380a008d51d9844745359943f3a0c37bf61f66,8eb45b3c84c1e61507773733ee7180013b4f12cb3d985e44b4fbc62e15e27e8f,8eb45b3c84c1e61507773733ee7180013b4f12cb3d985e44b4fbc62e15e27e8f,False,False,WW,True,True,"[""杀害珍贵"", ""濒危野生动物"", ""非法猎捕""]","[""出售国家重点保护野生动物"", ""收购"", ""非法狩猎""]",cc450aeab7ac96c459526e369734d4f12060f78afb2d5c2b045b4433ec022c61,cc450aeab7ac96c459526e369734d4f12060f78afb2d5c2b045b4433ec022c61,True,True,"[""0f06d1f0f45d4f4abf914befcc9073b7""]","[""283040f780814b3b9963a531e49a5618""]"
R4B,audit,lawbench_3-3_0259,0f0710b16050b51de34573d4b56723cf4af10dd01debd53f4b3e2f27561eff81,0f0710b16050b51de34573d4b56723cf4af10dd01debd53f4b3e2f27561eff81,a7256b4c9417aa061cb4680499152f79090067dc7914afa902c705cfe2bba88c,a7256b4c9417aa061cb4680499152f79090067dc7914afa902c705cfe2bba88c,True,True,CC,False,False,"[""妨害公务""]","[""妨害公务""]",5c2b2f392ac58af70cdaa90cc3e07997645fa901b498563328661704537b90d4,5c2b2f392ac58af70cdaa90cc3e07997645fa901b498563328661704537b90d4,True,True,"[""37415d8cb6f4440f9c27a16ef29d41ec""]","[""603f40210bba49819d473d1574dc4999""]"
R4B,audit,lawbench_3-3_0128,13e04ec0109c902520a2e36a0cdfd9f7b4e46ffc3caa9cd3ea63823b3fb41af9,13e04ec0109c902520a2e36a0cdfd9f7b4e46ffc3caa9cd3ea63823b3fb41af9,bd3ff7b73377a70467931846ef214fc24fe7343599b346bf96955a69a1d8335c,bd3ff7b73377a70467931846ef214fc24fe7343599b346bf96955a69a1d8335c,False,False,WW,True,True,"[""伪造国家机关证件"", ""合同诈骗""]","[""合同诈骗""]",08f3798c9e5add809885c52ac6f1573890385deaeb0117d4d871f87a4146e952,08f3798c9e5add809885c52ac6f1573890385deaeb0117d4d871f87a4146e952,True,True,"[""46df2a3579c1477181e709a3667f873f""]","[""85c5c091a3964078a2ed20d1f528e4e0""]"
R4B,audit,lawbench_3-3_0268,44054547f2c006038f649fb1a8cdafaa9a1027043ca51194731b00aa4b873eff,44054547f2c006038f649fb1a8cdafaa9a1027043ca51194731b00aa4b873eff,e5a9f0f5ada03b737d4433a9bca601285a64875049abee10195bf2002147cc8a,e5a9f0f5ada03b737d4433a9bca601285a64875049abee10195bf2002147cc8a,False,False,WW,True,True,[],"[""掩饰"", ""隐瞒犯罪所得""]",589e5b3d3d84ad16f9fd343b6c58696db332be9030b85a406a9dd79ddfa7cd62,589e5b3d3d84ad16f9fd343b6c58696db332be9030b85a406a9dd79ddfa7cd62,True,True,"[""7a405d0a04ff46ee9f3bdaab4ea84328""]","[""398a7f2af37d4d30bd50a2c73175fdb1""]"
R4B,audit,lawbench_3-3_0354,0dc6e04b59eeac685e862a1916aa443513df88a80439a5bc4de964dcb88c7583,0dc6e04b59eeac685e862a1916aa443513df88a80439a5bc4de964dcb88c7583,0fa7456b0e2f1c0cae5ad8d4a61530d751622f196266097fd015e212e87fc90b,0fa7456b0e2f1c0cae5ad8d4a61530d751622f196266097fd015e212e87fc90b,True,True,CC,False,False,"[""非法吸收公众存款""]","[""非法吸收公众存款""]",e74519ce0f9fc974c82a6408c68b9ae5d9473d5d20362f6161adda60ed56761c,e74519ce0f9fc974c82a6408c68b9ae5d9473d5d20362f6161adda60ed56761c,True,True,"[""c73259c50ff34703aa276b26995867b4""]","[""7e68dcf784ad4591b98dba510501ab65""]"
R4B,audit,lawbench_3-3_0312,ead76ed906703fbd6456f344e91d8586cf14d5015a0d9a609bbbbd6efed91a61,ead76ed906703fbd6456f344e91d8586cf14d5015a0d9a609bbbbd6efed91a61,e065f16a85f97733e6820469ed4a8db56caccbed4086f24016660942f0962f00,e065f16a85f97733e6820469ed4a8db56caccbed4086f24016660942f0962f00,True,True,CC,False,False,"[""过失致人死亡""]","[""过失致人死亡""]",4799e524f200682be9887533559e3d23e4e7b5c5b80a03fa91b60988936bfee2,4799e524f200682be9887533559e3d23e4e7b5c5b80a03fa91b60988936bfee2,True,True,"[""4fe1a8797e17428cae61bc764d22a5f0""]","[""193735ac2e9249389c36df0a21b3fca2""]"
R4B,audit,lawbench_3-3_0102,a0d346b09eb8f98b620fa704e8ba402c854c6c894bd8eaccc458c027ab1ebdf5,a0d346b09eb8f98b620fa704e8ba402c854c6c894bd8eaccc458c027ab1ebdf5,161a249cda745cb8410bb6dcf5d0ea500af61e7a2ed84a438da3dda8c086a703,161a249cda745cb8410bb6dcf5d0ea500af61e7a2ed84a438da3dda8c086a703,False,False,WW,True,True,"[""非法开具增值税专用发票罪""]","[""虚开增值税专用发票罪""]",603d439cf6e4a4e0ca53c206a78ae089e1c4ab1e6eaeaa4f44ea7e8325ea519b,603d439cf6e4a4e0ca53c206a78ae089e1c4ab1e6eaeaa4f44ea7e8325ea519b,True,True,"[""52794b85d79249cdb630deb72486af85""]","[""4622e2375e8c4c2d8fefe022536bb852""]"
R4B,audit,lawbench_3-3_0337,e326f5a740d92a15c8ce27743b327c57ba2ff0f42b2ef84797f5a079df7968f7,e326f5a740d92a15c8ce27743b327c57ba2ff0f42b2ef84797f5a079df7968f7,6a5c8ed9914d121722761c6104f439fd7b2966de0332f3f8a73fd1a89fca7bbb,6a5c8ed9914d121722761c6104f439fd7b2966de0332f3f8a73fd1a89fca7bbb,False,False,WW,False,False,"[""生产、销售假药"", ""非法经营药品""]","[""生产、销售假药"", ""非法经营药品""]",c0421a5e40998270a29781a8fb1195177cb9fb5526bcec91337c2239a5ac610e,c0421a5e40998270a29781a8fb1195177cb9fb5526bcec91337c2239a5ac610e,True,True,"[""e2b7aa2d8aa249749f975d32fb81395a""]","[""5d3beafa6f6546b8918795008f4c4ba2""]"
R4B,audit,lawbench_3-3_0487,429ac3083f7288a591dcf3127c4fa7e0bae94f967d20b8b563dbbbb2325e1fe8,429ac3083f7288a591dcf3127c4fa7e0bae94f967d20b8b563dbbbb2325e1fe8,4bf098d419cff34d65e58b3ef5d3dddce8544f75d3249be34e931f344349f9db,4bf098d419cff34d65e58b3ef5d3dddce8544f75d3249be34e931f344349f9db,False,False,WW,True,True,"[""抢劫"", ""敲诈勒索""]","[""敲诈勒索""]",b10cd51fb01695d3f33b4bebfedbf30d2f7f4ed3e38a767c7477053860fbd0fd,b10cd51fb01695d3f33b4bebfedbf30d2f7f4ed3e38a767c7477053860fbd0fd,True,True,"[""24fe63a4581640c19b25340276e630be""]","[""490927f757804a339dd73b59fd0f5edb""]"
R4B,audit,lawbench_3-3_0491,2712a35b85b111715e7641b1b450476a369e0298cdd85406757ee043be55d95c,2712a35b85b111715e7641b1b450476a369e0298cdd85406757ee043be55d95c,4455568ffa35b249a428af335cabcb3311509961baf257264d61631868770b06,4455568ffa35b249a428af335cabcb3311509961baf257264d61631868770b06,False,False,WW,True,True,"[""贩卖淫秽物品""]","[""传播淫秽物品""]",98e34169c014f0bcea6e58304f50dc364c1cdaa22c301b8d38d9d9c2294c77ae,98e34169c014f0bcea6e58304f50dc364c1cdaa22c301b8d38d9d9c2294c77ae,True,True,"[""90a6be4470c3463886b2984ae84c3e53""]","[""9b21fdc16d39403ebe610ae99307becb""]"
R4B,audit,lawbench_3-3_0030,7112cfadf24d16a06d270f4d65bd775c6457d9536b9fcf588d6f36a643180fc8,7112cfadf24d16a06d270f4d65bd775c6457d9536b9fcf588d6f36a643180fc8,02b0d6a89c55137b7f70fff0b34793cb655f1ba553433b250e02b51d5b2716d3,02b0d6a89c55137b7f70fff0b34793cb655f1ba553433b250e02b51d5b2716d3,True,True,CC,False,False,"[""行贿"", ""诈骗""]","[""行贿"", ""诈骗""]",b48748e2561128dbb4429ab18e5e4bc8013db59e879452207e51cbc76a974aaa,b48748e2561128dbb4429ab18e5e4bc8013db59e879452207e51cbc76a974aaa,True,True,"[""4f0bad6e604c4518a2011036fbe94ec3""]","[""104d640bc26842ddaf2748b444c61943""]"
R4B,audit,lawbench_3-3_0404,c5733c36cc9335594eea1f2845237cad9dcb49305b86977f98624ac04bb4c92e,c5733c36cc9335594eea1f2845237cad9dcb49305b86977f98624ac04bb4c92e,6a626e651c699931bfb4637f1e9c4d87366cc95ef8c134d5eaabc3c2e3359de0,6a626e651c699931bfb4637f1e9c4d87366cc95ef8c134d5eaabc3c2e3359de0,True,True,CC,False,False,"[""挪用公款""]","[""挪用公款""]",b24c33f083f209743cf2bc0b4eff9eb38fc850983d49515d695ce37c5e65cac3,b24c33f083f209743cf2bc0b4eff9eb38fc850983d49515d695ce37c5e65cac3,True,True,"[""b7d3c554c4424cf9aad2e4628e44843c""]","[""62a63aaf9ff740b29e1037ac940bbfb7""]"
R7A,score,lawbench_3-3_0481,5212414cb7e7e75dec7db3b51a8a86f030d8c8fd8b997c1db2e4f7d9a84fc65d,5212414cb7e7e75dec7db3b51a8a86f030d8c8fd8b997c1db2e4f7d9a84fc65d,fa0ca2ec9ed2530a380a5df97bc96e2b64ec41a99856c576540d8dd51cbcb19b,fa0ca2ec9ed2530a380a5df97bc96e2b64ec41a99856c576540d8dd51cbcb19b,False,False,WW,True,True,"[""行贿"", ""非法采矿""]","[""伪造国家机关公文"", ""行贿"", ""非法采矿""]",b6d090e73afc1c56166b8d2e4686a56b6f4a11bd9f89be59576289cb1a8e8d62,b6d090e73afc1c56166b8d2e4686a56b6f4a11bd9f89be59576289cb1a8e8d62,True,True,"[""d4627d71ba2f41c68bf284594dc6a9f2""]","[""63c1588b104e438080e5bcc9af8448ec""]"
R7A,score,lawbench_3-3_0361,83f00640a7528cd0e8465f2e1d3c050fd468b3d8a6076448d53c0a185dcc081d,83f00640a7528cd0e8465f2e1d3c050fd468b3d8a6076448d53c0a185dcc081d,60c267a394873e704ecd912abe5a5e768956493a32585ae1df869b68b32f5827,60c267a394873e704ecd912abe5a5e768956493a32585ae1df869b68b32f5827,False,False,WW,False,False,"[""侵犯注册商标专用权""]","[""侵犯注册商标专用权""]",0b675628af9081bff84158a058ffefca06604bf02dfc06367de0af4945a707fb,0b675628af9081bff84158a058ffefca06604bf02dfc06367de0af4945a707fb,True,True,"[""930982328429402c877622f35830d92a""]","[""580a9122459947569dfd6b20c7084de3""]"
R7A,score,lawbench_3-3_0027,519535d8205fd37ad6ab145e45fc91b1454304844e92a05d050c1fcd7d316658,519535d8205fd37ad6ab145e45fc91b1454304844e92a05d050c1fcd7d316658,5be0491c360656123e5a577a4979c2a1325f9a6804b924dff207c0ba53777acc,5be0491c360656123e5a577a4979c2a1325f9a6804b924dff207c0ba53777acc,False,False,WW,False,False,"[""故意伤害""]","[""故意伤害""]",b3eaba78d10d0a525ebb892d7f58748f534e475f237500f1b055911dd7bcb5c5,b3eaba78d10d0a525ebb892d7f58748f534e475f237500f1b055911dd7bcb5c5,True,True,"[""10aa693aa8914a88832bb5a2862a89d7""]","[""4a8e8f2152f04ee597e387314902d9ab""]"
R7A,score,lawbench_3-3_0385,7e7c616fe3f79ca3c5302b484bee968919b72fa2b5d75b51efd708027ef600a2,7e7c616fe3f79ca3c5302b484bee968919b72fa2b5d75b51efd708027ef600a2,0a5b43df60d9a32f47001388a90ccd4b80a0fc1607beea57698cf6ce1c21a889,0a5b43df60d9a32f47001388a90ccd4b80a0fc1607beea57698cf6ce1c21a889,False,False,WW,True,True,"[""盗窃"", ""破坏公共设施""]","[""盗窃电线电缆罪""]",c3291b712959fabd24eb954c0117726011174369cab687c3d01370ee1cc4fb15,c3291b712959fabd24eb954c0117726011174369cab687c3d01370ee1cc4fb15,True,True,"[""7dd29caa3a9744a8917a3a1ca5fd9fb7""]","[""ed9d89b81881491a816921cf5d3cceae""]"
R7A,score,lawbench_3-3_0226,711c25cc3767a1e3940eedcc270b70fa1d99f70185704b0faffc2dae0d570faf,711c25cc3767a1e3940eedcc270b70fa1d99f70185704b0faffc2dae0d570faf,d394ca9e19451b8adf223f1547a23fcd577a36feefc75a3125b2f84dddedf127,d394ca9e19451b8adf223f1547a23fcd577a36feefc75a3125b2f84dddedf127,True,True,CC,False,False,"[""非法种植毒品原植物""]","[""非法种植毒品原植物""]",06d42d89efaf30c29527256166e55da518f521d24d30a09bcab0866cfd7447c5,06d42d89efaf30c29527256166e55da518f521d24d30a09bcab0866cfd7447c5,True,True,"[""24ec8d74c49c415296ba8dc8cc846c77""]","[""2c43344b34d94a3e903eedc9fcc6bd09""]"
R7A,score,lawbench_3-3_0200,5b51a2c4de8cc675f479c5bf1869a30b2782325026ff26015f90842439e5fc30,5b51a2c4de8cc675f479c5bf1869a30b2782325026ff26015f90842439e5fc30,18b46721de35eea17ac5aebf692eb9d475b60022ba09bfa57fad5e0a679914e0,18b46721de35eea17ac5aebf692eb9d475b60022ba09bfa57fad5e0a679914e0,True,True,CC,False,False,"[""失火""]","[""失火""]",0aecc302ecb3fd6415e6d9d2ff55a0c7a347bff30351cb4e3a4b220bae455ea0,0aecc302ecb3fd6415e6d9d2ff55a0c7a347bff30351cb4e3a4b220bae455ea0,True,True,"[""79013fe87e8248868ed73ae7b092a660""]","[""256a3b17d5e041ebb004547f69186f5d""]"
R7A,score,lawbench_3-3_0025,5dccb0b3713ebac3b07207924341a0585101ec5cc61d180738204f083963d04f,5dccb0b3713ebac3b07207924341a0585101ec5cc61d180738204f083963d04f,9b549e07c6eb4b085aac76725e87044a4db36c4571d146fb6a4c7d0665fac94b,9b549e07c6eb4b085aac76725e87044a4db36c4571d146fb6a4c7d0665fac94b,True,True,CC,False,False,"[""合同诈骗""]","[""合同诈骗""]",444fea5085815c17fb43b0074f295f71ad695a0eb3a8cb9b49b38fd5ab34af9f,444fea5085815c17fb43b0074f295f71ad695a0eb3a8cb9b49b38fd5ab34af9f,True,True,"[""b40037d80f704453b10a13068a79f7c6""]","[""43aeb1e6087d4c60826478fc665b78ee""]"
R7A,score,lawbench_3-3_0118,edf2952048f40c6cc5d4d98731713c9b2345e32e6fcb4b31e7d095e3492718d4,edf2952048f40c6cc5d4d98731713c9b2345e32e6fcb4b31e7d095e3492718d4,28ded1ecf23a6154855e028547d16a11fb79cad2373f6553fb5cf792b5782922,28ded1ecf23a6154855e028547d16a11fb79cad2373f6553fb5cf792b5782922,False,False,WW,True,True,"[""抵扣税款发票"", ""用于骗取出口退税"", ""虚开增值税专用发票""]","[""伪造发票"", ""虚开增值税专用发票、用于骗取抵扣税款发票""]",97b2eb625b19835e4b51730a5dece70a38677ef7d733d092b994753ea22f2684,97b2eb625b19835e4b51730a5dece70a38677ef7d733d092b994753ea22f2684,True,True,"[""0118a78a35cf4d2893fed86a3b1c6d62""]","[""1d0a9ec26f9740d1b652e07bfac164da""]"
R7A,score,lawbench_3-3_0450,97b3c26856b415c613cdc7a0b0c5b53bea8f496a2466e57d3199e30b70c7ebad,97b3c26856b415c613cdc7a0b0c5b53bea8f496a2466e57d3199e30b70c7ebad,d4894bf9ddbf3e81e650ea8f8a5415e838847053d72c9db9a20cde640d35272d,d4894bf9ddbf3e81e650ea8f8a5415e838847053d72c9db9a20cde640d35272d,True,False,CW,True,True,"[""毁坏国家重点保护植物"", ""非法采伐""]","[""非法毁坏国家重点保护植物""]",06706e8227ddefe58a4f0dae6c2a7ce005977739973835c0ee47f282b55f3f0a,06706e8227ddefe58a4f0dae6c2a7ce005977739973835c0ee47f282b55f3f0a,True,True,"[""123a768bd12849ef9526b3557cd72c64""]","[""34fee3f1e01e4f46a7bd8cfb33b18247""]"
R7A,score,lawbench_3-3_0241,d5a7e0f1a25093aa042b09781330aefa7b4426ac75863bc2be90c1c5d732ed38,d5a7e0f1a25093aa042b09781330aefa7b4426ac75863bc2be90c1c5d732ed38,7065f11e421648a40dad52cae624948db5ed83fb35a43c5a67eb2e50710eba08,7065f11e421648a40dad52cae624948db5ed83fb35a43c5a67eb2e50710eba08,False,False,WW,False,False,"[""开设赌场""]","[""开设赌场""]",2ca558fcd0fd52e6b5748d63440ae61d8bcab2eca2f2a7bfc48fc943c9d4a57f,2ca558fcd0fd52e6b5748d63440ae61d8bcab2eca2f2a7bfc48fc943c9d4a57f,True,True,"[""5d601278596848e69fa48d4b2392f35a""]","[""6d289c7958e546f5a07cbb86176991c0""]"
R7A,score,lawbench_3-3_0410,9a5bce60804a57cba8133c592f86a0a47be9aa17ed13c0a25f223c191de8d860,9a5bce60804a57cba8133c592f86a0a47be9aa17ed13c0a25f223c191de8d860,9611bf4b4b83452cd081baf9086d5965930f39c9b948cedf8e548ef3ff6e6974,9611bf4b4b83452cd081baf9086d5965930f39c9b948cedf8e548ef3ff6e6974,False,True,WC,True,True,"[""聚众扰乱公共场所秩序""]","[""聚众扰乱社会秩序""]",2f74c08c254bd60a0a51433d2952caf37cfa88bd2b079466ba051430d676c068,2f74c08c254bd60a0a51433d2952caf37cfa88bd2b079466ba051430d676c068,True,True,"[""d3340f26236548edaa7ab6a91aea90d3""]","[""9d176a07e116462699556bc6500049bb""]"
R7A,score,lawbench_3-3_0469,e8664b99441dc3cb1f45e298c0a12feff245b1980209c7e33c611c5f35737645,e8664b99441dc3cb1f45e298c0a12feff245b1980209c7e33c611c5f35737645,894b62d77a00a5ab42ae1b3dff91e16e7f47112cbb5b3ff5673af71a299a87d4,894b62d77a00a5ab42ae1b3dff91e16e7f47112cbb5b3ff5673af71a299a87d4,True,True,CC,False,False,"[""买卖国家机关公文"", ""伪造"", ""印章"", ""变造"", ""证件""]","[""买卖国家机关公文"", ""伪造"", ""印章"", ""变造"", ""证件""]",4e23a3ad21db4457179f1fbb7f091d8363646973217313afbf1d4111b999ee3e,4e23a3ad21db4457179f1fbb7f091d8363646973217313afbf1d4111b999ee3e,True,True,"[""0a4a5d614a91403a866ec91c7a65289d""]","[""0ed00a1ea0a94c73a33528a8ccd499d0""]"
R7A,score,lawbench_3-3_0437,77dfb8a4359a492b1b99d7c63dff41491fb4108c6cdffb208a7b8f582ca2dac6,77dfb8a4359a492b1b99d7c63dff41491fb4108c6cdffb208a7b8f582ca2dac6,5ab1599811572bd0933a1e52b798c8881d3b7c3037d98865072ae41ba0d9fd14,5ab1599811572bd0933a1e52b798c8881d3b7c3037d98865072ae41ba0d9fd14,False,False,WW,True,True,"[""销售假药"", ""非法生产""]","[""生产"", ""销售假药""]",f0ea4328edad2642ed5f1deaeb61e235fcc09b5465738dddec01e31b1333689b,f0ea4328edad2642ed5f1deaeb61e235fcc09b5465738dddec01e31b1333689b,True,True,"[""2060c089850e4feeb63dc1978efe6af9""]","[""792a7454de4b4c14831ba16adf8bbe94""]"
R7A,score,lawbench_3-3_0497,8f29850088a82ee9e738b9d9e68d507867878c9251e0c513a894d81fa43953d4,8f29850088a82ee9e738b9d9e68d507867878c9251e0c513a894d81fa43953d4,d4894bf9ddbf3e81e650ea8f8a5415e838847053d72c9db9a20cde640d35272d,d4894bf9ddbf3e81e650ea8f8a5415e838847053d72c9db9a20cde640d35272d,True,True,CC,False,False,"[""毁坏国家重点保护植物"", ""非法采伐""]","[""毁坏国家重点保护植物"", ""非法采伐""]",d29dd15bf69faed728819a30d0f330d2d20681ea901b0c371bad66dc65cb03c9,d29dd15bf69faed728819a30d0f330d2d20681ea901b0c371bad66dc65cb03c9,True,True,"[""132607863e42446897cff132c2a5619c""]","[""aa4178c809914153a299051030271b7b""]"
R7A,score,lawbench_3-3_0240,843ca4bf0f1b4706cc720dd82516e46699772a10df342e5c16940774b7822ad9,843ca4bf0f1b4706cc720dd82516e46699772a10df342e5c16940774b7822ad9,cae54507b26c86c54cb927f63da2e1e67782d65f3aa79ae784eabfeb51d79856,cae54507b26c86c54cb927f63da2e1e67782d65f3aa79ae784eabfeb51d79856,False,False,WW,False,False,"[""窝藏罪""]","[""窝藏罪""]",dc84207e4ee7a3f00ad4d31d8c966dce62fd495a187d4bd432a45a4ad7428c0c,dc84207e4ee7a3f00ad4d31d8c966dce62fd495a187d4bd432a45a4ad7428c0c,True,True,"[""32e6314b6c56437bbfc6c42a504211dc""]","[""7a447e2929174998b5fae5ca2e0fa962""]"
R7A,score,lawbench_3-3_0168,49ba29f97ee0ad1030fc6ef302f99521e7a9fc8c52d1725ae8a902f8ae263114,49ba29f97ee0ad1030fc6ef302f99521e7a9fc8c52d1725ae8a902f8ae263114,833371626b8f7671d1d0fc92e6630861931bc1fffb8c066483973980f1396ffa,833371626b8f7671d1d0fc92e6630861931bc1fffb8c066483973980f1396ffa,False,False,WW,False,False,"[""危险驾驶""]","[""危险驾驶""]",41fb5118d646cda7adab754802475c272c0c4cee48c32fef2a1cf5f6a954737d,41fb5118d646cda7adab754802475c272c0c4cee48c32fef2a1cf5f6a954737d,True,True,"[""853151606bfe4298bf4ecc6fc29b0912""]","[""2e9ec13e37784167849f37f375bb4de4""]"
R7A,score,lawbench_3-3_0364,3968ef908fcf036b4772545490a6f9f98a83daec6b2d8ec23f7d0c2457b50f7d,3968ef908fcf036b4772545490a6f9f98a83daec6b2d8ec23f7d0c2457b50f7d,1fa8857b448c6af9d3c189783a2461bbd10520e3c4b4755cd7f78f2c08166599,1fa8857b448c6af9d3c189783a2461bbd10520e3c4b4755cd7f78f2c08166599,True,True,CC,False,False,"[""放火""]","[""放火""]",6a0a6c70e03aaefe0860eb7a25ebc24bec7f27c976bcb48d7e181501eb7f0b2b,6a0a6c70e03aaefe0860eb7a25ebc24bec7f27c976bcb48d7e181501eb7f0b2b,True,True,"[""845f98dee6004bada1c9b9916f55c949""]","[""57eb7a4baee345c3b610d1ec3cce8140""]"
R7A,score,lawbench_3-3_0103,ed2b78e7068720b68043b0ad4ae95f56079f2d694fc4587096d01d60b2d01858,ed2b78e7068720b68043b0ad4ae95f56079f2d694fc4587096d01d60b2d01858,60c36a1c11d7fbbb7fb8696a011886b5263560a27658aaa9a3c8fe31fcf58ea1,60c36a1c11d7fbbb7fb8696a011886b5263560a27658aaa9a3c8fe31fcf58ea1,False,False,WW,True,True,"[""掩饰、隐瞒犯罪所得、犯罪所得收益"", ""盗窃"", ""非法持有、私藏枪支、弹药""]","[""掩饰、隐瞒犯罪所得、犯罪所得收益"", ""盗窃"", ""非法持有枪支、弹药"", ""非法持有爆炸物""]",b0b5f43660c834300d351228c428ce07d924b2bb1f85e220d19dba0cae657db7,b0b5f43660c834300d351228c428ce07d924b2bb1f85e220d19dba0cae657db7,True,True,"[""6f066945d11f4448b9967a785b682268""]","[""ddad9a2d2d654934b89e9b0694c6af54""]"
R7A,score,lawbench_3-3_0371,0e2515102b4e948103b40c54b9f36046b90c649533104864a1b8b59180abf578,0e2515102b4e948103b40c54b9f36046b90c649533104864a1b8b59180abf578,bd4f3cc48148953b7d0145b5d90cc86e5c5fb6fbf724b56ee0e8b4c0bb83eb65,bd4f3cc48148953b7d0145b5d90cc86e5c5fb6fbf724b56ee0e8b4c0bb83eb65,True,True,CC,False,False,"[""职务侵占"", ""贪污""]","[""职务侵占"", ""贪污""]",3159d042f3dd6cec41dd2072b30985230a7d7de7ce3d9ca43b6ee2b891f01dbe,3159d042f3dd6cec41dd2072b30985230a7d7de7ce3d9ca43b6ee2b891f01dbe,True,True,"[""0017425445154feba13f985fb9082410""]","[""89e564ffbdf74ca7891fe2d567174eb0""]"
R7A,score,lawbench_3-3_0266,d7b97d2f3599ddde1451947d403f320d375783cba8f6c89e6f61991a7262d271,d7b97d2f3599ddde1451947d403f320d375783cba8f6c89e6f61991a7262d271,af0199c13c3c3086dd253cbfd3374b97268da9451a881440464272c7f89877af,af0199c13c3c3086dd253cbfd3374b97268da9451a881440464272c7f89877af,True,True,CC,False,False,"[""敲诈勒索""]","[""敲诈勒索""]",7b61a292bf141da165880ac75928ef4de9f17e267c03ef9434ec8935b9825d6f,7b61a292bf141da165880ac75928ef4de9f17e267c03ef9434ec8935b9825d6f,True,True,"[""d78b81905281471db578be41e176f067""]","[""253cf737c8a64701aa7a958f8510d467""]"
R7A,score,lawbench_3-3_0206,b93ea6b29cebed0d56f961f744bb044ca667ac5068255679cc450abbc8365fdc,b93ea6b29cebed0d56f961f744bb044ca667ac5068255679cc450abbc8365fdc,bf972280b6ed0dbbbb5de5d0474c52544f4e64fc711df213c8b04d43a57a7f93,bf972280b6ed0dbbbb5de5d0474c52544f4e64fc711df213c8b04d43a57a7f93,False,False,WW,True,True,"[""过失以危险方法危害公共安全"", ""非法进行建筑活动""]","[""重大责任事故""]",36eec7ecdb2130b5316d528e4903fcd3ad4f639eb6a616a780a1ee9404f627d4,36eec7ecdb2130b5316d528e4903fcd3ad4f639eb6a616a780a1ee9404f627d4,True,True,"[""71925eb965f84ea29985b2d5703f32c5""]","[""0c5e01794544417f9c6da38338dcf0a5""]"
R7A,score,lawbench_3-3_0435,dc9dded99e26052200ec33ca0c132c264192b8931a39590c9b7f8e2413a73c6e,dc9dded99e26052200ec33ca0c132c264192b8931a39590c9b7f8e2413a73c6e,778b581d01609483397b42939b90fef15ef45a0021ddec25d1aa23a4991a8d73,778b581d01609483397b42939b90fef15ef45a0021ddec25d1aa23a4991a8d73,False,False,WW,False,False,"[""受贿""]","[""受贿""]",2eef38715f441366774c0aacd56c45a1b504627422ace35261000d6dfa2dcaaf,2eef38715f441366774c0aacd56c45a1b504627422ace35261000d6dfa2dcaaf,True,True,"[""5fc013b34e9b43e7bccaac80cd8f2bf7""]","[""8d444de69fc047f98dd7d8122c8adf1d""]"
R7A,score,lawbench_3-3_0416,bc13d024a7b68243f5aa9d6c0fac1c552f07e8dbbb28928bded7d2d15a57fc0e,bc13d024a7b68243f5aa9d6c0fac1c552f07e8dbbb28928bded7d2d15a57fc0e,8eb45b3c84c1e61507773733ee7180013b4f12cb3d985e44b4fbc62e15e27e8f,8eb45b3c84c1e61507773733ee7180013b4f12cb3d985e44b4fbc62e15e27e8f,True,True,CC,False,False,"[""非法狩猎""]","[""非法狩猎""]",ec4cf084839d043e3f469704583d114b2905c96b4ea051efd52c612211455091,ec4cf084839d043e3f469704583d114b2905c96b4ea051efd52c612211455091,True,True,"[""5b0e7825bd1644a3801f9692aea3c081""]","[""5476752a68404cbbb158fb5054a87c5c""]"
R7A,score,lawbench_3-3_0147,03ac4108fb21501500471ec75eb6ec73eb2c22f561e3f79b1ad0ca5c70775da3,03ac4108fb21501500471ec75eb6ec73eb2c22f561e3f79b1ad0ca5c70775da3,10273e1430a42cf237b9803bbede3383a05528ab32bffc58269f1aeff8b91980,10273e1430a42cf237b9803bbede3383a05528ab32bffc58269f1aeff8b91980,False,False,WW,False,False,"[""故意伤害""]","[""故意伤害""]",c3ba9c5daecab3c5ff176c39327404be4adc0c58fe8281389bc2733f68234d72,c3ba9c5daecab3c5ff176c39327404be4adc0c58fe8281389bc2733f68234d72,True,True,"[""0151c87f060e43749db045397197fcdd""]","[""6d0c20ae4ca84b53b939e11803f9873c""]"
R7A,score,lawbench_3-3_0048,1117768c7f8764e1c9ef62a793d63ccee66f5d8ff6f408e07b6a7aaa7770a831,1117768c7f8764e1c9ef62a793d63ccee66f5d8ff6f408e07b6a7aaa7770a831,4ea2d408fb0711f1aee6abfc4eda9994f8b555230092f7fbe8ae8b98f794fb7c,4ea2d408fb0711f1aee6abfc4eda9994f8b555230092f7fbe8ae8b98f794fb7c,False,False,WW,False,False,"[""盗窃""]","[""盗窃""]",28af986370163bee7acb62b11d5e1bb6f5fd49a5fdef127bf29ee1203018691a,28af986370163bee7acb62b11d5e1bb6f5fd49a5fdef127bf29ee1203018691a,True,True,"[""81549e07fcc4402faec6482f1eff30b7""]","[""374dcf17c56c41ab9a4d0812f567ed74""]"
R7A,score,lawbench_3-3_0475,5137da01ad08aef76b91da32c866af66ec85a0c6ed285a6e0f506e35f71b02c0,5137da01ad08aef76b91da32c866af66ec85a0c6ed285a6e0f506e35f71b02c0,984d416c9ae410ae2e91aae89b36fa3a462021457af4e491a8b0db2d2dc81193,984d416c9ae410ae2e91aae89b36fa3a462021457af4e491a8b0db2d2dc81193,False,False,WW,False,False,"[""故意伤害"", ""非法占用农用地""]","[""故意伤害"", ""非法占用农用地""]",5ce8b8aae9006f43c0c9a3ce92e9b775b375876c75c707768220b62a8cc26248,5ce8b8aae9006f43c0c9a3ce92e9b775b375876c75c707768220b62a8cc26248,True,True,"[""60c3eecc9a9045a1a02bce78b5132437""]","[""b55ab51689f4445c90a85416c938235b""]"
R7A,score,lawbench_3-3_0167,52080745dd356fceceec6e7391ec492ae91cb52d70b2bfe2f32c272016f72b46,52080745dd356fceceec6e7391ec492ae91cb52d70b2bfe2f32c272016f72b46,de4105e3119c1701b77b0c9e29ebe5e823c0b30e9b9d70508d90cb9d8b1d1df9,de4105e3119c1701b77b0c9e29ebe5e823c0b30e9b9d70508d90cb9d8b1d1df9,False,False,WW,True,True,[],"[""运输毒品"", ""非法运输毒品原植物种子""]",c80dea6b29a8560163b51833de2c6e026c212959a1d08eee71b8da935e4ab2bf,c80dea6b29a8560163b51833de2c6e026c212959a1d08eee71b8da935e4ab2bf,True,True,"[""01f20ae54d10430a8671182874e953e0""]","[""997fdff7c15744e193ea909e064a88b4""]"
R7A,score,lawbench_3-3_0220,dfd3c34a3a56f87570e8bda1bc17f101bdab55f5642675550966715463b87e83,dfd3c34a3a56f87570e8bda1bc17f101bdab55f5642675550966715463b87e83,950f2c0b7082494d496228dbb65203360e772a6c835cd51faa7f82f6d67e74b4,950f2c0b7082494d496228dbb65203360e772a6c835cd51faa7f82f6d67e74b4,True,True,CC,False,False,"[""生产"", ""销售不符合安全标准的食品""]","[""生产"", ""销售不符合安全标准的食品""]",1c947925183ef8d3f683827cc0b22fdee4563814000460bdf1ed2e842b4b7c02,1c947925183ef8d3f683827cc0b22fdee4563814000460bdf1ed2e842b4b7c02,True,True,"[""25a9e2ee04b74dcaa90deaef4c91bca6""]","[""7b9bfaa99c3342fb9da680a75c91cce4""]"
R7A,score,lawbench_3-3_0086,595a011e4f3b75130ff1270be6f288858420bd4cddbef48427a7bb9ce92c5672,595a011e4f3b75130ff1270be6f288858420bd4cddbef48427a7bb9ce92c5672,468ecb7f09fc72d2f31aede56e4e8d672ac894dc886496ab4e44f43a9d7ae8fd,468ecb7f09fc72d2f31aede56e4e8d672ac894dc886496ab4e44f43a9d7ae8fd,True,True,CC,False,False,"[""诈骗"", ""非法获取公民个人信息""]","[""诈骗"", ""非法获取公民个人信息""]",d8a36b00de2b3d03d294b6d40a2e2691c42b98517525a96a38993b00b99f5754,d8a36b00de2b3d03d294b6d40a2e2691c42b98517525a96a38993b00b99f5754,True,True,"[""8ecc7a7077974116aa59a0867599dec2""]","[""de8fc384bb754a1f98ad7f710673fdae""]"
R7A,score,lawbench_3-3_0104,d5fd84f43b60f75056d852bacad8c23692b7da637269494f4520c0c78d9d3494,d5fd84f43b60f75056d852bacad8c23692b7da637269494f4520c0c78d9d3494,7b7aa84256a1b67948a1369390b7bf0bde9e277f6d2684b611e1cff924ffb265,7b7aa84256a1b67948a1369390b7bf0bde9e277f6d2684b611e1cff924ffb265,False,False,WW,True,True,"[""抵扣税款发票"", ""虚开增值税专用发票""]","[""抵扣税款发票"", ""用于骗取税款"", ""虚开增值税专用发票""]",84e985aa4fecb5190f055f13ad14c0a1b5e30b2d5ea38fbabf6217a8620a66ee,84e985aa4fecb5190f055f13ad14c0a1b5e30b2d5ea38fbabf6217a8620a66ee,True,True,"[""afc27595e72b4d4db040f2b1e9a36c1e""]","[""9adce416fe354b9f800ffcea4e6210d8""]"
R7A,score,lawbench_3-3_0062,add4c33c52f841bb3eda03951719eb40fb999a8626f6754829ab1804541a7e36,add4c33c52f841bb3eda03951719eb40fb999a8626f6754829ab1804541a7e36,cae83db806fee541f720a6752b03ed2cdf9f83ba1ad5fe3651eeb5fda9662fb3,cae83db806fee541f720a6752b03ed2cdf9f83ba1ad5fe3651eeb5fda9662fb3,False,False,WW,False,False,"[""帮助毁灭证据"", ""故意伤害""]","[""帮助毁灭证据"", ""故意伤害""]",2eb304e42150b638b2c40cb8fe2a5f3b7ecacd3d946db975f2ed482e8ea9a470,2eb304e42150b638b2c40cb8fe2a5f3b7ecacd3d946db975f2ed482e8ea9a470,True,True,"[""10705c82cf044297b46e6f4c8772a8c4""]","[""53c4b0a110574c7bbef92d8abc73f9a2""]"
R7A,score,lawbench_3-3_0090,fc956cd9362aec8b650c5a7448097a9fcb9401fec689083fd82e5358e5487322,fc956cd9362aec8b650c5a7448097a9fcb9401fec689083fd82e5358e5487322,ac5ec9bd254a912cf0061d63111b1abc84a0c73c4bf0050c2da2953fa80021c4,ac5ec9bd254a912cf0061d63111b1abc84a0c73c4bf0050c2da2953fa80021c4,False,False,WW,True,True,"[""故意毁坏财物"", ""盗窃""]","[""故意毁坏财物"", ""盗窃"", ""破坏交通工具""]",eb8744aecd90c71a2e21de405f15b23fa45a0acb6c98651111f8c36842fed409,eb8744aecd90c71a2e21de405f15b23fa45a0acb6c98651111f8c36842fed409,True,True,"[""b073c04b607347448943024102257adb""]","[""375e1d8a951a49bcb0578aedf4f03482""]"
R7A,score,lawbench_3-3_0221,b967447ec942a5843a64b182476efeb247ab432bdfde4379ac876240690b9506,b967447ec942a5843a64b182476efeb247ab432bdfde4379ac876240690b9506,5a136ef4f2839b810659af0185e11a34345ad4fb5297eefa70834e3da0fffd75,5a136ef4f2839b810659af0185e11a34345ad4fb5297eefa70834e3da0fffd75,True,False,CW,True,True,"[""职务侵占""]","[""挪用资金""]",a50b0f2527e2ffc599c81d3c48949961ed3680e5c70f39200c405a15a5d7c8c9,a50b0f2527e2ffc599c81d3c48949961ed3680e5c70f39200c405a15a5d7c8c9,True,True,"[""f21c20ca51e34158882e5cc5bc4c9407""]","[""c2754af335f849cd9129f8867104ddb0""]"
R7A,score,lawbench_3-3_0247,87f9e6011eca5256f04b8fee2542feccd97bf5fa90b18079ab160ad0e07865aa,87f9e6011eca5256f04b8fee2542feccd97bf5fa90b18079ab160ad0e07865aa,b53680f23abdd239f7f7c8d9d06e88fbc42ced580b5797ac4d7dde3c1bb38367,b53680f23abdd239f7f7c8d9d06e88fbc42ced580b5797ac4d7dde3c1bb38367,False,False,WW,True,True,"[""介绍卖淫"", ""容留"", ""引诱"", ""强迫"", ""组织""]","[""协助组织卖淫"", ""组织、强迫、引诱、容留、介绍卖淫""]",1034916da8d95388cedc9decdba4b714f5fced8dd9e01488be2966bec1489e44,1034916da8d95388cedc9decdba4b714f5fced8dd9e01488be2966bec1489e44,True,True,"[""50ff2adb45b94924b3f10fa08964728f""]","[""315587dc2e5b4092914c3027d0fd5731""]"
R7A,score,lawbench_3-3_0293,c548486f630ff7c6648c64d8b828873887dbed32f4f98396eb019898205f7bfa,c548486f630ff7c6648c64d8b828873887dbed32f4f98396eb019898205f7bfa,db9856e664da20ac1b2ce6c6834fbf40ebbbb71a3305b8540d559d37ae7793e2,db9856e664da20ac1b2ce6c6834fbf40ebbbb71a3305b8540d559d37ae7793e2,True,True,CC,False,False,"[""非法行医""]","[""非法行医""]",4b4c1eb9753ce8f2c875137faaf3f2c654c853b7bdd09104bd17aba68e744c14,4b4c1eb9753ce8f2c875137faaf3f2c654c853b7bdd09104bd17aba68e744c14,True,True,"[""67ad35e6dc0c4a8b979a5a8a687c1fcc""]","[""979b651ef431409e95f1ffb6c49beb94""]"
R7A,score,lawbench_3-3_0146,8026e2819d651e3e7821e65eee1d4df400d0a327ee708f480b961b6205410f75,8026e2819d651e3e7821e65eee1d4df400d0a327ee708f480b961b6205410f75,bec988b183d29c34f58e2d2631f7adcc28a57469a0866ee3a776873155897837,bec988b183d29c34f58e2d2631f7adcc28a57469a0866ee3a776873155897837,False,False,WW,False,False,"[""故意伤害""]","[""故意伤害""]",8f9074eee3db2c1efa5921fec8cbdf2a369a328707b2c40ddba230f4aa8b00c2,8f9074eee3db2c1efa5921fec8cbdf2a369a328707b2c40ddba230f4aa8b00c2,True,True,"[""5dc98fadc44c47419c3f0a1ebddb465d""]","[""c7fb25becf174de69868d31d0b2b03e6""]"
R7A,score,lawbench_3-3_0477,6b8f1b53b0fb1ecc52d21b3810b3a265ecd93f59f6ecba77f9d8f8b3c8a096ba,6b8f1b53b0fb1ecc52d21b3810b3a265ecd93f59f6ecba77f9d8f8b3c8a096ba,976db1ef519dfd75ba6b40c7db700d7ce3358256085a3de932fd127b8e4e74db,976db1ef519dfd75ba6b40c7db700d7ce3358256085a3de932fd127b8e4e74db,False,False,WW,False,False,"[""拐卖妇女""]","[""拐卖妇女""]",b733e83ed7794d4e42b15d4f5ecace05198ae960de5aa72f90690989cc2d9728,b733e83ed7794d4e42b15d4f5ecace05198ae960de5aa72f90690989cc2d9728,True,True,"[""2b9b62d944fe4472b298abe37775c64e""]","[""fed16db25bcf43c4b5e683f40e0e4095""]"
R7A,score,lawbench_3-3_0384,03b4784cf8220a0d0e6f8b10a33731384b349bcd38c3437c3ec489eac5d098e9,03b4784cf8220a0d0e6f8b10a33731384b349bcd38c3437c3ec489eac5d098e9,ca4fd2874158585382e29fb08c8f089bc8a756bddbcf94d8a412f6b179b1ba29,ca4fd2874158585382e29fb08c8f089bc8a756bddbcf94d8a412f6b179b1ba29,False,False,WW,True,True,"[""容留他人卖淫""]","[""容留卖淫""]",166989f228e470736182b3cf8ac4e14e9fddc7b2ed5d233f1c493459b3ae5095,166989f228e470736182b3cf8ac4e14e9fddc7b2ed5d233f1c493459b3ae5095,True,True,"[""19479c62c372400ab69d7f82daf79b3b""]","[""209832b8f131419c85571b3c4f585e09""]"
R7A,score,lawbench_3-3_0307,9624d86ad8b71a3708b7e3123691ee87c35261fbc7ec07d65ca1318771ef1076,9624d86ad8b71a3708b7e3123691ee87c35261fbc7ec07d65ca1318771ef1076,36fc3634a905c4361e26b7c6d0d50db1e5850b8f6092493d1321726819335373,36fc3634a905c4361e26b7c6d0d50db1e5850b8f6092493d1321726819335373,False,True,WC,True,True,"[""组织"", ""领导传销活动罪""]","[""组织"", ""领导传销活动""]",e891ee312b564444f99404580303afd7c3cb901f394cee5eeb3ccf322c15e6b3,e891ee312b564444f99404580303afd7c3cb901f394cee5eeb3ccf322c15e6b3,True,True,"[""8b48a01e67a24720b2a642e6aeafdbdc""]","[""27e84c4946ab460bb530163156e3ccbb""]"
R7A,score,lawbench_3-3_0452,39eacfa7ce518f168329815619ca5809ce67324dcbdd929737f73094b287ca04,39eacfa7ce518f168329815619ca5809ce67324dcbdd929737f73094b287ca04,84f8082dd78f767091622e26008d7199d117dbe7a1876e1df2cfc68f9a9d3077,84f8082dd78f767091622e26008d7199d117dbe7a1876e1df2cfc68f9a9d3077,True,True,CC,False,False,"[""非法捕捞水产品""]","[""非法捕捞水产品""]",ea8b130d4a018760008cae81cf7c5e85f8e62ffa0918f9bb2e38128ecde643bd,ea8b130d4a018760008cae81cf7c5e85f8e62ffa0918f9bb2e38128ecde643bd,True,True,"[""94bd55d263bc42818df5e4ffa2b4f159""]","[""7ebdc0a6dbf84fa5a9d12d75ab6c431e""]"
R7A,score,lawbench_3-3_0495,1e615e35405ea6b21d2df032a3a5c09f3b063cc2e9dd280f7b49767d258b8cf1,1e615e35405ea6b21d2df032a3a5c09f3b063cc2e9dd280f7b49767d258b8cf1,5ab1599811572bd0933a1e52b798c8881d3b7c3037d98865072ae41ba0d9fd14,5ab1599811572bd0933a1e52b798c8881d3b7c3037d98865072ae41ba0d9fd14,False,False,WW,True,True,"[""销售假冒注册商标的商品""]","[""侵犯知识产权""]",fb1893d4bd55ffa1c8e35d647a2fa7952ff5a25df0946d74e7ce8775bf2c71de,fb1893d4bd55ffa1c8e35d647a2fa7952ff5a25df0946d74e7ce8775bf2c71de,True,True,"[""51a24dd93bc448ea896edfa1b78fc55e""]","[""97fa81f0f0484ed6b91e7b403c77d650""]"
R7A,score,lawbench_3-3_0105,45a12c1113d07817ef27673f5d95ec09e2e154f072b48a66ad665dbcfd328981,45a12c1113d07817ef27673f5d95ec09e2e154f072b48a66ad665dbcfd328981,403181e54142f7968f77a4537450e90de133afefafa72e4f600de0f568e4111b,403181e54142f7968f77a4537450e90de133afefafa72e4f600de0f568e4111b,False,False,WW,True,True,"[""伪造金融票证"", ""诈骗""]","[""伪造金融票证罪"", ""诈骗罪""]",6d22bcb87f169e133e3e76baf840f19296df3cd828fae6bef3bbc2b3ebb76c60,6d22bcb87f169e133e3e76baf840f19296df3cd828fae6bef3bbc2b3ebb76c60,True,True,"[""2d3ee408e7b04a96b324dafcdf704b76""]","[""1281692046584d64bbddc8185e152ab7""]"
R7A,score,lawbench_3-3_0113,c3f404eb71c4343187033a9b5e7cbe08cf7f423b89e1d20b0a697866d502effa,c3f404eb71c4343187033a9b5e7cbe08cf7f423b89e1d20b0a697866d502effa,d4d91cbe15e835c82777c314584f3c2d450308a35de49ef6030d1dfd7e1c1826,d4d91cbe15e835c82777c314584f3c2d450308a35de49ef6030d1dfd7e1c1826,False,False,WW,False,False,"[""收买"", ""非法提供他人信用卡信息""]","[""收买"", ""非法提供他人信用卡信息""]",cc4ee706865f4b7f4cd8ff4c076f1a27d9ee9134f569b748f45d2cf7d82a6e8e,cc4ee706865f4b7f4cd8ff4c076f1a27d9ee9134f569b748f45d2cf7d82a6e8e,True,True,"[""d7a582b3671c4d5b946e6d34ba52bba8""]","[""c475db176399466bb1419331a6566986""]"
R7A,score,lawbench_3-3_0218,4f106e0093d0126d49ef27834f7c0f20794755687ccbf1ee85164bfe4395cff3,4f106e0093d0126d49ef27834f7c0f20794755687ccbf1ee85164bfe4395cff3,88f53d63a142545a75c6b8c04f23c1887596c84b4b43ae2c0e15799fa023e92e,88f53d63a142545a75c6b8c04f23c1887596c84b4b43ae2c0e15799fa023e92e,False,False,WW,False,False,"[""受贿""]","[""受贿""]",c967c4e32022d638e4237f6f03961401f1a96aab4962dafc59806aa9af3e8040,c967c4e32022d638e4237f6f03961401f1a96aab4962dafc59806aa9af3e8040,True,True,"[""92890c6eb6824853a556f3beecf4e0c1""]","[""d3447f310aff46b2a4f92dad909d7535""]"
R7A,score,lawbench_3-3_0493,fbeee3eacf53f2771662366a5b3e5939f9a932cfc612df17878613769e02e472,fbeee3eacf53f2771662366a5b3e5939f9a932cfc612df17878613769e02e472,b80cda740c5c78e88bdda3d991e443edb1f95ab358c320c8b6e8efade0e22c50,b80cda740c5c78e88bdda3d991e443edb1f95ab358c320c8b6e8efade0e22c50,True,False,CW,True,True,"[""侮辱""]","[""侮辱"", ""故意伤害""]",56eb3097bb5f0739bd2bc0ee9cd911f4cbc26901801d5aee0cd0f394531d4253,56eb3097bb5f0739bd2bc0ee9cd911f4cbc26901801d5aee0cd0f394531d4253,True,True,"[""8317f2d9100e49f4a552ca5f009f640b""]","[""ca5de34d91124aaa9dbec6bfc0a7759a""]"
R7A,score,lawbench_3-3_0378,170f605558cb4a997fb05010d6f66c2c501ff8871ad79ca4b7c823b043d254cc,170f605558cb4a997fb05010d6f66c2c501ff8871ad79ca4b7c823b043d254cc,e065f16a85f97733e6820469ed4a8db56caccbed4086f24016660942f0962f00,e065f16a85f97733e6820469ed4a8db56caccbed4086f24016660942f0962f00,False,False,WW,True,True,[],"[""危险驾驶""]",6acd1d3c6a9fbbd0371d2130205b850d806f1d68a33a2c15ac37d7a4c018ddbf,6acd1d3c6a9fbbd0371d2130205b850d806f1d68a33a2c15ac37d7a4c018ddbf,True,True,"[""6b95b86c95cb422383f25ebeb16e927d""]","[""599d09c9e2b54348b65d3fff3691e41c""]"
R7A,score,lawbench_3-3_0446,c4377cb27cc048600a50bd7bafd00d6f483f770924f0083913dea31e2bae4658,c4377cb27cc048600a50bd7bafd00d6f483f770924f0083913dea31e2bae4658,d4894bf9ddbf3e81e650ea8f8a5415e838847053d72c9db9a20cde640d35272d,d4894bf9ddbf3e81e650ea8f8a5415e838847053d72c9db9a20cde640d35272d,True,False,CW,True,True,"[""毁坏国家重点保护植物"", ""非法采伐""]","[""非法采伐""]",308e374c425ae198aeee280b101f8c5629c5b054ccf0a4472daed71aec557455,308e374c425ae198aeee280b101f8c5629c5b054ccf0a4472daed71aec557455,True,True,"[""bd617025ecb54d30b4120a0f74828cf0""]","[""d97331d8da9d4c1280ec2887e1c84996""]"
R7A,score,lawbench_3-3_0254,4059a9f0fa1be2223519295b652202d596a543288c17c9f630df9dd2cd1627e1,4059a9f0fa1be2223519295b652202d596a543288c17c9f630df9dd2cd1627e1,418bfa06eed1a515f647fa1728a57a19a1f2369cf6e45769b2ac841f8ccb44fe,418bfa06eed1a515f647fa1728a57a19a1f2369cf6e45769b2ac841f8ccb44fe,True,True,CC,False,False,"[""故意毁坏财物""]","[""故意毁坏财物""]",bfb34ff272ea6c4a3e643cdf48ad95846f4b0588efedfbe1558c7410ceef24fe,bfb34ff272ea6c4a3e643cdf48ad95846f4b0588efedfbe1558c7410ceef24fe,True,True,"[""033ba71e9a4a4304b6d085ba9148587d""]","[""d5337d4a218b401dbaafae29e419a0e5""]"
R7A,score,lawbench_3-3_0019,5dcf75f9b1852a40544cde6d81f78388d5d7257df094034a312ccd53cfd5c33d,5dcf75f9b1852a40544cde6d81f78388d5d7257df094034a312ccd53cfd5c33d,49055036ce66ae21270dc105d06468dcd13aa66f8164ff881d92cc15b6f08f81,49055036ce66ae21270dc105d06468dcd13aa66f8164ff881d92cc15b6f08f81,False,False,WW,False,False,"[""故意伤害""]","[""故意伤害""]",0250a099b8997640e65afb285f061008aa9bdf3ba0d5c67c77bbac80b5b40de6,0250a099b8997640e65afb285f061008aa9bdf3ba0d5c67c77bbac80b5b40de6,True,True,"[""0eba0faca0d1441bb84be9c4d9bf7f1d""]","[""8269a3a58df548e58f00d28362e4dfa7""]"
R7A,score,lawbench_3-3_0402,185bcf2bb5e460e7bd0b6f0a7f916686cff65f71ea3e7b1b3b02ed063f321d49,185bcf2bb5e460e7bd0b6f0a7f916686cff65f71ea3e7b1b3b02ed063f321d49,18b46721de35eea17ac5aebf692eb9d475b60022ba09bfa57fad5e0a679914e0,18b46721de35eea17ac5aebf692eb9d475b60022ba09bfa57fad5e0a679914e0,True,True,CC,False,False,"[""失火""]","[""失火""]",6852f2c5a8df6bc9a3d43fc3bf9b3fdb46fac09c2adc94598c3268460d534004,6852f2c5a8df6bc9a3d43fc3bf9b3fdb46fac09c2adc94598c3268460d534004,True,True,"[""f3d5bfbf8bd1452893a6c3ca2d701f73""]","[""e59e8dd4a47648bb8f692a45e90b0792""]"
R7A,score,lawbench_3-3_0116,a53f065e126d3881eb7ccde2f374c5b3998efd40f7ecb3002b99627627f84d48,a53f065e126d3881eb7ccde2f374c5b3998efd40f7ecb3002b99627627f84d48,b303480c6d33b5466909433da525918489d5ae4b7158177f1e59af6a9c731ea9,b303480c6d33b5466909433da525918489d5ae4b7158177f1e59af6a9c731ea9,False,False,WW,False,False,"[""诈骗""]","[""诈骗""]",1b23fa505757e6c35f96ddbcde5c63e9957bfbdec3ca72a71d85b3feda332d77,1b23fa505757e6c35f96ddbcde5c63e9957bfbdec3ca72a71d85b3feda332d77,True,True,"[""5299bffd314e45859ae67d164036259a""]","[""c229b0ab5c7f46b5aff3f520a7d8b48e""]"
R7A,score,lawbench_3-3_0150,ff38a12e0497c58b8f4399e777faaafafde877c28746a33e878c85da7a6a9a25,ff38a12e0497c58b8f4399e777faaafafde877c28746a33e878c85da7a6a9a25,9f704727cb6517325c12358950414bd7be22aaba7bad0370d74f8afeecbed89f,9f704727cb6517325c12358950414bd7be22aaba7bad0370d74f8afeecbed89f,False,False,WW,False,False,"[""诈骗罪"", ""非法买卖文物罪""]","[""诈骗罪"", ""非法买卖文物罪""]",5ce999bcfa205e363b5af62fd54e92ba234687fdfc769458541fb31576470dab,5ce999bcfa205e363b5af62fd54e92ba234687fdfc769458541fb31576470dab,True,True,"[""7b14e57385554393890cc3775f7b3c62""]","[""0a752d10ca904aeeb5872cc731401bd3""]"
R7A,score,lawbench_3-3_0052,6781b9a35ca59ddced8e5be318fa97025c2ad2c49bf7da5a2196bc159d56e4d5,6781b9a35ca59ddced8e5be318fa97025c2ad2c49bf7da5a2196bc159d56e4d5,d38c6726895c1f554e3c44903ae6c6517b88dff6353e4564cb92398a2df0f98f,d38c6726895c1f554e3c44903ae6c6517b88dff6353e4564cb92398a2df0f98f,False,False,WW,False,False,"[""伪造武装部队证件"", ""非法使用武装部队专用标志""]","[""伪造武装部队证件"", ""非法使用武装部队专用标志""]",1ce464b387d52c2088795ad0c99dc23eea9edf82aec800ab28f7f168d2a51b64,1ce464b387d52c2088795ad0c99dc23eea9edf82aec800ab28f7f168d2a51b64,True,True,"[""e1ad2796dc8742f99f4c9372fcf62497""]","[""b706f54ca8584a73af4b54535f5f8efa""]"
R7A,score,lawbench_3-3_0063,e50aa40263dde57219978c0c5b0f0be4310cc981578f92b95fad491af6081497,e50aa40263dde57219978c0c5b0f0be4310cc981578f92b95fad491af6081497,1f85f8038d4e74285a6b6044c4d94b5e52cb030847c9a16fdd728858dcb3477d,1f85f8038d4e74285a6b6044c4d94b5e52cb030847c9a16fdd728858dcb3477d,False,False,WW,True,False,"[""放火未遂"", ""故意伤害""]","[""放火未遂"", ""故意伤害""]",9e917db420ca4bdcccbc43032f91868afee03c90fd547bea471bdb65614f8762,9e917db420ca4bdcccbc43032f91868afee03c90fd547bea471bdb65614f8762,True,True,"[""9d56476ff0fc47fbb09090721764bfc8""]","[""3d93299440dd494fa2e1363f8c0cdec5""]"
R7A,score,lawbench_3-3_0470,3a82aa48348b525649a732a417fac02c2c67ae5c0546519a970b07e86d36c763,3a82aa48348b525649a732a417fac02c2c67ae5c0546519a970b07e86d36c763,abc46a80162d551cb578fc8d66ddb14c8571773b56db1018bc47809e368b0306,abc46a80162d551cb578fc8d66ddb14c8571773b56db1018bc47809e368b0306,True,True,CC,False,False,"[""抢劫"", ""故意毁坏财物""]","[""抢劫"", ""故意毁坏财物""]",5b29d59dd9c28a601479fce6debd0b2a1ad8858b1c5d4b7fec7ef86628e998cc,5b29d59dd9c28a601479fce6debd0b2a1ad8858b1c5d4b7fec7ef86628e998cc,True,True,"[""e19fc2f4d2cc4eb0807ddef6c1b7027c""]","[""82fa4bab53d84d76adb67c0f238e0da1""]"
R7A,score,lawbench_3-3_0376,14cc20baf6c11acb5091d1b2467a6c608e808be0b3a5dd1e7ae8302bbdc9b6b3,14cc20baf6c11acb5091d1b2467a6c608e808be0b3a5dd1e7ae8302bbdc9b6b3,418bfa06eed1a515f647fa1728a57a19a1f2369cf6e45769b2ac841f8ccb44fe,418bfa06eed1a515f647fa1728a57a19a1f2369cf6e45769b2ac841f8ccb44fe,True,False,CW,True,True,"[""故意毁坏财物""]",[],2f885bacd76be59b4b963e36e831c3012553a06dc8d2081db930301c3232a1af,2f885bacd76be59b4b963e36e831c3012553a06dc8d2081db930301c3232a1af,True,True,"[""33bd5971927440aa941575bd25aa6219""]","[""1ba12d8b5cfb4c709c0707e66e344c0a""]"
R7A,score,lawbench_3-3_0357,e724b5ffd1b9420e2eb11e1ec49c2fa1001b52144239432cbf56b12a037caf20,e724b5ffd1b9420e2eb11e1ec49c2fa1001b52144239432cbf56b12a037caf20,18b46721de35eea17ac5aebf692eb9d475b60022ba09bfa57fad5e0a679914e0,18b46721de35eea17ac5aebf692eb9d475b60022ba09bfa57fad5e0a679914e0,True,True,CC,False,False,"[""失火""]","[""失火""]",f38d7d285a833a9b9daaef39dd64973b042701c69035a00c6d0032c92649ec1d,f38d7d285a833a9b9daaef39dd64973b042701c69035a00c6d0032c92649ec1d,True,True,"[""599306f21a30462f8713143d2cd6e5ba""]","[""a203cc62f18342d3be3dd851d0b6b2c6""]"
R7A,score,lawbench_3-3_0290,53ef8c65a0c358d679c5aa63c209d2fd7bc283ea730ce6fded0461a59f25f631,53ef8c65a0c358d679c5aa63c209d2fd7bc283ea730ce6fded0461a59f25f631,5e3a500d57c05a9a1c41c3dfcb722002bbd4de0182ae6028a03417b1f5b8edef,5e3a500d57c05a9a1c41c3dfcb722002bbd4de0182ae6028a03417b1f5b8edef,True,True,CC,False,False,"[""受贿""]","[""受贿""]",823a76b333c16c0b8f8819160901e1f7e605aa6d97550e998fda55d12c65744d,823a76b333c16c0b8f8819160901e1f7e605aa6d97550e998fda55d12c65744d,True,True,"[""bcb443da9f754fcaa9a62acb58479b5a""]","[""a1a76520c4284490b1986bf6205577ee""]"
R7A,score,lawbench_3-3_0166,c2552cbcc02cedc7fc6bf851bd8b82a37514e6fe36014dc9b3edc0e99515a7bc,c2552cbcc02cedc7fc6bf851bd8b82a37514e6fe36014dc9b3edc0e99515a7bc,6c098d12593c6465f2f89e75bb08c6c258e39a3f996dad275fff88c6bf73c28a,6c098d12593c6465f2f89e75bb08c6c258e39a3f996dad275fff88c6bf73c28a,False,False,WW,True,True,"[""徇私枉法"", ""贩卖毒品""]","[""徇私枉法罪"", ""贩卖毒品罪""]",550fb0ab27cc24dd38d564e9075ee98fbf42cfa1b5c2d84522ee2f15504f5629,550fb0ab27cc24dd38d564e9075ee98fbf42cfa1b5c2d84522ee2f15504f5629,True,True,"[""88779dc626f1443199837d530a8dc4c9""]","[""b28fa2d6af6548a6ae1bcc28f1bee8f8""]"
R7A,score,lawbench_3-3_0003,5d39d9fe835ff0bda82e4da2116253091e183d3fac83d12f895411e6e62c3dd2,5d39d9fe835ff0bda82e4da2116253091e183d3fac83d12f895411e6e62c3dd2,63c9e5fd614ee2ebe69f0b38bf66895f98807dcc2a0f3b3c77723b50c8cd5a55,63c9e5fd614ee2ebe69f0b38bf66895f98807dcc2a0f3b3c77723b50c8cd5a55,False,True,WC,True,True,"[""合同诈骗""]","[""诈骗""]",5317c637630107547f89cbdef24764c9f809574e0ada3606c15a8c36449b97c5,5317c637630107547f89cbdef24764c9f809574e0ada3606c15a8c36449b97c5,True,True,"[""dcc326e764b04a66b7636765ac7c1139""]","[""73560f3db2cb4d12929644363cefb7b3""]"
R7A,score,lawbench_3-3_0366,3262b677d5e4804a41556a55439225e608a998687ac11efe4d5a633e9b336b57,3262b677d5e4804a41556a55439225e608a998687ac11efe4d5a633e9b336b57,f6ca89b7ad91575eb6477b2bd8949c1cf659eec64c36b6c608c5acac97f2f6e4,f6ca89b7ad91575eb6477b2bd8949c1cf659eec64c36b6c608c5acac97f2f6e4,False,False,WW,False,False,"[""侵犯注册商标专用权""]","[""侵犯注册商标专用权""]",3fd8b9ef97ce8260040067652d90747fbb8ddf0de36e4572a836cf9876fd20ed,3fd8b9ef97ce8260040067652d90747fbb8ddf0de36e4572a836cf9876fd20ed,True,True,"[""48f696e78ab94bafb3996ba990b4cec9""]","[""faf3f964d218451d9cb691ca197b54b4""]"
R7A,score,lawbench_3-3_0274,cf0ae0b1a5a968e9c05e553bc9f204fe272c9e6e7bafa8e4bd7c0095d3259e3c,cf0ae0b1a5a968e9c05e553bc9f204fe272c9e6e7bafa8e4bd7c0095d3259e3c,d394ca9e19451b8adf223f1547a23fcd577a36feefc75a3125b2f84dddedf127,d394ca9e19451b8adf223f1547a23fcd577a36feefc75a3125b2f84dddedf127,True,True,CC,False,False,"[""非法种植毒品原植物""]","[""非法种植毒品原植物""]",d49e0e44bb06c88dffca77f5851d237f76d6b62b50b5b70095b845395ee51227,d49e0e44bb06c88dffca77f5851d237f76d6b62b50b5b70095b845395ee51227,True,True,"[""ba89460e9d524dcbaca7701293f7331b""]","[""a2ef41e9650f411cb46ba47c1ea92d11""]"
R7A,score,lawbench_3-3_0107,64f9b186466deee39c3bdb3a526db221704212055fee884873a2c5def901afcb,64f9b186466deee39c3bdb3a526db221704212055fee884873a2c5def901afcb,5e31e79a8bb85c816ce312ec5412344001dce235d8671e6ecf07338e2ff18ec4,5e31e79a8bb85c816ce312ec5412344001dce235d8671e6ecf07338e2ff18ec4,False,False,WW,True,True,"[""诈骗"", ""非法提供电信业务罪""]","[""诈骗"", ""非法使用专用通信设施""]",f6da2c5a5d9f9f39d9ee92c9845a425f110e7c438cf085283b25a7cfdc367b55,f6da2c5a5d9f9f39d9ee92c9845a425f110e7c438cf085283b25a7cfdc367b55,True,True,"[""e042f9eae8a4479f9db7908a1188aa24""]","[""1ac178fed83048c49b76d148653aba20""]"
R7A,score,lawbench_3-3_0013,d7e5f7ea36782e4b2742de6d82357f76fe82852c27447aefa39b8116a53d703e,d7e5f7ea36782e4b2742de6d82357f76fe82852c27447aefa39b8116a53d703e,5a136ef4f2839b810659af0185e11a34345ad4fb5297eefa70834e3da0fffd75,5a136ef4f2839b810659af0185e11a34345ad4fb5297eefa70834e3da0fffd75,False,False,WW,False,False,"[""盗窃""]","[""盗窃""]",7b3b6ae715d268880ea79d112586e9bb121e016a1c17feb84d6e667528519640,7b3b6ae715d268880ea79d112586e9bb121e016a1c17feb84d6e667528519640,True,True,"[""ad8d6d6d515141f485f7de0c7301a65c""]","[""30c3a58287334034b77e1ec5d5853d17""]"
R7A,score,lawbench_3-3_0311,a3017ba9ebb3adf0bc21fc37b8af89bb187ae1ebdd5f24be5d43ada9d9d32803,a3017ba9ebb3adf0bc21fc37b8af89bb187ae1ebdd5f24be5d43ada9d9d32803,4455568ffa35b249a428af335cabcb3311509961baf257264d61631868770b06,4455568ffa35b249a428af335cabcb3311509961baf257264d61631868770b06,False,False,WW,False,False,"[""传播淫秽物品""]","[""传播淫秽物品""]",885936b66a8fa4434c50e1d3fbc3b4a7d3e850ffc949bd0144ccf1fa92c03bcd,885936b66a8fa4434c50e1d3fbc3b4a7d3e850ffc949bd0144ccf1fa92c03bcd,True,True,"[""2d92226ea8d747659ca6ae0d77dd0da5""]","[""4502d8a69d5e4602a0a5378c56302f09""]"
R7A,score,lawbench_3-3_0438,2f3e4b44724c828b0f9157d04d813785dc061d813ad0f9bf4a748b7c37035b87,2f3e4b44724c828b0f9157d04d813785dc061d813ad0f9bf4a748b7c37035b87,1f2be6c0b3fd65188bf901c525b5d164fd86cbeb04ed58f36512aca0682fc92d,1f2be6c0b3fd65188bf901c525b5d164fd86cbeb04ed58f36512aca0682fc92d,False,False,WW,False,False,"[""虚开增值税普通发票""]","[""虚开增值税普通发票""]",dc33af4376fa85d30923bcff385e7704dfec22690811311c95fc38c52e9dad2f,dc33af4376fa85d30923bcff385e7704dfec22690811311c95fc38c52e9dad2f,True,True,"[""30e4c4edbd3c4ca29e1513c72af34036""]","[""2fc199667d5a420da5dbe1ecc2cbe5a2""]"
R7A,score,lawbench_3-3_0035,66de5db6ba98d1ca25e63e99fa6ecebe9ad7474a151acc8a2a2db83ed91a5a41,66de5db6ba98d1ca25e63e99fa6ecebe9ad7474a151acc8a2a2db83ed91a5a41,010505a9d6ad5542742e578ad23b093bbc81841e6f70a0c1b096af13abb4f0bb,010505a9d6ad5542742e578ad23b093bbc81841e6f70a0c1b096af13abb4f0bb,False,False,WW,False,False,[],[],15d674882336503f3612c6b7c256608e03924791afe480625f2048f7d13a867b,15d674882336503f3612c6b7c256608e03924791afe480625f2048f7d13a867b,True,True,"[""1dd4d2e3d21b4afbba78b30bc28ac95e""]","[""427f0ea1a5d340c59d9bc06295edeb82""]"
R7A,score,lawbench_3-3_0298,6bb492e13f6ad6f526a6f68cb6e56585f1fd727b192ecc3533fa75cd8f0c133f,6bb492e13f6ad6f526a6f68cb6e56585f1fd727b192ecc3533fa75cd8f0c133f,1356e4e1693d647390e5bfa76e1a28846f8f8b515c8ce660c31cb65742e41fb4,1356e4e1693d647390e5bfa76e1a28846f8f8b515c8ce660c31cb65742e41fb4,True,True,CC,False,False,"[""生产"", ""销售假药""]","[""生产"", ""销售假药""]",2a5a0e3c5b9486b4ce51db2a6c21c30d667fe39f170e21683ca6382d89b275f6,2a5a0e3c5b9486b4ce51db2a6c21c30d667fe39f170e21683ca6382d89b275f6,True,True,"[""5a0fbb6482514173ac69d19b27951d9e""]","[""56bd1634c69848f6ab88d63f7aef6b61""]"
R7A,score,lawbench_3-3_0204,6e446d66b8fb655e2942f869a50a2ce9592635e179cbb162e156060b3fc76e7b,6e446d66b8fb655e2942f869a50a2ce9592635e179cbb162e156060b3fc76e7b,c3ad9a3e9297fb2febf7e4b3221ba59cfdc17711c0649c3d8c4274b6bec6eb09,c3ad9a3e9297fb2febf7e4b3221ba59cfdc17711c0649c3d8c4274b6bec6eb09,False,False,WW,True,True,"[""故意伤害"", ""非法转让、倒卖土地使用权""]","[""拒不执行判决"", ""裁定""]",08030907c9c00587c71ba0d915387c7a3cff23249446a0ba7913ab0c2cc5412a,08030907c9c00587c71ba0d915387c7a3cff23249446a0ba7913ab0c2cc5412a,True,True,"[""7f2005e58b954a0c9b03d020fb80233e""]","[""0f81bf38af724c6eb9e28b7fa3b16117""]"
R7A,score,lawbench_3-3_0236,22f2f22072d56687b7dd17cf9cf03dedf6ecad7dc233e4bdd2c3ba614ecf2e60,22f2f22072d56687b7dd17cf9cf03dedf6ecad7dc233e4bdd2c3ba614ecf2e60,af0199c13c3c3086dd253cbfd3374b97268da9451a881440464272c7f89877af,af0199c13c3c3086dd253cbfd3374b97268da9451a881440464272c7f89877af,True,True,CC,False,False,"[""敲诈勒索""]","[""敲诈勒索""]",fe10f5cffc12529bfef4f2fa271f8aa1aacc76eecab7b4002f73ef1c16a5b88d,fe10f5cffc12529bfef4f2fa271f8aa1aacc76eecab7b4002f73ef1c16a5b88d,True,True,"[""10690bf1448a4371ba13a9fbd7d9c521""]","[""263596e793f74ca08c3bae3037e7c992""]"
R7A,score,lawbench_3-3_0258,023d576c7aeef4ce5ef1da8b37ba19af209a6d8d904e53ab268da9f69766e82b,023d576c7aeef4ce5ef1da8b37ba19af209a6d8d904e53ab268da9f69766e82b,418bfa06eed1a515f647fa1728a57a19a1f2369cf6e45769b2ac841f8ccb44fe,418bfa06eed1a515f647fa1728a57a19a1f2369cf6e45769b2ac841f8ccb44fe,True,True,CC,False,False,"[""故意毁坏财物""]","[""故意毁坏财物""]",c4731d5803b4d578d44d8b83f6f8066eccd919d37bb9a081badb422c7dfbb3bc,c4731d5803b4d578d44d8b83f6f8066eccd919d37bb9a081badb422c7dfbb3bc,True,True,"[""ea61552203174e66bfcc0845248b7b0b""]","[""21d2051008ce43c0810992eff9e2c921""]"
R7A,score,lawbench_3-3_0194,230082edd5dfdf57d1804f3db3f29a121f4dde65335c9dcca8c754bcd7035cb3,230082edd5dfdf57d1804f3db3f29a121f4dde65335c9dcca8c754bcd7035cb3,13e429ed600938ef9a26241d61e32b805a2c3cdc5cfe657ecf7c02b38e652999,13e429ed600938ef9a26241d61e32b805a2c3cdc5cfe657ecf7c02b38e652999,True,False,CW,True,True,"[""受贿"", ""巨额财产来源不明"", ""挪用公款""]","[""受贿"", ""挪用公款""]",55725deb9b0f76b07aa317ee93ebd782f9e826d52ebbde95a799ed01c10e8d2f,55725deb9b0f76b07aa317ee93ebd782f9e826d52ebbde95a799ed01c10e8d2f,True,True,"[""522d4572b8bf4b5f8c5e635cb4f5b74d""]","[""449dc2f591b44d15a689309c1f4b5fec""]"
R7A,score,lawbench_3-3_0332,001165ba985a342f558a5d714507278df0a9ae83edd8553203a6d7a2435a3c25,001165ba985a342f558a5d714507278df0a9ae83edd8553203a6d7a2435a3c25,8209291a6b1d0fa60478c6463467cefe4e730b6fb2a3e00535ec5b052681a78e,8209291a6b1d0fa60478c6463467cefe4e730b6fb2a3e00535ec5b052681a78e,False,False,WW,False,False,"[""盗窃""]","[""盗窃""]",0b66f73a8d99ce05f4a3c4cfe312ad32c46109056028c72afb9ffd104442cc30,0b66f73a8d99ce05f4a3c4cfe312ad32c46109056028c72afb9ffd104442cc30,True,True,"[""187ae4c821c24352bce2b35ebe4d29ad""]","[""78750679235f40f295c11c019d0aef4a""]"
R7A,score,lawbench_3-3_0183,dc1ddced93963bb07d9ad5d3caba186f72ba659b817a3e2219027ffd6aec0c4b,dc1ddced93963bb07d9ad5d3caba186f72ba659b817a3e2219027ffd6aec0c4b,263c6c15cfe5eae5dc85e68c08f3ec23d7cac0f419a4250f0bd5eac311d5e13e,263c6c15cfe5eae5dc85e68c08f3ec23d7cac0f419a4250f0bd5eac311d5e13e,False,False,WW,False,False,"[""过失损坏公用电信设施罪""]","[""过失损坏公用电信设施罪""]",6d15c931afeb485df7e3e422e160203108114831cedeca9a847ba2922fc6a8a5,6d15c931afeb485df7e3e422e160203108114831cedeca9a847ba2922fc6a8a5,True,True,"[""4b2297ef04a249e49a531c824db8365d""]","[""856632e323e041eead4e9eadc20ef0c9""]"
R7A,score,lawbench_3-3_0338,5d322120ac9efe6902d5fd20f3fc3fbb4c31f90a82e5a60a07012d26f9980819,5d322120ac9efe6902d5fd20f3fc3fbb4c31f90a82e5a60a07012d26f9980819,cae54507b26c86c54cb927f63da2e1e67782d65f3aa79ae784eabfeb51d79856,cae54507b26c86c54cb927f63da2e1e67782d65f3aa79ae784eabfeb51d79856,False,False,WW,True,True,"[""帮助犯罪分子逃跑""]","[""故意伤害"", ""窝藏、包庇""]",804997293ffd2f6942d221445f0a66cdcb5f3182003fabc74fdf2e1995ff9e80,804997293ffd2f6942d221445f0a66cdcb5f3182003fabc74fdf2e1995ff9e80,True,True,"[""db886c4db43f4245961e8533aa92a508""]","[""2871021cdb3941c1a7bced08f641e0b5""]"
R7A,score,lawbench_3-3_0176,0f91731440555aa70e17946f6485bc2520424280f6ce01f19543633975e43db6,0f91731440555aa70e17946f6485bc2520424280f6ce01f19543633975e43db6,a34acc08ee540d81ccce0a7f764f6e2975e1c6396f1d50f4ff567adbfa6c1c70,a34acc08ee540d81ccce0a7f764f6e2975e1c6396f1d50f4ff567adbfa6c1c70,False,False,WW,False,False,"[""遗弃罪""]","[""遗弃罪""]",8e6e4f311b3471515a9342809a2c05b846aff1e8f17f7376aee68675a2b79e9a,8e6e4f311b3471515a9342809a2c05b846aff1e8f17f7376aee68675a2b79e9a,True,True,"[""473206dfd43c4e07996a54ee8579ff32""]","[""1554a9712b174894bec3143b56685c39""]"
R7A,score,lawbench_3-3_0499,e50833671afb881dc91bf5144f5d8f8db07d8bbe74e5de159a9ed22bee41b84b,e50833671afb881dc91bf5144f5d8f8db07d8bbe74e5de159a9ed22bee41b84b,d0fcaeaa1f0b4b517a4acc1772dff39c422edace7b81b74893b8975ed88c8238,d0fcaeaa1f0b4b517a4acc1772dff39c422edace7b81b74893b8975ed88c8238,True,True,CC,False,False,"[""寻衅滋事"", ""开设赌场""]","[""寻衅滋事"", ""开设赌场""]",e667e3e51c4b5e5d2fac6af47696f640eafdf877ee82183740322b2b2dca11c9,e667e3e51c4b5e5d2fac6af47696f640eafdf877ee82183740322b2b2dca11c9,True,True,"[""9fddef24d1bf4b9ab800f815a9f68175""]","[""405c2e6e120047db86543c9b799adcd2""]"
R7A,score,lawbench_3-3_0202,a651c6aed58722d8fad7a6124debaf454d81ba7d1993bab39449b8c7c7baa7b4,a651c6aed58722d8fad7a6124debaf454d81ba7d1993bab39449b8c7c7baa7b4,74606d25a914939cd773fd1749cb38a3325bad7b36d4dc5e0a0a5c00e2df1962,74606d25a914939cd773fd1749cb38a3325bad7b36d4dc5e0a0a5c00e2df1962,True,True,CC,False,False,"[""容留他人吸毒""]","[""容留他人吸毒""]",122ad0bcb6f613f38fa361d0043a6688cf526d5e78bdbc1eb2780dffddb5a0c9,122ad0bcb6f613f38fa361d0043a6688cf526d5e78bdbc1eb2780dffddb5a0c9,True,True,"[""65344ec0df8248209c4ec9376cc5815a""]","[""a5d113bd86cb460486e4452f6c4db9b5""]"
R7A,score,lawbench_3-3_0321,f6a177fb7ce1be1417125ae9118122d1802470b43215cce64d495bdf77c826a2,f6a177fb7ce1be1417125ae9118122d1802470b43215cce64d495bdf77c826a2,5f7e6ca9ccd16948f657452049c184294a3cafca36f91e3f4604d1ef1b255dfd,5f7e6ca9ccd16948f657452049c184294a3cafca36f91e3f4604d1ef1b255dfd,False,False,WW,True,True,"[""故意伤害"", ""敲诈勒索"", ""非法拘禁""]","[""敲诈勒索"", ""非法拘禁""]",a8887b66b8f010c5d18860de161ac45223c0845be54d83857cedcaf319ce0ca6,a8887b66b8f010c5d18860de161ac45223c0845be54d83857cedcaf319ce0ca6,True,True,"[""29e65ef0e77f42ef959e0124792b0cd2""]","[""3ba0c6f46eb847ef8db9fed5dcda7458""]"
R7A,score,lawbench_3-3_0390,abe205e9de1d9b3b5883a4aa387f5708387877d7e915959cd09b9da6ad7a0cb7,abe205e9de1d9b3b5883a4aa387f5708387877d7e915959cd09b9da6ad7a0cb7,55653c9adbf6efc8a2902f0d3c0f225d53e2dbcc8159b1411a86c7c069f860aa,55653c9adbf6efc8a2902f0d3c0f225d53e2dbcc8159b1411a86c7c069f860aa,True,True,CC,False,False,"[""拒不支付劳动报酬""]","[""拒不支付劳动报酬""]",12be250ac87714c30906d81a0fdfda6ba99d3c02898bd6f63026466fbbd3e4c0,12be250ac87714c30906d81a0fdfda6ba99d3c02898bd6f63026466fbbd3e4c0,True,True,"[""b0902f808246439d91fad9f8cd3dad96""]","[""615fe9c4f5d146dda46cf28d211c43ba""]"
R7A,score,lawbench_3-3_0413,fab273270fd91c70497744e74102315cdf7089373bd4d456b4cace85d4a1eec2,fab273270fd91c70497744e74102315cdf7089373bd4d456b4cace85d4a1eec2,705e3c296a8f8ba1b9e021705d3e4141a301d5b95d29a70afc14d445e9705aa4,705e3c296a8f8ba1b9e021705d3e4141a301d5b95d29a70afc14d445e9705aa4,False,False,WW,True,True,"[""徇私舞弊""]",[],b1eb520ab85720e5feb2781344229f45718c9c292dc653c9235ae9861197feee,b1eb520ab85720e5feb2781344229f45718c9c292dc653c9235ae9861197feee,True,True,"[""65e43ceb22df4250b3d27162cd04182e""]","[""868487a00686416da43c3c698b8bbcc3""]"
R7A,score,lawbench_3-3_0441,2cdf9a90554261ad37b7d3b25a0a13ccdd73dc9900130da7a53665d6472c61bf,2cdf9a90554261ad37b7d3b25a0a13ccdd73dc9900130da7a53665d6472c61bf,c875a3b4fa6d24107243da160f1c4d7887f365796a32832f1375378650c86d9b,c875a3b4fa6d24107243da160f1c4d7887f365796a32832f1375378650c86d9b,False,False,WW,False,False,"[""信用卡诈骗""]","[""信用卡诈骗""]",b50ee624168a7eced339cda48701381110e993a3318f8c2da53dbd87d86b729d,b50ee624168a7eced339cda48701381110e993a3318f8c2da53dbd87d86b729d,True,True,"[""e44d0216c1114cd8ba03eabd15a33ee0""]","[""34caf7ad5b3144be993672aaa4d079c1""]"
R7A,score,lawbench_3-3_0388,9836b93a7c484d47deee76ff3e920a30f73cf086d26babfa5fc36cfb2d2378ee,9836b93a7c484d47deee76ff3e920a30f73cf086d26babfa5fc36cfb2d2378ee,d5e0da16e2d1eb2c9211dcd140b3ab7c22be50cbdfb1fbea1f0d7e07ae9b359b,d5e0da16e2d1eb2c9211dcd140b3ab7c22be50cbdfb1fbea1f0d7e07ae9b359b,True,True,CC,False,False,"[""杀害珍贵"", ""濒危野生动物"", ""非法猎捕""]","[""杀害珍贵"", ""濒危野生动物"", ""非法猎捕""]",31bc7b9c520dc8a2ff559cb110021665e57ca6197299dd24577028d7e2a7b7b8,31bc7b9c520dc8a2ff559cb110021665e57ca6197299dd24577028d7e2a7b7b8,True,True,"[""0916568248754d24864c943b21c479ae""]","[""17afd00a2ab34f81b7478378dc99c35c""]"
R7A,score,lawbench_3-3_0185,4140e5adf8d5a2d94fdf2fc57fa1a520ad6b7c11709508a785cfa67f372c7d6e,4140e5adf8d5a2d94fdf2fc57fa1a520ad6b7c11709508a785cfa67f372c7d6e,dad2e19fece5727f0f7eeac063c8a71b34024485beb4376ef79b9136ed1b3b10,dad2e19fece5727f0f7eeac063c8a71b34024485beb4376ef79b9136ed1b3b10,False,False,WW,True,True,"[""非法买卖间谍专用器材""]","[""非法销售间谍专用器材""]",cbdbdc5b1053f17506f9816a1fbc317993f261e51b63379bb8fdaee0aec72e6f,cbdbdc5b1053f17506f9816a1fbc317993f261e51b63379bb8fdaee0aec72e6f,True,True,"[""03f42124bf244ee4950c23baed905a6a""]","[""1f95d2e079a047aba9d732d4463e737e""]"
R7A,score,lawbench_3-3_0140,c25a9ce29f7f0e8acbef316af7a32628c3eb9395504e1eace143f96fbcac8088,c25a9ce29f7f0e8acbef316af7a32628c3eb9395504e1eace143f96fbcac8088,79a8d3107cbcf04ab7dae60b80991136508fcd501cc887a38fe58ea3c01a515f,79a8d3107cbcf04ab7dae60b80991136508fcd501cc887a38fe58ea3c01a515f,False,False,WW,True,True,"[""强制猥亵、侮辱妇女"", ""拐卖妇女""]","[""买卖人口"", ""强制猥亵、侮辱妇女""]",1ba444aea5c666f0ce963712933324e14dd7c18f145eaef118c4536c3aea798a,1ba444aea5c666f0ce963712933324e14dd7c18f145eaef118c4536c3aea798a,True,True,"[""5fb785b4076b41cba9b0929ef9026c25""]","[""9fe5c1b3717540a7a099f090447486a6""]"
R7A,score,lawbench_3-3_0033,7b1e71d97b5d33bfbbec266032ea6060bdc3b7aaadb2fab4fbdf19c97f563716,7b1e71d97b5d33bfbbec266032ea6060bdc3b7aaadb2fab4fbdf19c97f563716,ee504209e430d21fa0a36e62eca955888fdd69bfd0c9fc4493a6016202fa39e9,ee504209e430d21fa0a36e62eca955888fdd69bfd0c9fc4493a6016202fa39e9,True,True,CC,False,False,"[""故意伤害"", ""非法拘禁""]","[""故意伤害"", ""非法拘禁""]",54e6e195248b2dd636bca659902ff13b708b6cc301870ac6932772b2ce7309f8,54e6e195248b2dd636bca659902ff13b708b6cc301870ac6932772b2ce7309f8,True,True,"[""c667f4a1405542d6b743a11dece0a778""]","[""ac54eef013f04ccc843d70b4be9d6794""]"
R7A,score,lawbench_3-3_0285,c3c98ba9e569d279fe159a9cc36f7f874cadd9fedd7062211d65641cb6fada76,c3c98ba9e569d279fe159a9cc36f7f874cadd9fedd7062211d65641cb6fada76,f0ad7fd481ddc06fc0296799724f338a7cafc47b56fd1664921ccc6f3a087404,f0ad7fd481ddc06fc0296799724f338a7cafc47b56fd1664921ccc6f3a087404,True,True,CC,False,False,"[""滥伐林木""]","[""滥伐林木""]",d7f331f18cd4e016b6acc9f39c3ae2b5e9e433cc70ea99f2817fe8e0849c9d39,d7f331f18cd4e016b6acc9f39c3ae2b5e9e433cc70ea99f2817fe8e0849c9d39,True,True,"[""d9a4613e6cce47708ba00abb0ffb40d4""]","[""5f9421fa00a34518b843966d86141125""]"
R7A,score,lawbench_3-3_0114,080fa7609f0500c8dc6893772ea9d40d90b0aa27d7d5da92c90c3d6b272a0c4d,080fa7609f0500c8dc6893772ea9d40d90b0aa27d7d5da92c90c3d6b272a0c4d,0d91ebae1f49fc182a63dc3e7b6ba81f0c6e525fcd3071340ccc3f067e5593a9,0d91ebae1f49fc182a63dc3e7b6ba81f0c6e525fcd3071340ccc3f067e5593a9,False,False,WW,False,False,"[""诈骗""]","[""诈骗""]",3cf7fdedc09bc7868ff85e41c29b3ecdd1c3448871f1ad42a48b930c00ed561b,3cf7fdedc09bc7868ff85e41c29b3ecdd1c3448871f1ad42a48b930c00ed561b,True,True,"[""5476f988d7a8447bbf699917c4ddd786""]","[""04bb538eabeb4be786c215330a369fd3""]"
R7A,score,lawbench_3-3_0464,e4fd9176d15ca4e5daea0611fcd9a1ec2d98264543c886055c27c34e902db7e3,e4fd9176d15ca4e5daea0611fcd9a1ec2d98264543c886055c27c34e902db7e3,5ab1599811572bd0933a1e52b798c8881d3b7c3037d98865072ae41ba0d9fd14,5ab1599811572bd0933a1e52b798c8881d3b7c3037d98865072ae41ba0d9fd14,False,False,WW,False,False,"[""生产"", ""销售不符合安全标准的食品""]","[""生产"", ""销售不符合安全标准的食品""]",3d455e7050be1bad687fd6edab747fc68f27dabc697691956005812416cebdb7,3d455e7050be1bad687fd6edab747fc68f27dabc697691956005812416cebdb7,True,True,"[""ae6e24c1bb25426281ccbe83b7a711ec""]","[""1ad393a9b89f4043b26bc67d7bb9ab4a""]"
R7A,score,lawbench_3-3_0148,763677d1cc8f4faab2c5a5d181c9113cc9e407f5e25bb3949ddd12c2502bab00,763677d1cc8f4faab2c5a5d181c9113cc9e407f5e25bb3949ddd12c2502bab00,d1ab00f6c8204d7b173a62220caf90f10b4995afe2f0cfbd574e1de9523b0045,d1ab00f6c8204d7b173a62220caf90f10b4995afe2f0cfbd574e1de9523b0045,False,False,WW,False,False,"[""强迫吸毒"", ""故意伤害"", ""敲诈勒索""]","[""强迫吸毒"", ""故意伤害"", ""敲诈勒索""]",295c23233e69e113a9d801346c25af8ad17f934343026f849b44767ce5e969c9,295c23233e69e113a9d801346c25af8ad17f934343026f849b44767ce5e969c9,True,True,"[""e8d5ef50ef6541a788d0f80889970e26""]","[""96e162dbef0c4289acfaa1b14dd80109""]"
R7A,score,lawbench_3-3_0474,b30cb84db7b6612a3e12ec1f6426611740e313db9ebe122019de7b5551302303,b30cb84db7b6612a3e12ec1f6426611740e313db9ebe122019de7b5551302303,d9e27e76d60e486123e55319a79b859a5c59dbc514397e7e2022b71442ff33df,d9e27e76d60e486123e55319a79b859a5c59dbc514397e7e2022b71442ff33df,True,True,CC,False,False,"[""非法采矿""]","[""非法采矿""]",c98b721d9857b22a867c84fd2079a9ca49a0b07f7b25a89cddcc297b2e943dec,c98b721d9857b22a867c84fd2079a9ca49a0b07f7b25a89cddcc297b2e943dec,True,True,"[""815b533c28944d2da7bd5ace836dd933""]","[""1ef49868a4c6401fa45d67b9febceceb""]"
R7A,score,lawbench_3-3_0480,af108b95be63b778e0553505d5e1dbef822d4a3b6fa66d524b690bd2646940af,af108b95be63b778e0553505d5e1dbef822d4a3b6fa66d524b690bd2646940af,a34acc08ee540d81ccce0a7f764f6e2975e1c6396f1d50f4ff567adbfa6c1c70,a34acc08ee540d81ccce0a7f764f6e2975e1c6396f1d50f4ff567adbfa6c1c70,True,True,CC,False,False,"[""遗弃""]","[""遗弃""]",fe58632850b617bdf0c8e52c60213f246267924c256c30903d76537c7eb27297,fe58632850b617bdf0c8e52c60213f246267924c256c30903d76537c7eb27297,True,True,"[""17ef5ba6d5464af4b1a6110bd8fa6644""]","[""7e8321ea19534a419e809663a3d65436""]"
R7A,score,lawbench_3-3_0023,125a81d1d0eafea8418307e0280a71b855f7de98db42b8dbca942dbf1ac7e7e6,125a81d1d0eafea8418307e0280a71b855f7de98db42b8dbca942dbf1ac7e7e6,cc53884bbf29602574cad218c746201ed27e642f772c2236a3e7c1f258a943d8,cc53884bbf29602574cad218c746201ed27e642f772c2236a3e7c1f258a943d8,True,True,CC,False,False,"[""敲诈勒索"", ""盗窃""]","[""敲诈勒索"", ""盗窃""]",b222b56bc878f0a87e22b958b168a177c9f90b7539e879c5d9a12d6e1a7d85bf,b222b56bc878f0a87e22b958b168a177c9f90b7539e879c5d9a12d6e1a7d85bf,True,True,"[""c6f25f57fb174ad181d458d4b30d1004""]","[""651a15b7e9bb45b39d1225ac26033115""]"
R7A,score,lawbench_3-3_0161,b063227440294310cc9eb72d38a331d263bf68cc903d2d52a6508235bd2eaf1d,b063227440294310cc9eb72d38a331d263bf68cc903d2d52a6508235bd2eaf1d,ab6ea4e327c2c9c6660e4f1ddaeaaff285a0f054b23ddb34ec59df244bb4bbc5,ab6ea4e327c2c9c6660e4f1ddaeaaff285a0f054b23ddb34ec59df244bb4bbc5,False,True,WC,True,True,"[""非法经营罪""]","[""侵犯著作权""]",40078b81a3a9ed3f8f1781ce91c5f5eee544ec428dd1f1efa0f7868f853219f1,40078b81a3a9ed3f8f1781ce91c5f5eee544ec428dd1f1efa0f7868f853219f1,True,True,"[""84ad15e3360f434992f9ab2ab751870a""]","[""7a60322792be42d7b0a49975d11b4bc7""]"
R7A,score,lawbench_3-3_0252,05a04e06535fff3793579a7133639f3ac01d0d04b62b0de90ed0f8d0a714349e,05a04e06535fff3793579a7133639f3ac01d0d04b62b0de90ed0f8d0a714349e,c2902702ee2537a616b27e4d7937a4210ddd2a6e6df05bc075388f98bc3f0c8c,c2902702ee2537a616b27e4d7937a4210ddd2a6e6df05bc075388f98bc3f0c8c,False,True,WC,True,True,[],"[""行贿""]",b7997b4b8b16e9e0639feba04af59326b26617c346cf76db28c8bebcdee3abad,b7997b4b8b16e9e0639feba04af59326b26617c346cf76db28c8bebcdee3abad,True,True,"[""6099e05966554ac19145abbc006edd48""]","[""0cbf6f42fbef47019195843c17597a9a""]"
R7A,score,lawbench_3-3_0414,841b5c913a816a02eaa4cac916253a64307f039dca9960c37ffb082d5f48e31a,841b5c913a816a02eaa4cac916253a64307f039dca9960c37ffb082d5f48e31a,f2f1f78fa6995ac9db06bc14d55cfe9382867ff6017f27dd49fa18358629e504,f2f1f78fa6995ac9db06bc14d55cfe9382867ff6017f27dd49fa18358629e504,False,False,WW,False,False,"[""掩饰、隐瞒犯罪所得"", ""盗窃""]","[""掩饰、隐瞒犯罪所得"", ""盗窃""]",7d9df938140bf397bd3e36cd1efe842cc06191dfefa941dbb8955af0b250825f,7d9df938140bf397bd3e36cd1efe842cc06191dfefa941dbb8955af0b250825f,True,True,"[""576f85694e03442393345e32eae661cf""]","[""9e0e77559351446dae251271f2a65e8e""]"
R7A,score,lawbench_3-3_0316,068bd51ebf8bb4c959b3d6123c3ced44954b761cba7e4fa030583ff49f3d454c,068bd51ebf8bb4c959b3d6123c3ced44954b761cba7e4fa030583ff49f3d454c,1b0bbcbbe1f16947958004edc040cced70c0b02cf0716efa384538fdabdb95b6,1b0bbcbbe1f16947958004edc040cced70c0b02cf0716efa384538fdabdb95b6,False,False,WW,True,True,"[""毁坏森林资源罪"", ""非法采伐""]","[""滥伐林木""]",0c96caa7934c63b07cc9245bf71d14b44dc3b8f88ce2e669f35fd63f155a83e5,0c96caa7934c63b07cc9245bf71d14b44dc3b8f88ce2e669f35fd63f155a83e5,True,True,"[""867f465570e8424eaf0f4b76cf5035ed""]","[""b08d217e15aa41f9883e8017349486be""]"
R7A,score,lawbench_3-3_0490,8578a37a7709499e615a9bbd953a8210bbd359f576aceda9aa55cc04bdc85932,8578a37a7709499e615a9bbd953a8210bbd359f576aceda9aa55cc04bdc85932,168294319fc0ed3619d74e5117462ed42b702e7dd28a286e9095bdd57904fd88,168294319fc0ed3619d74e5117462ed42b702e7dd28a286e9095bdd57904fd88,True,False,CW,True,True,"[""集资诈骗""]","[""非法吸收公众存款""]",a78b4c4cd1fd2cc8ff91de9e8df9e549dfa0bf32f7798f2e3687f04e8571c654,a78b4c4cd1fd2cc8ff91de9e8df9e549dfa0bf32f7798f2e3687f04e8571c654,True,True,"[""b17fce366b0a4f9d9a1a51f4ee6ecbb0""]","[""bb070768ec734b07ab7b767c916cb358""]"
R7A,score,lawbench_3-3_0044,590070464a32a02c27addf35355844b7e04d7397768c6a6487e3af55cee37e30,590070464a32a02c27addf35355844b7e04d7397768c6a6487e3af55cee37e30,e065f16a85f97733e6820469ed4a8db56caccbed4086f24016660942f0962f00,e065f16a85f97733e6820469ed4a8db56caccbed4086f24016660942f0962f00,False,False,WW,False,False,"[""故意伤害""]","[""故意伤害""]",6617531baf63c43480bd772fd255d17c3b605c956d5d223326dd9a4ddf91c522,6617531baf63c43480bd772fd255d17c3b605c956d5d223326dd9a4ddf91c522,True,True,"[""1c7deaab4db94174b6a6f1b7f84c93d6""]","[""768345f9395c4782b505d651569112dc""]"
R7A,score,lawbench_3-3_0275,4a05acc5072916d5d48041f45cdaf2dac77805a92c0d334ee90c478189ae579d,4a05acc5072916d5d48041f45cdaf2dac77805a92c0d334ee90c478189ae579d,168294319fc0ed3619d74e5117462ed42b702e7dd28a286e9095bdd57904fd88,168294319fc0ed3619d74e5117462ed42b702e7dd28a286e9095bdd57904fd88,True,False,CW,True,True,"[""集资诈骗""]","[""非法吸收公众存款""]",1a684c01ac9ad9e6ce3b3b72fb5d37466bb9266f42c0c4b8842c80b71d0eb6a6,1a684c01ac9ad9e6ce3b3b72fb5d37466bb9266f42c0c4b8842c80b71d0eb6a6,True,True,"[""1d7bdd9b37de4e0e903d9942d9c302e7""]","[""011086e9aafd4467873c105b6b8a7980""]"
R7A,audit,lawbench_3-3_0272,8ab64c2057596e924139729c7acef45c6493ad1bcf5bd5640eac33ab32c7f6bf,8ab64c2057596e924139729c7acef45c6493ad1bcf5bd5640eac33ab32c7f6bf,bf4b0c585133d448213bf53e05899cd880f94b9032f54b6fe02b3ebf1c32e69b,bf4b0c585133d448213bf53e05899cd880f94b9032f54b6fe02b3ebf1c32e69b,False,False,WW,True,True,"[""非法买卖枪支"", ""非法持有、私藏枪支、弹药""]","[""弹药"", ""私藏枪支"", ""非法持有""]",d6e6bb9e7653a48b149906862599a326b552bfc9ca9215069d66bbfae013d686,d6e6bb9e7653a48b149906862599a326b552bfc9ca9215069d66bbfae013d686,True,True,"[""88fffa3dabd148b9a5f77b168b3ee62a""]","[""485faf0d67734de28bc263f7ba680c94""]"
R7A,audit,lawbench_3-3_0064,36b9bdb9b4d407b97e9856055311a19b536072e493c2e2de64764c5a71326a01,36b9bdb9b4d407b97e9856055311a19b536072e493c2e2de64764c5a71326a01,3e9375001c57c64bf15b057f3e1ad567b9ae08b404279df1a3095afcf2295923,3e9375001c57c64bf15b057f3e1ad567b9ae08b404279df1a3095afcf2295923,False,False,WW,False,False,"[""诈骗""]","[""诈骗""]",91da8574ea42d9b33af9cb4956632062fca4fbee9d67a0ac7fb0f84f120a46d5,91da8574ea42d9b33af9cb4956632062fca4fbee9d67a0ac7fb0f84f120a46d5,True,True,"[""a0f1168db4884ae29eac31c15b06b714""]","[""16797be6f484409885dd68a1a4e45bce""]"
R7A,audit,lawbench_3-3_0197,253b1aeba70ca9760e74d64be8f0f43c76759f10e5a4dd5d0433a212d57013e5,253b1aeba70ca9760e74d64be8f0f43c76759f10e5a4dd5d0433a212d57013e5,d87e50228c9d336d39c1904c0e5df8a0e1f89d1ec3b7beac310aa7f6d3ae96c2,d87e50228c9d336d39c1904c0e5df8a0e1f89d1ec3b7beac310aa7f6d3ae96c2,True,False,CW,True,True,"[""非法持有毒品""]",[],2ff48a5bdf6b25a4812dfe79b936e4670ab2b2a21b3a773086b6214fb45bc280,2ff48a5bdf6b25a4812dfe79b936e4670ab2b2a21b3a773086b6214fb45bc280,True,True,"[""ed467b400687424bb381cacac272a861""]","[""d4d4e3decff847ae8b92417a372fb935""]"
R7A,audit,lawbench_3-3_0265,e57ea3b857da0a2e2963ed009d76b1f23c2b8cbe8000684d60890e1a815507d0,e57ea3b857da0a2e2963ed009d76b1f23c2b8cbe8000684d60890e1a815507d0,2b53a29b06ca4bc21bbf98ebbd2bd13610f90dc6690b62580a74dabffcba796f,2b53a29b06ca4bc21bbf98ebbd2bd13610f90dc6690b62580a74dabffcba796f,True,True,CC,False,False,"[""拒不执行判决"", ""裁定""]","[""拒不执行判决"", ""裁定""]",5d8e00dbb0ac653eac1fdee8ca273ec7d4520733160ded74197826e6602018ab,5d8e00dbb0ac653eac1fdee8ca273ec7d4520733160ded74197826e6602018ab,True,True,"[""7ff98e636af446f8a30be6d46bb494e2""]","[""2c8e8122af3a4f8cbde310933412e5f2""]"
R7A,audit,lawbench_3-3_0399,b8d2179a9da9a962731ba66248d6b8689aa98c443c8818bca2ed373a04132872,b8d2179a9da9a962731ba66248d6b8689aa98c443c8818bca2ed373a04132872,ef3d1b5962a6714f161b8cadd19f6e4378a1a0797c67ed169744fc73924e12d8,ef3d1b5962a6714f161b8cadd19f6e4378a1a0797c67ed169744fc73924e12d8,True,False,CW,True,True,"[""物品"", ""走私国家禁止进出口的货物""]","[""走私国家禁止进出口的货物""]",c70c99b2f16a3ea617170786643f8c4617a532b3e7591a6924efc33d38357f11,c70c99b2f16a3ea617170786643f8c4617a532b3e7591a6924efc33d38357f11,True,True,"[""d287f527787c44dcaa7c68734d8f139e""]","[""8c3bd3c2ce1043a9ba1e063fff4e69b0""]"
R7A,audit,lawbench_3-3_0122,312fb22605c098fca0c936b7a33e0fa39625af5b04ffaa59f4efa93e13dd43e0,312fb22605c098fca0c936b7a33e0fa39625af5b04ffaa59f4efa93e13dd43e0,778b7597f1768ac886a9072c3387a1e591e1acfbde6fbf89f12be95520e1ac25,778b7597f1768ac886a9072c3387a1e591e1acfbde6fbf89f12be95520e1ac25,False,False,WW,False,False,"[""妨害公务"", ""故意伤害""]","[""妨害公务"", ""故意伤害""]",0afd71eb7fee3a6acc337f1b0bab2fa4e1aabb652b7c5c107db65c6b775e9e48,0afd71eb7fee3a6acc337f1b0bab2fa4e1aabb652b7c5c107db65c6b775e9e48,True,True,"[""704d0dc2e81e470eb12fdb78f6544ae4""]","[""21d7452976b743b3b3d526f19ebbd9ea""]"
R7A,audit,lawbench_3-3_0421,7e283eee5397c46a7eec6d2654c41ee903fd445bf35888931f8acceaef7b1714,7e283eee5397c46a7eec6d2654c41ee903fd445bf35888931f8acceaef7b1714,d394ca9e19451b8adf223f1547a23fcd577a36feefc75a3125b2f84dddedf127,d394ca9e19451b8adf223f1547a23fcd577a36feefc75a3125b2f84dddedf127,False,False,WW,False,False,"[""非法种植罂粟""]","[""非法种植罂粟""]",501779f3b49ffda95dace8770d121af3f3b5717e67c989c7836fd08a4821b8d7,501779f3b49ffda95dace8770d121af3f3b5717e67c989c7836fd08a4821b8d7,True,True,"[""1ed14fffc19c4952b20268ac3a88a252""]","[""41560e9f9de94a4e9cd9e6a5cb4580d6""]"
R7A,audit,lawbench_3-3_0091,dc1d21c279abe148d18c6e4659bf5e4b5c98b3bc32314bdaa000ac677b0a06ff,dc1d21c279abe148d18c6e4659bf5e4b5c98b3bc32314bdaa000ac677b0a06ff,4eb48fc82c190715f95e860e0b0a19eea5f7c3b66d8627713e64dd54eb04a94d,4eb48fc82c190715f95e860e0b0a19eea5f7c3b66d8627713e64dd54eb04a94d,False,False,WW,True,True,"[""侮辱尸体"", ""抢劫"", ""故意杀人""]","[""抢劫""]",8af26f7743aa375935d20a5380af4cabbfc5d0e19163bf06dcfd45af393ff307,8af26f7743aa375935d20a5380af4cabbfc5d0e19163bf06dcfd45af393ff307,True,True,"[""fb268dbab6964a14bba3d6a85162e57f""]","[""50ad1a964f6f4ec5ac37d4eb0641cccb""]"
R7A,audit,lawbench_3-3_0400,65e6c5b0a49ac1cc3a1a9cf4a4910247043cb4c2c52ea3ad64ec9e84845c3cef,65e6c5b0a49ac1cc3a1a9cf4a4910247043cb4c2c52ea3ad64ec9e84845c3cef,825a687aa76c2e7276ab86ef3462f2a5b1999b22ffd8a02adaa1e00a1e926d0b,825a687aa76c2e7276ab86ef3462f2a5b1999b22ffd8a02adaa1e00a1e926d0b,False,False,WW,False,False,"[""弹药"", ""私藏枪支"", ""非法持有""]","[""弹药"", ""私藏枪支"", ""非法持有""]",0c236506b038c29313c2616a8fffb43688e3968af7b406c90bf12937ada5cfcf,0c236506b038c29313c2616a8fffb43688e3968af7b406c90bf12937ada5cfcf,True,True,"[""e693175bbe4146089ae51bd163592ea4""]","[""449d3e55605a4c5fbd21557b03601eb5""]"
R7A,audit,lawbench_3-3_0498,765ed96b788dc7bc7d13e61aa456222cfbac2e2cbd939357d2a9e441c93f3764,765ed96b788dc7bc7d13e61aa456222cfbac2e2cbd939357d2a9e441c93f3764,976db1ef519dfd75ba6b40c7db700d7ce3358256085a3de932fd127b8e4e74db,976db1ef519dfd75ba6b40c7db700d7ce3358256085a3de932fd127b8e4e74db,True,True,CC,False,False,"[""儿童"", ""拐卖妇女""]","[""儿童"", ""拐卖妇女""]",a592fc6b482e2584c838541ca39bd5fc00aa89d67db90d6bc3abe7888e5cf3fe,a592fc6b482e2584c838541ca39bd5fc00aa89d67db90d6bc3abe7888e5cf3fe,True,True,"[""64bd50ed65fe4bcba43e5577a70db9b7""]","[""dd8974a8dd2740faad6b0221065ab47e""]"
R7A,audit,lawbench_3-3_0001,352e269da85b87c3774d5df1d5cd5282b65b00552c75e59c9354bf52d62ae7b7,352e269da85b87c3774d5df1d5cd5282b65b00552c75e59c9354bf52d62ae7b7,87809878bddd9ccd9b17a29def0033f9ca8a9572f763761cca9c944cc584762e,87809878bddd9ccd9b17a29def0033f9ca8a9572f763761cca9c944cc584762e,True,True,CC,False,False,"[""强奸""]","[""强奸""]",bb124a2ab890daed61a0043c4dd98fdae8a35fa8aa5c5f57064e79d35ab800ec,bb124a2ab890daed61a0043c4dd98fdae8a35fa8aa5c5f57064e79d35ab800ec,True,True,"[""1fbbd1660cf34948abaa5d7efa087800""]","[""ac134c98f15e4d34b402e3bf4dfbd644""]"
R7A,audit,lawbench_3-3_0169,52d3bfb2c5ec2b95fd411ad32e4aba370a36b13d79953bd9bf08c953d7e34168,52d3bfb2c5ec2b95fd411ad32e4aba370a36b13d79953bd9bf08c953d7e34168,3b3ac8649e2f643ec679125485db9a2a6b35aa5303499b427774760a3ac5a5de,3b3ac8649e2f643ec679125485db9a2a6b35aa5303499b427774760a3ac5a5de,False,False,WW,True,True,"[""走私毒品罪"", ""非法持有枪支、弹药罪""]","[""走私毒品"", ""非法携带枪支、弹药、管制刀具""]",5a2dc5ad85ba6e75a58f39fa18d3556b04c32e70a300dcfbe565cea68aeb5686,5a2dc5ad85ba6e75a58f39fa18d3556b04c32e70a300dcfbe565cea68aeb5686,True,True,"[""01fbe7cc6eef4711ac09a1227dc40cf7""]","[""fe658c5e3d094a23a5bff4b798f320c4""]"
R7A,audit,lawbench_3-3_0250,e4f52308597ccea16cac9d1fc905d5384e72b18e4e3fac2604df0ae5a89eabdc,e4f52308597ccea16cac9d1fc905d5384e72b18e4e3fac2604df0ae5a89eabdc,1fa8857b448c6af9d3c189783a2461bbd10520e3c4b4755cd7f78f2c08166599,1fa8857b448c6af9d3c189783a2461bbd10520e3c4b4755cd7f78f2c08166599,True,True,CC,False,False,"[""放火""]","[""放火""]",13fc5daa8132ef712eaa7bb16788977361fadd7e32748a4ad22e0f5a7aff0272,13fc5daa8132ef712eaa7bb16788977361fadd7e32748a4ad22e0f5a7aff0272,True,True,"[""4d602d2aa2b9472ebe62c553f2c48ee6""]","[""f66d3c5f2f904591af4b5948c015bb73""]"
R7A,audit,lawbench_3-3_0165,75655f2b53f516b904a30e1cb9d78b9f9b467e8402673292a6e1208e3246854b,75655f2b53f516b904a30e1cb9d78b9f9b467e8402673292a6e1208e3246854b,5c501928087bb8d94ba3d824355b445edfb4b7e1e9b8533fbeed3d67625cba38,5c501928087bb8d94ba3d824355b445edfb4b7e1e9b8533fbeed3d67625cba38,False,False,WW,False,False,"[""危险驾驶""]","[""危险驾驶""]",85618067bf25c3bbcd0989e4fd7b02c58358b0a275be6cc0a5a553244dbb858b,85618067bf25c3bbcd0989e4fd7b02c58358b0a275be6cc0a5a553244dbb858b,True,True,"[""ee98c6f3863e48caa3e5e7621c6580f6""]","[""e4c66037958a45fab9b324fa931e1248""]"
R7A,audit,lawbench_3-3_0430,35dcc01f1d8270fe43a73187250e5add88d75392042b045973aa0f1380395811,35dcc01f1d8270fe43a73187250e5add88d75392042b045973aa0f1380395811,e065f16a85f97733e6820469ed4a8db56caccbed4086f24016660942f0962f00,e065f16a85f97733e6820469ed4a8db56caccbed4086f24016660942f0962f00,True,False,CW,True,True,"[""过失致人死亡""]","[""破坏生产经营"", ""过失致人死亡""]",c919ffca0a074c2119eab4773a6693be3e91c25c5bf89633db08c2e9958cad54,c919ffca0a074c2119eab4773a6693be3e91c25c5bf89633db08c2e9958cad54,True,True,"[""8fa1d687ff1443a8905c1a903c0461a6""]","[""9eeacc5855ae49119de70063c49b48d0""]"
R7A,audit,lawbench_3-3_0043,42504fc4c4b033fcd625685ab11d5c0c953c165624528a0b50d0e76b1869bade,42504fc4c4b033fcd625685ab11d5c0c953c165624528a0b50d0e76b1869bade,77a1a5efd62c4420ebea6fc0888c43dd411087d553266e0b5daa49360c4ce5ba,77a1a5efd62c4420ebea6fc0888c43dd411087d553266e0b5daa49360c4ce5ba,False,False,WW,False,False,"[""故意伤害""]","[""故意伤害""]",e33baa0603ae65a096d8db894d05089d10d6b59ca51221ec0db45670e42063da,e33baa0603ae65a096d8db894d05089d10d6b59ca51221ec0db45670e42063da,True,True,"[""3e5b0c3016314371afc770efe84fb655""]","[""d5a3783aeee54ff08dec2ebdc03ed13f""]"
R7A,audit,lawbench_3-3_0123,206cebd52f08f2e399592e7df75cfb76b4f53c839d7703dd76789784ee5f65c1,206cebd52f08f2e399592e7df75cfb76b4f53c839d7703dd76789784ee5f65c1,7c13d744288944ea491d8bb911f309b5fa8e3f0a3dfc672d55ce692dbd3ccc24,7c13d744288944ea491d8bb911f309b5fa8e3f0a3dfc672d55ce692dbd3ccc24,False,False,WW,False,False,"[""诈骗""]","[""诈骗""]",0317b237ed751d21b4b7ef6448839eed8fe5c35ce5dbe4f37aa6b41be09fa892,0317b237ed751d21b4b7ef6448839eed8fe5c35ce5dbe4f37aa6b41be09fa892,True,True,"[""59d1562f6d33462296de1113f1758af4""]","[""3ae181d35d1c44f7bf5677953d519d2c""]"
R7A,audit,lawbench_3-3_0032,198c82a4564300337a6de3f47f86c0d612460e4365da5da462f9cbb9a570c0c2,198c82a4564300337a6de3f47f86c0d612460e4365da5da462f9cbb9a570c0c2,894b62d77a00a5ab42ae1b3dff91e16e7f47112cbb5b3ff5673af71a299a87d4,894b62d77a00a5ab42ae1b3dff91e16e7f47112cbb5b3ff5673af71a299a87d4,False,True,WC,True,True,"[""伪造"", ""印章"", ""变造国家机关公文"", ""证件""]","[""买卖国家机关公文"", ""伪造"", ""印章"", ""变造"", ""证件""]",a9240294f5e2134db76598bdb06701db9895b1b06c0eaeea8267a494b7dce552,a9240294f5e2134db76598bdb06701db9895b1b06c0eaeea8267a494b7dce552,True,True,"[""26b79632187741f8890983a38d94b8f0""]","[""531dee937c244c06843beaf50d65d450""]"
R7A,audit,lawbench_3-3_0222,df45206f3b597b867cd4953691ac9a8f9f3d62fb61a9b8c2f42c565e724e7b83,df45206f3b597b867cd4953691ac9a8f9f3d62fb61a9b8c2f42c565e724e7b83,ca4fd2874158585382e29fb08c8f089bc8a756bddbcf94d8a412f6b179b1ba29,ca4fd2874158585382e29fb08c8f089bc8a756bddbcf94d8a412f6b179b1ba29,False,False,WW,True,True,"[""介绍"", ""容留卖淫""]","[""介绍"", ""容留卖淫罪""]",ec26f4e6b0317b03bc47851894862a1bcdbd3c93d877677c180cce55f12e8e13,ec26f4e6b0317b03bc47851894862a1bcdbd3c93d877677c180cce55f12e8e13,True,True,"[""85141f7ce5a542948a824534fde48374""]","[""a52deb6080874b87beebc2c3a36a6cd4""]"
R7A,audit,lawbench_3-3_0084,42da0fae26f68c9bedab6600133bdac0e62306fa8fbbe6645d5f5c8e829a49fe,42da0fae26f68c9bedab6600133bdac0e62306fa8fbbe6645d5f5c8e829a49fe,95cea83861c14ebaf0ce0afc28f419c04b8385ff1f11752ff9437388c5c40543,95cea83861c14ebaf0ce0afc28f419c04b8385ff1f11752ff9437388c5c40543,False,False,WW,False,False,"[""盗窃""]","[""盗窃""]",4da6422c04b57086f8b5fe8274b299e3efa053d76b2d7b5df593b16dc9d159ef,4da6422c04b57086f8b5fe8274b299e3efa053d76b2d7b5df593b16dc9d159ef,True,True,"[""a0201265faa6443cb74f0b4708a61c5a""]","[""2bd09426a1554800a49674d71830eaf4""]"
R7A,audit,lawbench_3-3_0159,3e4e1b243a5ad22af46aeb4f0d1da5c9062213b49be7d78fa0b26e11b21ae71b,3e4e1b243a5ad22af46aeb4f0d1da5c9062213b49be7d78fa0b26e11b21ae71b,2644764a264083c1d9544f89c36ba8cbfb0f8d29aae23f28c7e5a404e9e1ee44,2644764a264083c1d9544f89c36ba8cbfb0f8d29aae23f28c7e5a404e9e1ee44,False,False,WW,True,True,"[""出售国家重点保护野生动物及其制品罪"", ""运输"", ""非法收购""]","[""利用国家重点保护野生动物及其制品"", ""携带"", ""运输"", ""非法买卖""]",a87394472d80156eb04d3fc126e57736df31eb4e6949ea8c9804c874fe2cf2ad,a87394472d80156eb04d3fc126e57736df31eb4e6949ea8c9804c874fe2cf2ad,True,True,"[""7deb927f9a1345b582468f65ed784206""]","[""eda053f0479c40aa9166cdd7f376f0d0""]"
R7A,audit,lawbench_3-3_0342,c91f31b45e889f31a09ff4af123ce3ee2e4c6fca420eb17d585514d6291a7b30,c91f31b45e889f31a09ff4af123ce3ee2e4c6fca420eb17d585514d6291a7b30,343fd5bc59ab87ef6c76c69fdd069010d8d095dabf1851efffa138eede4f2446,343fd5bc59ab87ef6c76c69fdd069010d8d095dabf1851efffa138eede4f2446,False,False,WW,False,False,"[""窝藏罪"", ""骗取贷款罪""]","[""窝藏罪"", ""骗取贷款罪""]",2f2fd40b359b811cdb1b0dbd3f52211440d86d1d2a5fb09d9f8158431ca92608,2f2fd40b359b811cdb1b0dbd3f52211440d86d1d2a5fb09d9f8158431ca92608,True,True,"[""92658ee3e5864bb7a28f45435b0e6c04""]","[""5ab404799f0148fc8a2084f86fdbc1af""]"
R7A,audit,lawbench_3-3_0310,7ec251b224c2668002b9b8108aff72a2302d1846e8b56170ff381203c3ec388c,7ec251b224c2668002b9b8108aff72a2302d1846e8b56170ff381203c3ec388c,f6ca89b7ad91575eb6477b2bd8949c1cf659eec64c36b6c608c5acac97f2f6e4,f6ca89b7ad91575eb6477b2bd8949c1cf659eec64c36b6c608c5acac97f2f6e4,True,True,CC,False,False,"[""假冒注册商标""]","[""假冒注册商标""]",0922e2bfcc9859c4c48494aa7fc43b9d57ea31731d5e33a0aab33ed0b02a8cbf,0922e2bfcc9859c4c48494aa7fc43b9d57ea31731d5e33a0aab33ed0b02a8cbf,True,True,"[""52aa31f765d2494b8bff22569ca06d80""]","[""3c9e3ca8328848b7a918b71cd9282ba4""]"
R7A,audit,lawbench_3-3_0429,b1f1c2d231cbc1456cc9b5023dd358d39fd26c24d23d422d5a82c7daef6525dd,b1f1c2d231cbc1456cc9b5023dd358d39fd26c24d23d422d5a82c7daef6525dd,4ca113050f47c88e459e5beb312ad245061bc3001522f51f6d01aaf15fe7cd01,4ca113050f47c88e459e5beb312ad245061bc3001522f51f6d01aaf15fe7cd01,False,False,WW,False,False,"[""过失致人死亡""]","[""过失致人死亡""]",afe991c42805902cbba1b82435f70c7e17d09d66f0347292eb2096f57feae7bc,afe991c42805902cbba1b82435f70c7e17d09d66f0347292eb2096f57feae7bc,True,True,"[""66811916423a4fbbab402f5c128e2227""]","[""2195b43493b740cdacec34ffe0714623""]"
R7A,audit,lawbench_3-3_0328,3a3c9b61696caf02baab82c1a2661558068700edf417f1dc008685f092a31bda,3a3c9b61696caf02baab82c1a2661558068700edf417f1dc008685f092a31bda,1356e4e1693d647390e5bfa76e1a28846f8f8b515c8ce660c31cb65742e41fb4,1356e4e1693d647390e5bfa76e1a28846f8f8b515c8ce660c31cb65742e41fb4,False,False,WW,False,False,"[""销售假药""]","[""销售假药""]",671e6c2ca1ec7c94501ba790e567328449a4b557291c98f1a0e58cbee6acadd9,671e6c2ca1ec7c94501ba790e567328449a4b557291c98f1a0e58cbee6acadd9,True,True,"[""109dd660e2c44766bfe73583c7af911e""]","[""192f071c522f44fa9ad4eb5870876004""]"
R7A,audit,lawbench_3-3_0029,01f6ea188cfbf30d8f264de7fac8f4d61ec710bf172267ff03d01701683a8455,01f6ea188cfbf30d8f264de7fac8f4d61ec710bf172267ff03d01701683a8455,defb164b51a14e0e03eb8b473785094568c7474ef9de2e6752d32e9bd9bd65b2,defb164b51a14e0e03eb8b473785094568c7474ef9de2e6752d32e9bd9bd65b2,False,False,WW,False,False,"[""传播淫秽物品""]","[""传播淫秽物品""]",ed6fe070e31f5e85387c067e4dee2600655faae4cec03718fb778e3013dab8d8,ed6fe070e31f5e85387c067e4dee2600655faae4cec03718fb778e3013dab8d8,True,True,"[""ca68e4f8c9f3472abd6248ea08da3442""]","[""cbab7efa4cb8412e81d831a16c288489""]"
R7A,audit,lawbench_3-3_0058,a2f1736343e847238aba5cac5d9e5b416cad87b672f4a0e52f655b6f7c608a3f,a2f1736343e847238aba5cac5d9e5b416cad87b672f4a0e52f655b6f7c608a3f,8727cd1068baa455d614e746e41c52c5ea5c342fd1b58f060abbe3ac5a098bf7,8727cd1068baa455d614e746e41c52c5ea5c342fd1b58f060abbe3ac5a098bf7,False,False,WW,True,True,"[""盗窃"", ""逃脱""]","[""盗窃"", ""逃狱""]",35a6a855d42cdfada73b44b932cd13c33787e7c8fa09495e1c2868b9558be022,35a6a855d42cdfada73b44b932cd13c33787e7c8fa09495e1c2868b9558be022,True,True,"[""53fb0ca0be8b4406a99fba96e6680726""]","[""a866114d00974f78b35670edb3d4cc96""]"
R7A,audit,lawbench_3-3_0264,ea7b13a9eb3124c5ac4cfa483bbf3ec942993ded55d528d4a1e1e2dc3b2d2154,ea7b13a9eb3124c5ac4cfa483bbf3ec942993ded55d528d4a1e1e2dc3b2d2154,5f7e6ca9ccd16948f657452049c184294a3cafca36f91e3f4604d1ef1b255dfd,5f7e6ca9ccd16948f657452049c184294a3cafca36f91e3f4604d1ef1b255dfd,False,False,WW,True,False,"[""故意伤害"", ""非法拘禁""]","[""故意伤害"", ""非法拘禁""]",1de7f7e4fdba645422462cc9964768a0492d60141e38cde7eae9aa3f999064b3,1de7f7e4fdba645422462cc9964768a0492d60141e38cde7eae9aa3f999064b3,True,True,"[""02b677a004eb406e80d23fa70a7e6852""]","[""074536d7b8444441bc788602732958cb""]"
R7A,audit,lawbench_3-3_0270,1cc008c312851792e1fb62fd2a6683be7576ddb9963b322a317e0cdcff31293f,1cc008c312851792e1fb62fd2a6683be7576ddb9963b322a317e0cdcff31293f,e5a9f0f5ada03b737d4433a9bca601285a64875049abee10195bf2002147cc8a,e5a9f0f5ada03b737d4433a9bca601285a64875049abee10195bf2002147cc8a,True,False,CW,True,True,"[""掩饰"", ""犯罪所得收益"", ""隐瞒犯罪所得""]","[""掩饰"", ""隐瞒犯罪所得""]",1781e431ada5b179c02123874d5a78855c2a035164a1712df42a2b5e1b8f8b24,1781e431ada5b179c02123874d5a78855c2a035164a1712df42a2b5e1b8f8b24,True,True,"[""faf5dfea05a14c54b18eb32ba5aa68d1""]","[""1ea059175bcc48698dbdd3a924d76d84""]"
R7A,audit,lawbench_3-3_0372,af7bd664efc718b07c42dfc8340317de48e3ee7f6a866d16e88d32d3ffce8352,af7bd664efc718b07c42dfc8340317de48e3ee7f6a866d16e88d32d3ffce8352,950f2c0b7082494d496228dbb65203360e772a6c835cd51faa7f82f6d67e74b4,950f2c0b7082494d496228dbb65203360e772a6c835cd51faa7f82f6d67e74b4,False,True,WC,True,True,"[""销售不符合安全标准的食品""]","[""生产"", ""销售不符合安全标准的食品""]",377a0d10fb880d712798502b7025a59e66ee6fb773236afd57e2bedd73c4b37a,377a0d10fb880d712798502b7025a59e66ee6fb773236afd57e2bedd73c4b37a,True,True,"[""cc3f9f19ad1e4d708a0cb738c4d1db77""]","[""f617d82eaf074e41add4dd2732be713b""]"
R7A,audit,lawbench_3-3_0121,df7469830a352c01188d0ffcc52b547142eb11892c3fd51dfddcaee70bafbebf,df7469830a352c01188d0ffcc52b547142eb11892c3fd51dfddcaee70bafbebf,af25414d7ab85de6103ebcc026f9f5b3b9a8bd792e0dae9f03585d46c1ece722,af25414d7ab85de6103ebcc026f9f5b3b9a8bd792e0dae9f03585d46c1ece722,False,False,WW,True,True,"[""强迫交易劳动罪"", ""故意伤害罪"", ""非法拘禁致人死亡罪""]","[""强迫劳动"", ""故意伤害"", ""非法拘禁""]",97e6a715c54fb7efae71af1cd0323cdb90405379de435a97ef2ab3041ffca578,97e6a715c54fb7efae71af1cd0323cdb90405379de435a97ef2ab3041ffca578,True,True,"[""5f317560198c4e28acb390612bf318b0""]","[""a0f9fb4bfb9a4180bb1e3c3296de5918""]"
R7A,audit,lawbench_3-3_0375,00fe6c39d235c80b34d2bf927bb0aede9cd4a38a25a7e1250b6740f24df77362,00fe6c39d235c80b34d2bf927bb0aede9cd4a38a25a7e1250b6740f24df77362,916ff8ad236edd3538126f48de3ffabe32b5361706489379594aa6bc1cb7caab,916ff8ad236edd3538126f48de3ffabe32b5361706489379594aa6bc1cb7caab,False,False,WW,False,False,"[""非法处置危险废物"", ""非法经营危险废物""]","[""非法处置危险废物"", ""非法经营危险废物""]",028ffd0c2bacbd2f59a359a15bd72710686bd879455722ebc3e5f5586b5f0acd,028ffd0c2bacbd2f59a359a15bd72710686bd879455722ebc3e5f5586b5f0acd,True,True,"[""53b9099be9a24613b3262c534c63a281""]","[""18f8002bee7145a8af8ec6dfae3b6980""]"
R7A,audit,lawbench_3-3_0271,688e5ceb75ba759c24bea2738e4d7b77fadc5bafbcb50e59733e4fe9017ac55f,688e5ceb75ba759c24bea2738e4d7b77fadc5bafbcb50e59733e4fe9017ac55f,55653c9adbf6efc8a2902f0d3c0f225d53e2dbcc8159b1411a86c7c069f860aa,55653c9adbf6efc8a2902f0d3c0f225d53e2dbcc8159b1411a86c7c069f860aa,True,True,CC,False,False,"[""拒不支付劳动报酬""]","[""拒不支付劳动报酬""]",f6ea16dddc47974f9e9d1cf331aef5e5986a84b0ca18657d4299b2069c2be309,f6ea16dddc47974f9e9d1cf331aef5e5986a84b0ca18657d4299b2069c2be309,True,True,"[""93f2939d347c41ee92e4a11979fb9d7b""]","[""c75a0ecc53054258b8411b1932ad352d""]"
R7A,audit,lawbench_3-3_0347,fd45411ea85804166dff826857e1304b2d08aa68eab214af0560d24aff6f92f1,fd45411ea85804166dff826857e1304b2d08aa68eab214af0560d24aff6f92f1,db9856e664da20ac1b2ce6c6834fbf40ebbbb71a3305b8540d559d37ae7793e2,db9856e664da20ac1b2ce6c6834fbf40ebbbb71a3305b8540d559d37ae7793e2,True,True,CC,False,False,"[""非法行医""]","[""非法行医""]",18159230b771f02dc108d075f0ffc68891bd9cfb0b57033cf8a3c295688ad571,18159230b771f02dc108d075f0ffc68891bd9cfb0b57033cf8a3c295688ad571,True,True,"[""b738b6ebef8a4e079f797ec4e9aa6010""]","[""b47e08e5bd2b4642a134a95a29bc749f""]"
R7A,audit,lawbench_3-3_0459,388293f6d6308d7e7e057a034486a1ca96329d5728e7376a711fa4a37e3a120a,388293f6d6308d7e7e057a034486a1ca96329d5728e7376a711fa4a37e3a120a,fa0ca2ec9ed2530a380a5df97bc96e2b64ec41a99856c576540d8dd51cbcb19b,fa0ca2ec9ed2530a380a5df97bc96e2b64ec41a99856c576540d8dd51cbcb19b,False,False,WW,False,False,"[""行贿""]","[""行贿""]",e0b754ae255a412787eeee658abeed689b9a9654fd53d7c6ec41e9d52ea19cc6,e0b754ae255a412787eeee658abeed689b9a9654fd53d7c6ec41e9d52ea19cc6,True,True,"[""f95702bdd2554a658a9931e3c9534126""]","[""18fd0de1942c445fb02acd79a7a49973""]"
R7A,audit,lawbench_3-3_0248,bc4e961c5636dc67cd8852127774f649965e21781754829e53c53ae418f03930,bc4e961c5636dc67cd8852127774f649965e21781754829e53c53ae418f03930,1b0bbcbbe1f16947958004edc040cced70c0b02cf0716efa384538fdabdb95b6,1b0bbcbbe1f16947958004edc040cced70c0b02cf0716efa384538fdabdb95b6,False,False,WW,False,False,"[""滥伐林木""]","[""滥伐林木""]",ca6bd871d383c4438e47053f6040acd1a885128d67be7e95b26309a79f92d082,ca6bd871d383c4438e47053f6040acd1a885128d67be7e95b26309a79f92d082,True,True,"[""54cdfb8ad5b042489ebf5acd1ac6a195""]","[""dd017188ccea49358c30069bf6f9fefc""]"
R7A,audit,lawbench_3-3_0056,f6148672132e8c72c39148919713738292aaf332d206e2312498e7203319d905,f6148672132e8c72c39148919713738292aaf332d206e2312498e7203319d905,b8161d574ebd1c67c0dee862adcb3ef6f63abeabfdb3b0f6729ff61e4df0642b,b8161d574ebd1c67c0dee862adcb3ef6f63abeabfdb3b0f6729ff61e4df0642b,False,False,WW,True,True,"[""非法侵入住宅""]","[""盗窃"", ""非法侵入住宅""]",6adb1289ee791ee47b6a38ca1fb4b77824ea6ccdcfb15f9d5f2f64d60b5a8e6f,6adb1289ee791ee47b6a38ca1fb4b77824ea6ccdcfb15f9d5f2f64d60b5a8e6f,True,True,"[""159c32a7e9814e74946de8be81503b7d""]","[""aa1049a5d4004fe2b52e27fdf59f82a6""]"
R7A,audit,lawbench_3-3_0355,8666acecf6983b5f862cef19c97310abe12fa597a946eb95964095a69a94401a,8666acecf6983b5f862cef19c97310abe12fa597a946eb95964095a69a94401a,4f362e205520f3d54671a1cf058053fcef6d7905b1fe7b87ccfd86fd02bcda34,4f362e205520f3d54671a1cf058053fcef6d7905b1fe7b87ccfd86fd02bcda34,False,False,WW,True,True,"[""公司登记虚假出资""]","[""虚假出资""]",8b876c4a8403911e3e0f3b026b6b3a9f0703ceeec00a914ffd86a57a7625f0e1,8b876c4a8403911e3e0f3b026b6b3a9f0703ceeec00a914ffd86a57a7625f0e1,True,True,"[""373c9d3d2bae4aa6a7a9322cd9d139fc""]","[""43768ebebdd545a78cd9be90b87f1502""]"
R7A,audit,lawbench_3-3_0283,1df4ce46454cee3529b15417b0c675bb072441bd355167ccbbf587b450da1536,1df4ce46454cee3529b15417b0c675bb072441bd355167ccbbf587b450da1536,a7256b4c9417aa061cb4680499152f79090067dc7914afa902c705cfe2bba88c,a7256b4c9417aa061cb4680499152f79090067dc7914afa902c705cfe2bba88c,True,True,CC,False,False,"[""妨害公务""]","[""妨害公务""]",3b2a1315a86ec2eb38c47b117187e929bcbb7064d0e829955221dc4269a974c8,3b2a1315a86ec2eb38c47b117187e929bcbb7064d0e829955221dc4269a974c8,True,True,"[""a7ae0d4482b44eafabe9659f01c27ead""]","[""2b92754c9ba3401f8e33b4b12297dcf3""]"
R7A,audit,lawbench_3-3_0034,ba33444ad28a489102b69a91dd4fdc0b7be42a1e21a9d998e94068469e1e734a,ba33444ad28a489102b69a91dd4fdc0b7be42a1e21a9d998e94068469e1e734a,15a1fdf55a9cf4cb44d69952e45ce7d1b638824919dd6e5f75d755fb2f2c7a71,15a1fdf55a9cf4cb44d69952e45ce7d1b638824919dd6e5f75d755fb2f2c7a71,False,False,WW,False,False,[],[],8cfb77478b5af107fd23b919649e925b91d6faaf7153097de19d3139096abc66,8cfb77478b5af107fd23b919649e925b91d6faaf7153097de19d3139096abc66,True,True,"[""2178abf19b324db5adb44fd625d96ae9""]","[""53967bfe12864144aa936202bbde4a3a""]"
R7A,audit,lawbench_3-3_0365,d97c4484dbbcccb6f95ce2faadc1932cfbc7727d733d523138e387b950bb418a,d97c4484dbbcccb6f95ce2faadc1932cfbc7727d733d523138e387b950bb418a,f0ad7fd481ddc06fc0296799724f338a7cafc47b56fd1664921ccc6f3a087404,f0ad7fd481ddc06fc0296799724f338a7cafc47b56fd1664921ccc6f3a087404,False,False,WW,False,False,"[""非法采伐林木""]","[""非法采伐林木""]",d0f77b9033239609231fae3a39f9bcc157e3605c6d16658d9ff2615434a4f678,d0f77b9033239609231fae3a39f9bcc157e3605c6d16658d9ff2615434a4f678,True,True,"[""4a05a624b0f549b3af3fa429231a5145""]","[""a8c819bcf9554673aab17695f681ebe3""]"
R7A,audit,lawbench_3-3_0363,57a5a617e31c9676c305091bf29390e8e313f2108dfc4562029b0d73b51abf3d,57a5a617e31c9676c305091bf29390e8e313f2108dfc4562029b0d73b51abf3d,916ff8ad236edd3538126f48de3ffabe32b5361706489379594aa6bc1cb7caab,916ff8ad236edd3538126f48de3ffabe32b5361706489379594aa6bc1cb7caab,True,True,CC,False,False,"[""污染环境""]","[""污染环境""]",018dff5768dfc9aee0cfcfee3df08c7bbfa6446fa8d6f3c73ca2bfc2308bf17f,018dff5768dfc9aee0cfcfee3df08c7bbfa6446fa8d6f3c73ca2bfc2308bf17f,True,True,"[""271540ba63f245a2aa926d4d79f670f3""]","[""75d556a42ccf43e8b59699c551431a13""]"
R7A,audit,lawbench_3-3_0243,195937296ad382f0b32ed24dc1507784de0f72ee0257b09e2cf83adca9f9eb5d,195937296ad382f0b32ed24dc1507784de0f72ee0257b09e2cf83adca9f9eb5d,03e4b5f98b1923e5d28fa431468e5839b4e6256fdc10929274adc8249d973ea0,03e4b5f98b1923e5d28fa431468e5839b4e6256fdc10929274adc8249d973ea0,False,False,WW,False,False,"[""诈骗""]","[""诈骗""]",aa521d9ad8ca0c83292eb6b6db61c2164bf9b27c8eebeb02c66c2f5a07faaa22,aa521d9ad8ca0c83292eb6b6db61c2164bf9b27c8eebeb02c66c2f5a07faaa22,True,True,"[""3b8fdd5d9af6435d87d2b16fac2f9c57""]","[""6d234de4e78e4e34b493525f6970e56d""]"
R7A,audit,lawbench_3-3_0065,d2021046b1c302bf414c243fc3a0334e3e90fb9b5e33bc2a5845a7f71b562c17,d2021046b1c302bf414c243fc3a0334e3e90fb9b5e33bc2a5845a7f71b562c17,82f02466fb372ae7311ab173fe0b1d9699030582925d78dc7d504c787afe83d6,82f02466fb372ae7311ab173fe0b1d9699030582925d78dc7d504c787afe83d6,False,False,WW,False,False,"[""伪造、变造、买卖国家机关公文、证件、印章"", ""污染环境"", ""盗窃""]","[""伪造、变造、买卖国家机关公文、证件、印章"", ""污染环境"", ""盗窃""]",8bc05f669681d29cc3a769d371349463242bfb2ce7a6649903c411258ff8035f,8bc05f669681d29cc3a769d371349463242bfb2ce7a6649903c411258ff8035f,True,True,"[""1d9177f35f9f4d1b9d4ab369af39e30a""]","[""4807825775544ab3bff277bc4be57f6f""]"
R7A,audit,lawbench_3-3_0382,4341365bc2a0efa8a62490f237e4cb88f57392fb159c3580a582db64384141e6,4341365bc2a0efa8a62490f237e4cb88f57392fb159c3580a582db64384141e6,88f53d63a142545a75c6b8c04f23c1887596c84b4b43ae2c0e15799fa023e92e,88f53d63a142545a75c6b8c04f23c1887596c84b4b43ae2c0e15799fa023e92e,False,False,WW,False,False,"[""受贿""]","[""受贿""]",258d11343d9fe1e94fa6530f11f7633e21006538711719ca57eb2fe97c15b99c,258d11343d9fe1e94fa6530f11f7633e21006538711719ca57eb2fe97c15b99c,True,True,"[""8536dc6dc88847b5aa00e37fb4de782a""]","[""61a8f98efb4940d3b429fdef221a8b93""]"
R7A,audit,lawbench_3-3_0319,983965854e858c321b0272e2f831cc8061bb6a0e55430cbb3eb3ec3a7a38aaeb,983965854e858c321b0272e2f831cc8061bb6a0e55430cbb3eb3ec3a7a38aaeb,2b53a29b06ca4bc21bbf98ebbd2bd13610f90dc6690b62580a74dabffcba796f,2b53a29b06ca4bc21bbf98ebbd2bd13610f90dc6690b62580a74dabffcba796f,True,True,CC,False,False,"[""拒不执行判决"", ""裁定""]","[""拒不执行判决"", ""裁定""]",559cb04647f18636db00da254ada7dcf15352b66d1c6da6e17f2ffbfff27dd83,559cb04647f18636db00da254ada7dcf15352b66d1c6da6e17f2ffbfff27dd83,True,True,"[""e6320836025c425da538f0652b1445e9""]","[""970263b1cf284942859f908df834082a""]"
R7A,audit,lawbench_3-3_0082,f0fd5827560044050cd6f32ea45e0302603c69bb0f45a1dc16d9a6966164bfed,f0fd5827560044050cd6f32ea45e0302603c69bb0f45a1dc16d9a6966164bfed,eb8ef450663ec57be6497a147ba3df5ec09aaf0e9566ec4ff728f355d8b2b5c7,eb8ef450663ec57be6497a147ba3df5ec09aaf0e9566ec4ff728f355d8b2b5c7,False,False,WW,True,True,"[""虚假出资"", ""虚开增值税专用发票、用于抵扣税款发票""]","[""虚假出资"", ""虚开增值税专用发票、用于骗取出口退税、抵扣税款发票""]",4a4d694aec126e3b1e57a8f89540edac5945cbc97fa3b96e9f73a1d624fea436,4a4d694aec126e3b1e57a8f89540edac5945cbc97fa3b96e9f73a1d624fea436,True,True,"[""50e292de2a9b4ee4b08d2c80eb652553""]","[""6f6336b173bc44bba8af9b602366b82f""]"
R7A,audit,lawbench_3-3_0276,53df7278c47de1802c00949bfe2517e28b93c5abbdb9afd3d787fb6b3d3e758b,53df7278c47de1802c00949bfe2517e28b93c5abbdb9afd3d787fb6b3d3e758b,d87e50228c9d336d39c1904c0e5df8a0e1f89d1ec3b7beac310aa7f6d3ae96c2,d87e50228c9d336d39c1904c0e5df8a0e1f89d1ec3b7beac310aa7f6d3ae96c2,True,True,CC,False,False,"[""非法持有毒品""]","[""非法持有毒品""]",6277ab78c18b6062ed67dff0b4035e5c9135e47f373b1b3aba2f91a1bc9077df,6277ab78c18b6062ed67dff0b4035e5c9135e47f373b1b3aba2f91a1bc9077df,True,True,"[""adcf31b2b8334ff68eb72e2b2b181acc""]","[""72255b9376ec401bb52a95c5d9de8191""]"
R7A,audit,lawbench_3-3_0440,75d545dc57fa50e6a7c724799dad78f35a68cee06f0e41f7fc9f18cb87caaa11,75d545dc57fa50e6a7c724799dad78f35a68cee06f0e41f7fc9f18cb87caaa11,938f1df28d7dd22de4577ac811958820674158ae47df4b8fe20ef8feff28447f,938f1df28d7dd22de4577ac811958820674158ae47df4b8fe20ef8feff28447f,False,False,WW,True,True,"[""骗取贷款罪""]","[""贷款诈骗""]",9785e3a8ae751a4f9b9fb21ad354465b26c068752a2cf023881b60b0926b37b2,9785e3a8ae751a4f9b9fb21ad354465b26c068752a2cf023881b60b0926b37b2,True,True,"[""a755102ed7e34dfdae9c1cf3c4ba32e2""]","[""43fc2e958708401eade7b7d4be4c7035""]"
R7A,audit,lawbench_3-3_0344,fffd4561b8d8021a5b117c290374626ca1cb2a693a0a70cf7d31c1f6318a3acb,fffd4561b8d8021a5b117c290374626ca1cb2a693a0a70cf7d31c1f6318a3acb,d94ba7e94ff6e49405b5270546cbd468e0226c0f0c8b384ad5663fc74cfd440e,d94ba7e94ff6e49405b5270546cbd468e0226c0f0c8b384ad5663fc74cfd440e,False,False,WW,False,False,"[""事业单位"", ""人民团体印章"", ""企业"", ""伪造"", ""变造公司""]","[""事业单位"", ""人民团体印章"", ""企业"", ""伪造"", ""变造公司""]",70165d6b1d3464ff80900a94ca7354397becaf0ad10439eccd7ade99788062bd,70165d6b1d3464ff80900a94ca7354397becaf0ad10439eccd7ade99788062bd,True,True,"[""3d2c2750af0b4650a38a9ef0de5942bf""]","[""195df52badd846ac9f5b78ef413aba25""]"
R7A,audit,lawbench_3-3_0024,fe175c5fc9b61c4b458f0bf6f26854d2d035efaea99ad889b08a064b18521690,fe175c5fc9b61c4b458f0bf6f26854d2d035efaea99ad889b08a064b18521690,f2133e2d70a88e5844d925f2b2557b4c716b93132d05e721b6b3cd8f881208ae,f2133e2d70a88e5844d925f2b2557b4c716b93132d05e721b6b3cd8f881208ae,True,True,CC,False,False,"[""放火"", ""盗窃""]","[""放火"", ""盗窃""]",2dc67ce58f367d3c99a9792a5fe70c02be75029507602c54af15492f720d0a77,2dc67ce58f367d3c99a9792a5fe70c02be75029507602c54af15492f720d0a77,True,True,"[""c8aad2cb514a4fd08d49f107a9bab590""]","[""024a6c65383e4c95876a6ac3bc3665ce""]"
R7A,audit,lawbench_3-3_0417,fd0a6d42fad85da90633106691f4265c44dbceb995a39b8d5b92d529fc6e4f51,fd0a6d42fad85da90633106691f4265c44dbceb995a39b8d5b92d529fc6e4f51,60c267a394873e704ecd912abe5a5e768956493a32585ae1df869b68b32f5827,60c267a394873e704ecd912abe5a5e768956493a32585ae1df869b68b32f5827,False,False,WW,False,False,"[""侵犯注册商标专用权""]","[""侵犯注册商标专用权""]",b63ee0e4ab7a88cc2a9104afe088aa177a9aea0406269232f630cd20cdd10c3e,b63ee0e4ab7a88cc2a9104afe088aa177a9aea0406269232f630cd20cdd10c3e,True,True,"[""0233a300b20e45bd99ab1326a1398e98""]","[""599e390f4d8c43c1a8418efb60dcc777""]"
R7A,audit,lawbench_3-3_0484,031e849ab31a5371229b1ad41ec680e8fe8f59568f9b2f0b05bb68d6d99377a9,031e849ab31a5371229b1ad41ec680e8fe8f59568f9b2f0b05bb68d6d99377a9,60c267a394873e704ecd912abe5a5e768956493a32585ae1df869b68b32f5827,60c267a394873e704ecd912abe5a5e768956493a32585ae1df869b68b32f5827,False,False,WW,False,False,"[""假冒注册商标""]","[""假冒注册商标""]",43d708f78c1c0c4274d0d3623720b1ca938148002d92d6caed27f17ee7147e21,43d708f78c1c0c4274d0d3623720b1ca938148002d92d6caed27f17ee7147e21,True,True,"[""3599e508770b42e8931991ebe3ff8fee""]","[""d85d243a2749474ab25e9aa4630effd2""]"
R7A,audit,lawbench_3-3_0157,f5e542971e2b333b986e79cc6b31082a3cafcf4b145ad68b097f048f57e09eb6,f5e542971e2b333b986e79cc6b31082a3cafcf4b145ad68b097f048f57e09eb6,aa5e0ba8a8dc96c7d8ca157316e939754bd8b61fb8f8adf1dff4a17de8cac729,aa5e0ba8a8dc96c7d8ca157316e939754bd8b61fb8f8adf1dff4a17de8cac729,False,False,WW,False,False,"[""挪用资金"", ""非法发放贷款""]","[""挪用资金"", ""非法发放贷款""]",7967aa9e45afc4516626c603604b920ecc0f975d3f34403d347c4e60f470d6f4,7967aa9e45afc4516626c603604b920ecc0f975d3f34403d347c4e60f470d6f4,True,True,"[""83e4c2c4a7874551b84cb099c4a3aaa2""]","[""86fac4c9dcd34103bfa81521176fcc29""]"
R7A,audit,lawbench_3-3_0461,736ae571f61d9ee0e5e7c8acf31851b72b23c12aa69fee18232ccf2dc72cb9c6,736ae571f61d9ee0e5e7c8acf31851b72b23c12aa69fee18232ccf2dc72cb9c6,d9fbd1fdef66412b5be306b036f2c761491caf25bb3914699c513d26d7519933,d9fbd1fdef66412b5be306b036f2c761491caf25bb3914699c513d26d7519933,True,True,CC,False,False,"[""妨害作证""]","[""妨害作证""]",605271a72d543ae23dab813c6a97969c574f5bc568e3cf64cac379b746f97f59,605271a72d543ae23dab813c6a97969c574f5bc568e3cf64cac379b746f97f59,True,True,"[""01cd709a6e7f4916ae8beb38b79352d7""]","[""73764107daaa4d0e8d32d1c16b56e85d""]"
R7A,audit,lawbench_3-3_0281,7a766a8a943b3b3aa1ec8eb1fbe50fc1b57216de3cab2e44b1bc7ef7871911c9,7a766a8a943b3b3aa1ec8eb1fbe50fc1b57216de3cab2e44b1bc7ef7871911c9,6255a85bdbb767b46c24d3c72094b5aebbc63da1ba5c295ccc7740a987962db3,6255a85bdbb767b46c24d3c72094b5aebbc63da1ba5c295ccc7740a987962db3,True,True,CC,False,False,"[""滥用职权""]","[""滥用职权""]",1887a6615f96754fc6ad82c7fb4c8513ef74f43856ada6248c74f0d4246bbe60,1887a6615f96754fc6ad82c7fb4c8513ef74f43856ada6248c74f0d4246bbe60,True,True,"[""2981bc4519a345b8b4e9bbf16e9c17db""]","[""2ddb8248ea8e483f9935c7c8792d9634""]"
R7A,audit,lawbench_3-3_0000,efad0e4c06f5b84f0ee10d7e157fa67dae432739110774d8724660f16f3c891a,efad0e4c06f5b84f0ee10d7e157fa67dae432739110774d8724660f16f3c891a,f6beef430efa425753f7c45c4c3029e268fd056ee6e2ec4788f4098d8e22f45f,f6beef430efa425753f7c45c4c3029e268fd056ee6e2ec4788f4098d8e22f45f,True,True,CC,False,False,"[""盗窃""]","[""盗窃""]",5db2032686a668fe41483167dbc1e578956c4e560713b2e229de0dd043c32869,5db2032686a668fe41483167dbc1e578956c4e560713b2e229de0dd043c32869,True,True,"[""ff4e6f8df1cb4c989eaf2e6823177aff""]","[""9aff6a279341402485a5126ca7470e44""]"
R7A,audit,lawbench_3-3_0054,5fb52070bb1b17459db908ee645f58afad2130ba022bb7ee4d61996e762366df,5fb52070bb1b17459db908ee645f58afad2130ba022bb7ee4d61996e762366df,4455568ffa35b249a428af335cabcb3311509961baf257264d61631868770b06,4455568ffa35b249a428af335cabcb3311509961baf257264d61631868770b06,False,False,WW,True,True,"[""传播淫秽物品""]","[""传播淫秽物品牟利""]",5bdbbbcb22856e0e57509190897d13c66f462a0c32db956dfaf467e5a2dface7,5bdbbbcb22856e0e57509190897d13c66f462a0c32db956dfaf467e5a2dface7,True,True,"[""be4fa4eb993f47a89d3bf70d40e87856""]","[""e2f27f7e32334968a07636dc86e87390""]"
R7A,audit,lawbench_3-3_0115,01eb3f21dd52c7bc9199ab1f641767fda8164a53d01314b9762850ecd319e19f,01eb3f21dd52c7bc9199ab1f641767fda8164a53d01314b9762850ecd319e19f,5b4f894b55cb2a9b3847ba27921a5013774f8fcf175fa7d792b94b5704fd95ba,5b4f894b55cb2a9b3847ba27921a5013774f8fcf175fa7d792b94b5704fd95ba,False,False,WW,False,False,"[""诈骗""]","[""诈骗""]",b0c9d18da0d02834099a1d4c878e1366ba511940720e6a3e0fb9e69c60add6d0,b0c9d18da0d02834099a1d4c878e1366ba511940720e6a3e0fb9e69c60add6d0,True,True,"[""68ffbb95f57f49debd8cbe55b42e87de""]","[""d4ccafe124984c6e8a7495432f87b451""]"
R7A,audit,lawbench_3-3_0191,55c4c3f41a2f6e396cbdedf3c3be2b15c76184d502faf48f3616b1ff7240e2dc,55c4c3f41a2f6e396cbdedf3c3be2b15c76184d502faf48f3616b1ff7240e2dc,cf798bb3eae1b0581530a31a15521a222971890eb6e643b3a18da69eca1e225a,cf798bb3eae1b0581530a31a15521a222971890eb6e643b3a18da69eca1e225a,False,False,WW,False,False,"[""非法储存危险物质""]","[""非法储存危险物质""]",d72d8fbf675a249c970b006c220a8021248fbe0de658cb61316a3c1f0db3724d,d72d8fbf675a249c970b006c220a8021248fbe0de658cb61316a3c1f0db3724d,True,True,"[""7d9c53d8b5444c3a833543b8b1c13f05""]","[""10910770b48d4246b4fbd67d4abb0e81""]"
R7A,audit,lawbench_3-3_0061,a691e96d43b7485a6485318cb395b6af45f1444052f9812a333fa9c8998b8f54,a691e96d43b7485a6485318cb395b6af45f1444052f9812a333fa9c8998b8f54,979bf6247ea0c63eece88390efb4d0d51e2db28cd362970dd1d925b37447ed50,979bf6247ea0c63eece88390efb4d0d51e2db28cd362970dd1d925b37447ed50,False,False,WW,False,False,"[""诈骗""]","[""诈骗""]",d09c359ba2eff8b511f02f58ad66cb5184f34763ff6890487bde47df0a7b4079,d09c359ba2eff8b511f02f58ad66cb5184f34763ff6890487bde47df0a7b4079,True,True,"[""f0060e0b0f6443eebe0e8fec9244ea88""]","[""696906caeb454edfbd37aea8f9488ea2""]"
R7A,audit,lawbench_3-3_0109,89a7619759e024c079c992cee015a919559e04c6897e91730bef56cf6eddf888,89a7619759e024c079c992cee015a919559e04c6897e91730bef56cf6eddf888,41446c2224dd99ed828cc63048ec8ad7dcbb65b9e7462db7151f533229f937d0,41446c2224dd99ed828cc63048ec8ad7dcbb65b9e7462db7151f533229f937d0,False,False,WW,False,False,"[""参加黑社会性质组织罪"", ""虚开增值税专用发票罪""]","[""参加黑社会性质组织罪"", ""虚开增值税专用发票罪""]",c03d74008e5dee363b275064a6c85028fa480771476591d2b9f70cffd336de76,c03d74008e5dee363b275064a6c85028fa480771476591d2b9f70cffd336de76,True,True,"[""9a263f446af543e2af3ba4ee0d414db9""]","[""926cda6a491740c5a7fa4cbf3beefdc6""]"
R7A,audit,lawbench_3-3_0294,12fe4ce97235951a62c5e5f6107a5d0b6f35f82b5e1c30680d5a7f4f1c61b12a,12fe4ce97235951a62c5e5f6107a5d0b6f35f82b5e1c30680d5a7f4f1c61b12a,42c8c931f91c7563c59fdbaa02373aef11eb91e39fc0bcc3954bebbc80458af7,42c8c931f91c7563c59fdbaa02373aef11eb91e39fc0bcc3954bebbc80458af7,False,False,WW,True,True,"[""生产"", ""销售不符合安全标准的食品""]","[""生产"", ""销售不符合食品安全标准的食品""]",d63574bcd4f22533bcc53dffa5d4b2e0119e03960b18388db4547c04aa27afc8,d63574bcd4f22533bcc53dffa5d4b2e0119e03960b18388db4547c04aa27afc8,True,True,"[""47705c251949496b8805f8a59d261a6c""]","[""50824c9f48994274b7185e60ef5e65ad""]"
R7A,audit,lawbench_3-3_0152,01fbd6b1bc14509bbd52f050e3fb4715c1b10b3b29f3efafebbb08fa3de70746,01fbd6b1bc14509bbd52f050e3fb4715c1b10b3b29f3efafebbb08fa3de70746,89ab8887fcf6a93451082dd5af50e3eff4d25214beded6069e8f83420a335e20,89ab8887fcf6a93451082dd5af50e3eff4d25214beded6069e8f83420a335e20,False,False,WW,False,False,"[""故意伤害""]","[""故意伤害""]",678dc93aafcdb1a9d72a5d1f16d086989cd1c5e13412aa93a3c50353e2d76715,678dc93aafcdb1a9d72a5d1f16d086989cd1c5e13412aa93a3c50353e2d76715,True,True,"[""db88dbfab9a84344b479ebef80cd6cdd""]","[""edc6dcbdf3d84cac9ff8c88980456b3f""]"
R7A,audit,lawbench_3-3_0436,8fb85552bca6d3ba2095dd649b1914d8b5f6a69dd79d5768226c020bbdd7fb61,8fb85552bca6d3ba2095dd649b1914d8b5f6a69dd79d5768226c020bbdd7fb61,6a626e651c699931bfb4637f1e9c4d87366cc95ef8c134d5eaabc3c2e3359de0,6a626e651c699931bfb4637f1e9c4d87366cc95ef8c134d5eaabc3c2e3359de0,True,True,CC,False,False,"[""挪用公款""]","[""挪用公款""]",f6c878c58a1695b0035a74331ece1055aaa271e609465097342c9af7377a785e,f6c878c58a1695b0035a74331ece1055aaa271e609465097342c9af7377a785e,True,True,"[""ff9af282238a4c10af7800d103c269da""]","[""9578d4adc9c7451d85d51da41aab5a9e""]"
R7A,audit,lawbench_3-3_0010,ab2e637020b5289340400e323154619355ebe418d2cdcf679d85c955519a4048,ab2e637020b5289340400e323154619355ebe418d2cdcf679d85c955519a4048,e07e63b6e7c1374be5e43be56610af7730e113e1f0cb7fb33992a65321d7fc11,e07e63b6e7c1374be5e43be56610af7730e113e1f0cb7fb33992a65321d7fc11,False,False,WW,False,False,"[""抢劫""]","[""抢劫""]",e69cb8964ed490c32183edcbcf4d2ee85bb3dcda73892646fa94f37ec96a9c86,e69cb8964ed490c32183edcbcf4d2ee85bb3dcda73892646fa94f37ec96a9c86,True,True,"[""9b31f336daaf493cb098e0f694c6c0be""]","[""f194cc3da6a041f88f8ff6bf8b52f22a""]"
R7A,audit,lawbench_3-3_0455,d1106551046130958a476d352d36418c3fde3d036fef381052cd926e7abd070b,d1106551046130958a476d352d36418c3fde3d036fef381052cd926e7abd070b,60c267a394873e704ecd912abe5a5e768956493a32585ae1df869b68b32f5827,60c267a394873e704ecd912abe5a5e768956493a32585ae1df869b68b32f5827,False,False,WW,True,True,"[""侵犯注册商标专用权""]","[""销售假冒注册商标的商品罪""]",c4737e0c43b11c2407164b77e952e869df198d166aae4e18617f6c9e10ed705d,c4737e0c43b11c2407164b77e952e869df198d166aae4e18617f6c9e10ed705d,True,True,"[""799775b7dba84930bbe0f6cfffd9837f""]","[""80b3dbf260844c448ca3e8c73c3de889""]"
R7A,audit,lawbench_3-3_0423,b57ae70a28721525e7e3d9a47467bd4e8e2539f765e5f47d556e385cf6e46de6,b57ae70a28721525e7e3d9a47467bd4e8e2539f765e5f47d556e385cf6e46de6,8bd826e732cd098384b705e39235e25be640b05c0d2ade2bb6a6aa03c4e9aa1b,8bd826e732cd098384b705e39235e25be640b05c0d2ade2bb6a6aa03c4e9aa1b,True,True,CC,False,False,"[""聚众斗殴""]","[""聚众斗殴""]",6c7ae43cdda716b8c0e299216d08914b745a7c769a8f7647380496c8f610d0d7,6c7ae43cdda716b8c0e299216d08914b745a7c769a8f7647380496c8f610d0d7,True,True,"[""4f5b875f0a7c440b99d126205ab42659""]","[""84db4e4c3cc04ed093d9ffb94465b027""]"
R7A,audit,lawbench_3-3_0195,b5b17109784309a8dddce18c137f6c2d048378a0fc4f6d93ce7db0061d44137a,b5b17109784309a8dddce18c137f6c2d048378a0fc4f6d93ce7db0061d44137a,bed41d04958bda63dc13a47a749a812335e79ce976079303d0e310e953002ae4,bed41d04958bda63dc13a47a749a812335e79ce976079303d0e310e953002ae4,True,True,CC,False,False,"[""洗钱""]","[""洗钱""]",f32882e93fb9dee8bd10b6ce59bfa8eb5a7c2a396e8426d2661677b43032ca8e,f32882e93fb9dee8bd10b6ce59bfa8eb5a7c2a396e8426d2661677b43032ca8e,True,True,"[""ee89b41a484c40578af725787cd02db8""]","[""a8e1e376156a41a0aeead9914e86a2ce""]"
R7A,audit,lawbench_3-3_0173,6173ee9f29db8249488ce09557da3e3b75b31e43a9abaa30e87527f258b3b5fe,6173ee9f29db8249488ce09557da3e3b75b31e43a9abaa30e87527f258b3b5fe,e58e2ea37825f6db1ee7032214d17317d9168a1e8ac565246f210bb9d3a900d0,e58e2ea37825f6db1ee7032214d17317d9168a1e8ac565246f210bb9d3a900d0,False,False,WW,False,False,"[""危险驾驶""]","[""危险驾驶""]",e153b39c136a8253c90ea978f1b8d09b5d58d91d3926e4de4051c7a3ea27a61c,e153b39c136a8253c90ea978f1b8d09b5d58d91d3926e4de4051c7a3ea27a61c,True,True,"[""cba621f56938466a9bd707af63948d18""]","[""f511aed3df35487eaff46f20d02eed7c""]"
R7A,audit,lawbench_3-3_0225,190ccbcf8a315001a232b552f9e541950f38d742097fee61d00d2288af0c530b,190ccbcf8a315001a232b552f9e541950f38d742097fee61d00d2288af0c530b,e34c5aa9d4af673f7cd16d216f6b150c0c332bc91936575d6d9ed5bdf0ad5519,e34c5aa9d4af673f7cd16d216f6b150c0c332bc91936575d6d9ed5bdf0ad5519,False,False,WW,False,False,"[""走私普通货物""]","[""走私普通货物""]",7627aa1ad68fa05d38234fa6021d5dc2f00165a478378f25626824166aff1361,7627aa1ad68fa05d38234fa6021d5dc2f00165a478378f25626824166aff1361,True,True,"[""5f674ecea7f848138b4059eaf261ed32""]","[""60fc3f4568184a17a54150d038432608""]"
R7A,audit,lawbench_3-3_0458,4288c0a966c99ae8f243323cab9cb3f42f46c9e1f81c18abe2cd72b3a9f9cfdd,4288c0a966c99ae8f243323cab9cb3f42f46c9e1f81c18abe2cd72b3a9f9cfdd,88f53d63a142545a75c6b8c04f23c1887596c84b4b43ae2c0e15799fa023e92e,88f53d63a142545a75c6b8c04f23c1887596c84b4b43ae2c0e15799fa023e92e,False,False,WW,True,True,"[""受贿""]","[""诈骗""]",706e5bd9f8b883c76b34745f8ff84a121d429c948823357e5060b1b3e7b89cb5,706e5bd9f8b883c76b34745f8ff84a121d429c948823357e5060b1b3e7b89cb5,True,True,"[""2247015be6ca4838b8cfaf1aefbf9e7b""]","[""3c564c6242654c70b072bfc05e30ce0a""]"
R7A,audit,lawbench_3-3_0306,f2ab488851571a004e4e1d0e7b6cfc423d475e3a76b787b438521dc0770e07d3,f2ab488851571a004e4e1d0e7b6cfc423d475e3a76b787b438521dc0770e07d3,938f1df28d7dd22de4577ac811958820674158ae47df4b8fe20ef8feff28447f,938f1df28d7dd22de4577ac811958820674158ae47df4b8fe20ef8feff28447f,False,False,WW,False,False,"[""贷款诈骗""]","[""贷款诈骗""]",edccc4572fe263c75d3f1d8f7811af73754ed0319021eebfee04f9e84847c631,edccc4572fe263c75d3f1d8f7811af73754ed0319021eebfee04f9e84847c631,True,True,"[""a90aacaa487440c4a066dd43ad3bbcde""]","[""eee9522bafca4bab995e0db814080bf6""]"
R7A,audit,lawbench_3-3_0305,fd633ea6856f580ebb20be16d16d110c2da17b33e7edc98e2021107f2ccb6f94,fd633ea6856f580ebb20be16d16d110c2da17b33e7edc98e2021107f2ccb6f94,1b0bbcbbe1f16947958004edc040cced70c0b02cf0716efa384538fdabdb95b6,1b0bbcbbe1f16947958004edc040cced70c0b02cf0716efa384538fdabdb95b6,False,False,WW,False,False,"[""非法采伐林木""]","[""非法采伐林木""]",fe2c34063396a2e0fa55584c589ca83ffaa67ae12a86fb98ad459d52d9e0d3c0,fe2c34063396a2e0fa55584c589ca83ffaa67ae12a86fb98ad459d52d9e0d3c0,True,True,"[""b63abf0f10f7446497f579a86d25c41b""]","[""648e07cce13342f0baf026223632201c""]"
R7A,audit,lawbench_3-3_0330,84e15d9bf05bcdc86b76d335731871da688fa1a0ae5be82e7aae7aedb714f7ea,84e15d9bf05bcdc86b76d335731871da688fa1a0ae5be82e7aae7aedb714f7ea,f0ad7fd481ddc06fc0296799724f338a7cafc47b56fd1664921ccc6f3a087404,f0ad7fd481ddc06fc0296799724f338a7cafc47b56fd1664921ccc6f3a087404,True,True,CC,False,False,"[""滥伐林木""]","[""滥伐林木""]",c2bf7588ea278637724ed3fdb5cd234077054dc37998cfdcf6599c41d20c40f5,c2bf7588ea278637724ed3fdb5cd234077054dc37998cfdcf6599c41d20c40f5,True,True,"[""fe379bd478c44025b320ddce194f48a7""]","[""0fd20026159248d58517a6be0e7ee75b""]"
R7A,audit,lawbench_3-3_0405,ef906befb10d814297e73f8974f22305567d3c72117e90b27600f5e1067bbad3,ef906befb10d814297e73f8974f22305567d3c72117e90b27600f5e1067bbad3,af0199c13c3c3086dd253cbfd3374b97268da9451a881440464272c7f89877af,af0199c13c3c3086dd253cbfd3374b97268da9451a881440464272c7f89877af,False,True,WC,True,True,"[""诈骗""]","[""敲诈勒索""]",3e045f731f1f91d753b2e176631edacc2bee879769a44e7c15adaaa04f38393a,3e045f731f1f91d753b2e176631edacc2bee879769a44e7c15adaaa04f38393a,True,True,"[""1d741a2739944eca8db83d2aa88b8233""]","[""5d122240ec634a049110a6f6623e6e00""]"
R7A,audit,lawbench_3-3_0231,5da286f2fd7fdaceb491c77ad5846ebcc0c11244558f491253ac00428697a70b,5da286f2fd7fdaceb491c77ad5846ebcc0c11244558f491253ac00428697a70b,d87e50228c9d336d39c1904c0e5df8a0e1f89d1ec3b7beac310aa7f6d3ae96c2,d87e50228c9d336d39c1904c0e5df8a0e1f89d1ec3b7beac310aa7f6d3ae96c2,True,True,CC,False,False,"[""非法持有毒品""]","[""非法持有毒品""]",e3963b6027b3c7ee14423a784ed21e80208ba0ced351a180c27372df88ad45fe,e3963b6027b3c7ee14423a784ed21e80208ba0ced351a180c27372df88ad45fe,True,True,"[""401508bfd26f4f7d84cbf524b8ad3464""]","[""f62a0506a4054057968a98c9a2dfb8c2""]"
R7A,audit,lawbench_3-3_0256,5726b8c0d1186f03e9b8145ca421cd4dffaa9f86bc686ea25bb9029a93a06090,5726b8c0d1186f03e9b8145ca421cd4dffaa9f86bc686ea25bb9029a93a06090,e5a9f0f5ada03b737d4433a9bca601285a64875049abee10195bf2002147cc8a,e5a9f0f5ada03b737d4433a9bca601285a64875049abee10195bf2002147cc8a,True,True,CC,False,False,"[""掩饰"", ""犯罪所得收益"", ""隐瞒犯罪所得""]","[""掩饰"", ""犯罪所得收益"", ""隐瞒犯罪所得""]",d75f82339b6e04ee81187080774f3251f5672f22290aba669de6cf5d7110af5f,d75f82339b6e04ee81187080774f3251f5672f22290aba669de6cf5d7110af5f,True,True,"[""4e048ac6a2e64104a6ad7ae89e0d216a""]","[""7e34a734f7e84c368601b031549aae74""]"
R7A,audit,lawbench_3-3_0005,493647627b7881b654de5885d9531103124cd11e44d19b5a2010f48e6b3acd4a,493647627b7881b654de5885d9531103124cd11e44d19b5a2010f48e6b3acd4a,ea1ad9c777bba92beea1dcce0ff809cc6f1cb03c1e14220f5ee98941366b0b1e,ea1ad9c777bba92beea1dcce0ff809cc6f1cb03c1e14220f5ee98941366b0b1e,False,False,WW,False,False,"[""故意伤害"", ""故意毁坏财物""]","[""故意伤害"", ""故意毁坏财物""]",a0036cda7ec3e5148f8c7b9372553664868ec50adbeb08b2473ed345bc10c796,a0036cda7ec3e5148f8c7b9372553664868ec50adbeb08b2473ed345bc10c796,True,True,"[""2d6448d3cfc74a0095dcbdb79ec5d177""]","[""c581419cbc11407ea8294183c8564da3""]"
R7A,audit,lawbench_3-3_0431,bf337d01c2febfc497d3e579108315ba5ad61ee6a2da37bb0b2cf1d0fb31408f,bf337d01c2febfc497d3e579108315ba5ad61ee6a2da37bb0b2cf1d0fb31408f,d4894bf9ddbf3e81e650ea8f8a5415e838847053d72c9db9a20cde640d35272d,d4894bf9ddbf3e81e650ea8f8a5415e838847053d72c9db9a20cde640d35272d,False,False,WW,False,False,"[""非法毁坏国家重点保护植物""]","[""非法毁坏国家重点保护植物""]",22ca77f83bdb5a2bb8426ce79840f0757433dcd0a75c08e63164725a4e11a0d0,22ca77f83bdb5a2bb8426ce79840f0757433dcd0a75c08e63164725a4e11a0d0,True,True,"[""4adab19106b546a881c15158487b1809""]","[""2752f6e7b3654f7db4a1d70a5696af3d""]"
R7A,audit,lawbench_3-3_0473,9aedd2c38103712f69e78b5a5e9dc590aaa217f748d5268480668647c160f32d,9aedd2c38103712f69e78b5a5e9dc590aaa217f748d5268480668647c160f32d,f9c0c4ba2ab1b0fa74af0e48182702973319cb00f04d7d37d8777133aad6d0be,f9c0c4ba2ab1b0fa74af0e48182702973319cb00f04d7d37d8777133aad6d0be,False,False,WW,True,False,"[""故意伤害"", ""非法持有、私藏枪支、弹药""]","[""故意伤害"", ""非法持有、私藏枪支、弹药""]",1cee4a284a296eec21a4eee7a3876447a421659e3522a916ad2d78266781a2b7,1cee4a284a296eec21a4eee7a3876447a421659e3522a916ad2d78266781a2b7,True,True,"[""3a85dd208c4c4ba48c75ae163fcb3e7c""]","[""8db2466399444b0b981f87ab4804416d""]"
R7A,audit,lawbench_3-3_0356,e8c0a2830779c79098a6eff35d4b5e0833fa68245f4f5dcfb3431c57734b23f9,e8c0a2830779c79098a6eff35d4b5e0833fa68245f4f5dcfb3431c57734b23f9,42c8c931f91c7563c59fdbaa02373aef11eb91e39fc0bcc3954bebbc80458af7,42c8c931f91c7563c59fdbaa02373aef11eb91e39fc0bcc3954bebbc80458af7,False,False,WW,False,False,"[""非法添加食品添加剂""]","[""非法添加食品添加剂""]",f09ac5197690fd8736806620ad7167f08d871b6974560d8612f13e1eb9fbbb76,f09ac5197690fd8736806620ad7167f08d871b6974560d8612f13e1eb9fbbb76,True,True,"[""e900c058aec44332968735933ff0696d""]","[""fcc9689d97d04d85b00cb4d33530eeaa""]"
R7A,audit,lawbench_3-3_0224,41b7d3e47f2ff53ca64e8950cd8e7e9fac969455e36f17001716d7b1807a412a,41b7d3e47f2ff53ca64e8950cd8e7e9fac969455e36f17001716d7b1807a412a,8209291a6b1d0fa60478c6463467cefe4e730b6fb2a3e00535ec5b052681a78e,8209291a6b1d0fa60478c6463467cefe4e730b6fb2a3e00535ec5b052681a78e,True,True,CC,False,False,"[""抢夺""]","[""抢夺""]",ae960b3eb392e0f3bc9105367aaf9a65d93c24b85436d530d125f4be2f1d3b49,ae960b3eb392e0f3bc9105367aaf9a65d93c24b85436d530d125f4be2f1d3b49,True,True,"[""3bc2c57d00224002b23e5fd87c6199c7""]","[""83ba27ae48824dc697f52c7fa96fffff""]"
R7A,audit,lawbench_3-3_0239,553bec5cc04d1f296c7eb9213e11e03a935a55fc92df1a582c103f9370d1a215,553bec5cc04d1f296c7eb9213e11e03a935a55fc92df1a582c103f9370d1a215,b53680f23abdd239f7f7c8d9d06e88fbc42ced580b5797ac4d7dde3c1bb38367,b53680f23abdd239f7f7c8d9d06e88fbc42ced580b5797ac4d7dde3c1bb38367,False,True,WC,True,True,"[""拐骗未成年人""]","[""拐骗儿童""]",2c269d1fe84328fba78e762cec5cdcbc0a64ff4c41644d28f0c5c72716d9f052,2c269d1fe84328fba78e762cec5cdcbc0a64ff4c41644d28f0c5c72716d9f052,True,True,"[""0b83fa47cc9f4bc5ad083dc64d117f7d""]","[""e8c077319ac04e0686461a12cd9f8919""]"
R7A,audit,lawbench_3-3_0078,87ce60bc81d0414e09a84849b2374b5cbaee786ef6a3bf49160abcaa87e42f70,87ce60bc81d0414e09a84849b2374b5cbaee786ef6a3bf49160abcaa87e42f70,ac69c919aa18fbad98b6230948b9acdccc9ae85032aff11d0e6f4dd5281b211d,ac69c919aa18fbad98b6230948b9acdccc9ae85032aff11d0e6f4dd5281b211d,False,False,WW,True,True,[],"[""诈骗""]",9662d18dd9ec614ad8f07c068faa34b16b5d38608771a332035d70e17d3fa5ac,9662d18dd9ec614ad8f07c068faa34b16b5d38608771a332035d70e17d3fa5ac,True,True,"[""56db1a51336b4d438ca658d6cd7a3d53""]","[""56fae342c36a49c895ca9b2fbda22fad""]"
R7A,audit,lawbench_3-3_0451,4c8c6812fc82cfa308cc1ee92c90e17d1138a2144f92b87f3099a6fe19efdb38,4c8c6812fc82cfa308cc1ee92c90e17d1138a2144f92b87f3099a6fe19efdb38,0a5b43df60d9a32f47001388a90ccd4b80a0fc1607beea57698cf6ce1c21a889,0a5b43df60d9a32f47001388a90ccd4b80a0fc1607beea57698cf6ce1c21a889,False,False,WW,False,False,"[""盗窃"", ""破坏电力设施""]","[""盗窃"", ""破坏电力设施""]",a8e3324951051834414b31853ad58cf834ff5bac7c76bbfc8a530e115cad5e6a,a8e3324951051834414b31853ad58cf834ff5bac7c76bbfc8a530e115cad5e6a,True,True,"[""bae0cbfafb1e4625bb9b5ef3800046e9""]","[""a432915693234398a246b6d0cfd0932b""]"
R7A,audit,lawbench_3-3_0009,82393703f84bd833bf3e20a72c9f448be4a989e811b483c285630457ec7cea6d,82393703f84bd833bf3e20a72c9f448be4a989e811b483c285630457ec7cea6d,3d1f33dfa443920d5ee68782a2c030f7baa0a2aa0452d8bca5a3fa63756da3a2,3d1f33dfa443920d5ee68782a2c030f7baa0a2aa0452d8bca5a3fa63756da3a2,True,True,CC,False,False,"[""受贿"", ""诈骗""]","[""受贿"", ""诈骗""]",c7c3a392596d9b6d8cdeb33ee2995cb2227375092cada9eb8eb6c900ba997059,c7c3a392596d9b6d8cdeb33ee2995cb2227375092cada9eb8eb6c900ba997059,True,True,"[""29147424f391445da733cd9ec00755a5""]","[""e778b15c55bc4e2f9033ca2176c3bef9""]"
R7A,audit,lawbench_3-3_0080,da3d2977cb2805cb68ba1fae8eaa1a766460a3740f2c24eca3c1b434985853bc,da3d2977cb2805cb68ba1fae8eaa1a766460a3740f2c24eca3c1b434985853bc,6dee9590012222a28cc81790572193108b22fbef217add13fa9001c88ea251bd,6dee9590012222a28cc81790572193108b22fbef217add13fa9001c88ea251bd,False,False,WW,False,False,"[""诈骗""]","[""诈骗""]",0b88bdd31d44e0e7a774f38066498ee687ca8a0d03d95c1ca12919c8d3879c40,0b88bdd31d44e0e7a774f38066498ee687ca8a0d03d95c1ca12919c8d3879c40,True,True,"[""edf91d47e7ed4daea2c2d3d59ee65088""]","[""e31a9c19197043aeaddbdf9d19790ccd""]"
R7A,audit,lawbench_3-3_0381,93c0b88a4066e3f53d75efbbc8380a008d51d9844745359943f3a0c37bf61f66,93c0b88a4066e3f53d75efbbc8380a008d51d9844745359943f3a0c37bf61f66,8eb45b3c84c1e61507773733ee7180013b4f12cb3d985e44b4fbc62e15e27e8f,8eb45b3c84c1e61507773733ee7180013b4f12cb3d985e44b4fbc62e15e27e8f,True,True,CC,False,False,"[""非法狩猎""]","[""非法狩猎""]",575eb54e7cd9fe1f26a325481831c2cbc4db2cee39fbfea2c4db14fe370ecd4a,575eb54e7cd9fe1f26a325481831c2cbc4db2cee39fbfea2c4db14fe370ecd4a,True,True,"[""0bc978df79fa48aba0d0592657d3529d""]","[""60d20f2cb9cf4954a793d397c8186074""]"
R7A,audit,lawbench_3-3_0259,0f0710b16050b51de34573d4b56723cf4af10dd01debd53f4b3e2f27561eff81,0f0710b16050b51de34573d4b56723cf4af10dd01debd53f4b3e2f27561eff81,a7256b4c9417aa061cb4680499152f79090067dc7914afa902c705cfe2bba88c,a7256b4c9417aa061cb4680499152f79090067dc7914afa902c705cfe2bba88c,True,True,CC,False,False,"[""妨害公务""]","[""妨害公务""]",415016a866acd028c5fd15363af8f7635f1b90d99c7fd25baacf17bd7a071f2e,415016a866acd028c5fd15363af8f7635f1b90d99c7fd25baacf17bd7a071f2e,True,True,"[""a675f3c4a55e4d64abb8c2b6c14c3eff""]","[""ec7cd5ee2a2c40de8c3bd711730161d3""]"
R7A,audit,lawbench_3-3_0128,13e04ec0109c902520a2e36a0cdfd9f7b4e46ffc3caa9cd3ea63823b3fb41af9,13e04ec0109c902520a2e36a0cdfd9f7b4e46ffc3caa9cd3ea63823b3fb41af9,bd3ff7b73377a70467931846ef214fc24fe7343599b346bf96955a69a1d8335c,bd3ff7b73377a70467931846ef214fc24fe7343599b346bf96955a69a1d8335c,False,False,WW,False,False,"[""贷款诈骗""]","[""贷款诈骗""]",1d7054f038929b27ab3753d052f627be8224c54b11b82c70a77ceeb6d018ec4a,1d7054f038929b27ab3753d052f627be8224c54b11b82c70a77ceeb6d018ec4a,True,True,"[""671b9aaadbf74e719f7c8641231572b4""]","[""9c8b1de98fbb4985b3936b42b67b600c""]"
R7A,audit,lawbench_3-3_0268,44054547f2c006038f649fb1a8cdafaa9a1027043ca51194731b00aa4b873eff,44054547f2c006038f649fb1a8cdafaa9a1027043ca51194731b00aa4b873eff,e5a9f0f5ada03b737d4433a9bca601285a64875049abee10195bf2002147cc8a,e5a9f0f5ada03b737d4433a9bca601285a64875049abee10195bf2002147cc8a,True,True,CC,False,False,"[""掩饰"", ""犯罪所得收益"", ""隐瞒犯罪所得""]","[""掩饰"", ""犯罪所得收益"", ""隐瞒犯罪所得""]",7ecc325d90773fa34f0e754af6adcfca1e0f930477abd0e64809f1799e2cd969,7ecc325d90773fa34f0e754af6adcfca1e0f930477abd0e64809f1799e2cd969,True,True,"[""fc5f6838a2d844e6bfe679458b5a478c""]","[""b587604bd8bf4ce68a22dd1049055363""]"
R7A,audit,lawbench_3-3_0354,0dc6e04b59eeac685e862a1916aa443513df88a80439a5bc4de964dcb88c7583,0dc6e04b59eeac685e862a1916aa443513df88a80439a5bc4de964dcb88c7583,0fa7456b0e2f1c0cae5ad8d4a61530d751622f196266097fd015e212e87fc90b,0fa7456b0e2f1c0cae5ad8d4a61530d751622f196266097fd015e212e87fc90b,True,True,CC,False,False,"[""非法吸收公众存款""]","[""非法吸收公众存款""]",da21f697590d32feada30350294ff7f8d70e4e3bbae3653d9108cdc67f41ad5e,da21f697590d32feada30350294ff7f8d70e4e3bbae3653d9108cdc67f41ad5e,True,True,"[""38ce4f93ee9c4a0c9d6a3ab36ae185e3""]","[""6091235e485b42d3beb00b68a58a869c""]"
R7A,audit,lawbench_3-3_0312,ead76ed906703fbd6456f344e91d8586cf14d5015a0d9a609bbbbd6efed91a61,ead76ed906703fbd6456f344e91d8586cf14d5015a0d9a609bbbbd6efed91a61,e065f16a85f97733e6820469ed4a8db56caccbed4086f24016660942f0962f00,e065f16a85f97733e6820469ed4a8db56caccbed4086f24016660942f0962f00,True,True,CC,False,False,"[""过失致人死亡""]","[""过失致人死亡""]",30c5c860af3c0b7d5f1299da12aa6a5c9436b60eb0d6e5881b98a027eb70f974,30c5c860af3c0b7d5f1299da12aa6a5c9436b60eb0d6e5881b98a027eb70f974,True,True,"[""239ff36c23f64cd8b0434d13c548d6fd""]","[""a82ed8d09b1d4d5a899a9bfc203a10a6""]"
R7A,audit,lawbench_3-3_0102,a0d346b09eb8f98b620fa704e8ba402c854c6c894bd8eaccc458c027ab1ebdf5,a0d346b09eb8f98b620fa704e8ba402c854c6c894bd8eaccc458c027ab1ebdf5,161a249cda745cb8410bb6dcf5d0ea500af61e7a2ed84a438da3dda8c086a703,161a249cda745cb8410bb6dcf5d0ea500af61e7a2ed84a438da3dda8c086a703,False,False,WW,False,False,"[""虚开增值税专用发票""]","[""虚开增值税专用发票""]",d7800cd2460e369fed1485445d376117366b2fe6f6968fecbcebf0e97fe92b21,d7800cd2460e369fed1485445d376117366b2fe6f6968fecbcebf0e97fe92b21,True,True,"[""d6611b1be4fb47a182caacc468c7d5c5""]","[""871ee1cade724eb9a63b2cf70a7bdd75""]"
R7A,audit,lawbench_3-3_0337,e326f5a740d92a15c8ce27743b327c57ba2ff0f42b2ef84797f5a079df7968f7,e326f5a740d92a15c8ce27743b327c57ba2ff0f42b2ef84797f5a079df7968f7,6a5c8ed9914d121722761c6104f439fd7b2966de0332f3f8a73fd1a89fca7bbb,6a5c8ed9914d121722761c6104f439fd7b2966de0332f3f8a73fd1a89fca7bbb,False,True,WC,True,True,"[""生产、销售假药"", ""非法经营药品""]","[""生产、销售假药"", ""非法经营""]",b79b77b287e42c0dae4e90ab50aef54bfacd2e0bb24b86708729c4d2403cd55e,b79b77b287e42c0dae4e90ab50aef54bfacd2e0bb24b86708729c4d2403cd55e,True,True,"[""a1717c7817d248e59cd7907e8694e5eb""]","[""0d6e1862388f49f8b5df16e2c11eca2b""]"
R7A,audit,lawbench_3-3_0487,429ac3083f7288a591dcf3127c4fa7e0bae94f967d20b8b563dbbbb2325e1fe8,429ac3083f7288a591dcf3127c4fa7e0bae94f967d20b8b563dbbbb2325e1fe8,4bf098d419cff34d65e58b3ef5d3dddce8544f75d3249be34e931f344349f9db,4bf098d419cff34d65e58b3ef5d3dddce8544f75d3249be34e931f344349f9db,False,False,WW,True,True,"[""抢劫"", ""敲诈勒索""]","[""抢劫""]",acfe7b42eb711a5aa45fb25127a898f0255ee18930d4a9ab25803fdac96eca26,acfe7b42eb711a5aa45fb25127a898f0255ee18930d4a9ab25803fdac96eca26,True,True,"[""12ae7495fd804a69b31e865ad1eeacdb""]","[""f0e361020e814367827afafbb8cb07f5""]"
R7A,audit,lawbench_3-3_0491,2712a35b85b111715e7641b1b450476a369e0298cdd85406757ee043be55d95c,2712a35b85b111715e7641b1b450476a369e0298cdd85406757ee043be55d95c,4455568ffa35b249a428af335cabcb3311509961baf257264d61631868770b06,4455568ffa35b249a428af335cabcb3311509961baf257264d61631868770b06,False,False,WW,True,True,"[""生产"", ""色情制品"", ""销售淫秽""]","[""生产"", ""销售淫秽音像制品""]",9a41cb0d3015802e97e744abfe3acc8b7ef80abf7de17f3e293efaa6ccf3f038,9a41cb0d3015802e97e744abfe3acc8b7ef80abf7de17f3e293efaa6ccf3f038,True,True,"[""d60f7c9b01624b548475d43fc0c5d08e""]","[""8af9a3bbbc584234b9b362f0fa94c668""]"
R7A,audit,lawbench_3-3_0030,7112cfadf24d16a06d270f4d65bd775c6457d9536b9fcf588d6f36a643180fc8,7112cfadf24d16a06d270f4d65bd775c6457d9536b9fcf588d6f36a643180fc8,02b0d6a89c55137b7f70fff0b34793cb655f1ba553433b250e02b51d5b2716d3,02b0d6a89c55137b7f70fff0b34793cb655f1ba553433b250e02b51d5b2716d3,True,True,CC,False,False,"[""行贿"", ""诈骗""]","[""行贿"", ""诈骗""]",a11151e71762347a3f10aa5be31a2c8f46744cefbef257e5f436ef1dc86dab4f,a11151e71762347a3f10aa5be31a2c8f46744cefbef257e5f436ef1dc86dab4f,True,True,"[""508f57b393fd464f80c986d992583aa0""]","[""0f70039fc9df4d069fabc8e85b3b7844""]"
R7A,audit,lawbench_3-3_0404,c5733c36cc9335594eea1f2845237cad9dcb49305b86977f98624ac04bb4c92e,c5733c36cc9335594eea1f2845237cad9dcb49305b86977f98624ac04bb4c92e,6a626e651c699931bfb4637f1e9c4d87366cc95ef8c134d5eaabc3c2e3359de0,6a626e651c699931bfb4637f1e9c4d87366cc95ef8c134d5eaabc3c2e3359de0,True,True,CC,False,False,"[""挪用公款""]","[""挪用公款""]",32090fdab456b9e2d7327e97bcb7aa2fb44912d1cb9a2f4ae15c4a14f3876715,32090fdab456b9e2d7327e97bcb7aa2fb44912d1cb9a2f4ae15c4a14f3876715,True,True,"[""9c38302dee53490d94350a0fb47f442a""]","[""4197a012018d4c03bf11795f4035551b""]"
R12B,score,lawbench_3-3_0481,5212414cb7e7e75dec7db3b51a8a86f030d8c8fd8b997c1db2e4f7d9a84fc65d,5212414cb7e7e75dec7db3b51a8a86f030d8c8fd8b997c1db2e4f7d9a84fc65d,fa0ca2ec9ed2530a380a5df97bc96e2b64ec41a99856c576540d8dd51cbcb19b,fa0ca2ec9ed2530a380a5df97bc96e2b64ec41a99856c576540d8dd51cbcb19b,True,False,CW,True,True,"[""单位行贿""]","[""伪造国家机关公文、证件、印章罪"", ""行贿"", ""非法采矿罪""]",3bf271c644b78cd165f9057597c87ea2eb9f0d132b32f8ca3537be58f71b9a49,3bf271c644b78cd165f9057597c87ea2eb9f0d132b32f8ca3537be58f71b9a49,True,True,"[""248c7233ae59444d9b66a85f2f7fa675""]","[""3f8b2c4c31d048e789427555019dcbfd""]"
R12B,score,lawbench_3-3_0361,83f00640a7528cd0e8465f2e1d3c050fd468b3d8a6076448d53c0a185dcc081d,83f00640a7528cd0e8465f2e1d3c050fd468b3d8a6076448d53c0a185dcc081d,60c267a394873e704ecd912abe5a5e768956493a32585ae1df869b68b32f5827,60c267a394873e704ecd912abe5a5e768956493a32585ae1df869b68b32f5827,False,False,WW,False,False,"[""假冒注册商标""]","[""假冒注册商标""]",8bcf9f4900cfaf57a9fe2f4c8e257c4c980d60f121181111bfcab5518b1f4593,8bcf9f4900cfaf57a9fe2f4c8e257c4c980d60f121181111bfcab5518b1f4593,True,True,"[""7dc6839437f94c02a697bf448e3f51e8""]","[""ee2f2fdd419b463f8855be9db4e0c7f3""]"
R12B,score,lawbench_3-3_0027,519535d8205fd37ad6ab145e45fc91b1454304844e92a05d050c1fcd7d316658,519535d8205fd37ad6ab145e45fc91b1454304844e92a05d050c1fcd7d316658,5be0491c360656123e5a577a4979c2a1325f9a6804b924dff207c0ba53777acc,5be0491c360656123e5a577a4979c2a1325f9a6804b924dff207c0ba53777acc,False,False,WW,False,False,"[""故意伤害""]","[""故意伤害""]",35ec11ce4332f981961efb72dcb4f589a4e54ef7dddfe825e1b9496f3dfb26a9,35ec11ce4332f981961efb72dcb4f589a4e54ef7dddfe825e1b9496f3dfb26a9,True,True,"[""ad8ae1f0ecc7490e9e3eda2ba9c129ee""]","[""0d8c9670cfc5456588024cde07a89292""]"
R12B,score,lawbench_3-3_0385,7e7c616fe3f79ca3c5302b484bee968919b72fa2b5d75b51efd708027ef600a2,7e7c616fe3f79ca3c5302b484bee968919b72fa2b5d75b51efd708027ef600a2,0a5b43df60d9a32f47001388a90ccd4b80a0fc1607beea57698cf6ce1c21a889,0a5b43df60d9a32f47001388a90ccd4b80a0fc1607beea57698cf6ce1c21a889,False,False,WW,True,True,"[""盗窃"", ""破坏公用电力设施""]","[""盗窃"", ""破坏公共设施""]",c4c749e872e719a18a42e859055e3f498c36c57193f06166ff11e5f527444785,c4c749e872e719a18a42e859055e3f498c36c57193f06166ff11e5f527444785,True,True,"[""6099ccd91b49471c98e5aab3088df53c""]","[""6398cc593ea74223be592e490dc7bc43""]"
R12B,score,lawbench_3-3_0226,711c25cc3767a1e3940eedcc270b70fa1d99f70185704b0faffc2dae0d570faf,711c25cc3767a1e3940eedcc270b70fa1d99f70185704b0faffc2dae0d570faf,d394ca9e19451b8adf223f1547a23fcd577a36feefc75a3125b2f84dddedf127,d394ca9e19451b8adf223f1547a23fcd577a36feefc75a3125b2f84dddedf127,True,True,CC,False,False,"[""非法种植毒品原植物""]","[""非法种植毒品原植物""]",71d7df815547f114edf3b22bdc45b2593718b3206bc8cea5d598aa6eeee43ba8,71d7df815547f114edf3b22bdc45b2593718b3206bc8cea5d598aa6eeee43ba8,True,True,"[""2733926b98194c63a0993161d8b6895b""]","[""7f2899b2e98d4c53b2f3d711dac106a5""]"
R12B,score,lawbench_3-3_0200,5b51a2c4de8cc675f479c5bf1869a30b2782325026ff26015f90842439e5fc30,5b51a2c4de8cc675f479c5bf1869a30b2782325026ff26015f90842439e5fc30,18b46721de35eea17ac5aebf692eb9d475b60022ba09bfa57fad5e0a679914e0,18b46721de35eea17ac5aebf692eb9d475b60022ba09bfa57fad5e0a679914e0,True,True,CC,False,False,"[""失火""]","[""失火""]",30d1bc81ead3dde7b6ecb8f260707328786aae6880ec0e858c8b2f004ea8c66e,30d1bc81ead3dde7b6ecb8f260707328786aae6880ec0e858c8b2f004ea8c66e,True,True,"[""6ffe892ac22448b09e443fa6e126d5a4""]","[""7f6da2289f4949f4b5ad083d4eff9b44""]"
R12B,score,lawbench_3-3_0025,5dccb0b3713ebac3b07207924341a0585101ec5cc61d180738204f083963d04f,5dccb0b3713ebac3b07207924341a0585101ec5cc61d180738204f083963d04f,9b549e07c6eb4b085aac76725e87044a4db36c4571d146fb6a4c7d0665fac94b,9b549e07c6eb4b085aac76725e87044a4db36c4571d146fb6a4c7d0665fac94b,True,True,CC,False,False,"[""合同诈骗""]","[""合同诈骗""]",2eee793cbf070953633ab98117149da9bb65edf4d119c104603d200ded045053,2eee793cbf070953633ab98117149da9bb65edf4d119c104603d200ded045053,True,True,"[""e0310dbd2284401f8ee423c6800d2120""]","[""9effb166f9004b3db7ae11df3b47e6bc""]"
R12B,score,lawbench_3-3_0118,edf2952048f40c6cc5d4d98731713c9b2345e32e6fcb4b31e7d095e3492718d4,edf2952048f40c6cc5d4d98731713c9b2345e32e6fcb4b31e7d095e3492718d4,28ded1ecf23a6154855e028547d16a11fb79cad2373f6553fb5cf792b5782922,28ded1ecf23a6154855e028547d16a11fb79cad2373f6553fb5cf792b5782922,False,False,WW,True,True,"[""伪造发票"", ""虚开增值税专用发票、用于抵扣税款发票""]","[""抵扣税款发票"", ""用于骗取出口退税"", ""虚开增值税专用发票""]",b253489ab51fe6808d9c64f306cc80c75cf6bd79f2c5ffb58dba16921fd75216,b253489ab51fe6808d9c64f306cc80c75cf6bd79f2c5ffb58dba16921fd75216,True,True,"[""0ee437b98d6c4d1d9eda1e940a072fb2""]","[""5c439ac4b2fa41db93bd6038eb38149c""]"
R12B,score,lawbench_3-3_0450,97b3c26856b415c613cdc7a0b0c5b53bea8f496a2466e57d3199e30b70c7ebad,97b3c26856b415c613cdc7a0b0c5b53bea8f496a2466e57d3199e30b70c7ebad,d4894bf9ddbf3e81e650ea8f8a5415e838847053d72c9db9a20cde640d35272d,d4894bf9ddbf3e81e650ea8f8a5415e838847053d72c9db9a20cde640d35272d,True,True,CC,False,False,"[""毁坏国家重点保护植物"", ""非法采伐""]","[""毁坏国家重点保护植物"", ""非法采伐""]",b0fde880d352254eecb08fbac7f0131b77496fead218a2828a4d9d1f085f7402,b0fde880d352254eecb08fbac7f0131b77496fead218a2828a4d9d1f085f7402,True,True,"[""f52418a14d6442bea68b549b0204defc""]","[""de03a3e138ab43b3befc524446c9f6e1""]"
R12B,score,lawbench_3-3_0241,d5a7e0f1a25093aa042b09781330aefa7b4426ac75863bc2be90c1c5d732ed38,d5a7e0f1a25093aa042b09781330aefa7b4426ac75863bc2be90c1c5d732ed38,7065f11e421648a40dad52cae624948db5ed83fb35a43c5a67eb2e50710eba08,7065f11e421648a40dad52cae624948db5ed83fb35a43c5a67eb2e50710eba08,False,False,WW,False,False,"[""开设赌场""]","[""开设赌场""]",023dfed66983ae83b36ed67a9fd08fbfc89b523619eba40020df684d6e054c16,023dfed66983ae83b36ed67a9fd08fbfc89b523619eba40020df684d6e054c16,True,True,"[""c9328bf745954c88a94ac568f0cf85ce""]","[""3dd6ab3c95a346078b9b75069d491f07""]"
R12B,score,lawbench_3-3_0410,9a5bce60804a57cba8133c592f86a0a47be9aa17ed13c0a25f223c191de8d860,9a5bce60804a57cba8133c592f86a0a47be9aa17ed13c0a25f223c191de8d860,9611bf4b4b83452cd081baf9086d5965930f39c9b948cedf8e548ef3ff6e6974,9611bf4b4b83452cd081baf9086d5965930f39c9b948cedf8e548ef3ff6e6974,False,False,WW,False,False,"[""聚众扰乱公共场所秩序""]","[""聚众扰乱公共场所秩序""]",99b34926eb634682dd976ffc4c53f5935cb7b2ab6d71fe553ba85796c31c1601,99b34926eb634682dd976ffc4c53f5935cb7b2ab6d71fe553ba85796c31c1601,True,True,"[""bda0c6e5d2844ffb9703fc337e554247""]","[""3ee28a25731145beb9f81c7f523edf78""]"
R12B,score,lawbench_3-3_0469,e8664b99441dc3cb1f45e298c0a12feff245b1980209c7e33c611c5f35737645,e8664b99441dc3cb1f45e298c0a12feff245b1980209c7e33c611c5f35737645,894b62d77a00a5ab42ae1b3dff91e16e7f47112cbb5b3ff5673af71a299a87d4,894b62d77a00a5ab42ae1b3dff91e16e7f47112cbb5b3ff5673af71a299a87d4,True,True,CC,False,False,"[""买卖国家机关公文"", ""伪造"", ""印章"", ""变造"", ""证件""]","[""买卖国家机关公文"", ""伪造"", ""印章"", ""变造"", ""证件""]",aebd6b08b84a912e116f671dcc988f752605fb26a59151bb7a95a33236a793b0,aebd6b08b84a912e116f671dcc988f752605fb26a59151bb7a95a33236a793b0,True,True,"[""2e2a38091f0342a29131a496646c25d0""]","[""c53698f167ad4d659eb68758d2e45abc""]"
R12B,score,lawbench_3-3_0437,77dfb8a4359a492b1b99d7c63dff41491fb4108c6cdffb208a7b8f582ca2dac6,77dfb8a4359a492b1b99d7c63dff41491fb4108c6cdffb208a7b8f582ca2dac6,5ab1599811572bd0933a1e52b798c8881d3b7c3037d98865072ae41ba0d9fd14,5ab1599811572bd0933a1e52b798c8881d3b7c3037d98865072ae41ba0d9fd14,False,False,WW,False,False,"[""生产"", ""销售假药""]","[""生产"", ""销售假药""]",b53a856a1ed5cae0b3f427ae354c9bb2683c54bb44e21e8727995dd5cbfa260c,b53a856a1ed5cae0b3f427ae354c9bb2683c54bb44e21e8727995dd5cbfa260c,True,True,"[""60d00581bf9848b28703d8be5d846c8f""]","[""a26e769239194ed38e561457ed9ef9eb""]"
R12B,score,lawbench_3-3_0497,8f29850088a82ee9e738b9d9e68d507867878c9251e0c513a894d81fa43953d4,8f29850088a82ee9e738b9d9e68d507867878c9251e0c513a894d81fa43953d4,d4894bf9ddbf3e81e650ea8f8a5415e838847053d72c9db9a20cde640d35272d,d4894bf9ddbf3e81e650ea8f8a5415e838847053d72c9db9a20cde640d35272d,True,True,CC,False,False,"[""毁坏国家重点保护植物"", ""非法采伐""]","[""毁坏国家重点保护植物"", ""非法采伐""]",3ecbd8f712d90b91541e314ac011a3afc7398e25b952f0bde5c08b52770c08fd,3ecbd8f712d90b91541e314ac011a3afc7398e25b952f0bde5c08b52770c08fd,True,True,"[""befaf029b9d54a81a68cc3c97c943d64""]","[""e45340c770404e15b7cf10ebd4e7648d""]"
R12B,score,lawbench_3-3_0240,843ca4bf0f1b4706cc720dd82516e46699772a10df342e5c16940774b7822ad9,843ca4bf0f1b4706cc720dd82516e46699772a10df342e5c16940774b7822ad9,cae54507b26c86c54cb927f63da2e1e67782d65f3aa79ae784eabfeb51d79856,cae54507b26c86c54cb927f63da2e1e67782d65f3aa79ae784eabfeb51d79856,False,False,WW,True,True,"[""窝藏罪""]","[""窝藏""]",f9d0dea25051fda2c0d2a15d19949d9c2854af6810e41a382156a09c5947ff42,f9d0dea25051fda2c0d2a15d19949d9c2854af6810e41a382156a09c5947ff42,True,True,"[""31f26e1cb7764b138ddbc937f7dbf8b6""]","[""80de48984a584e50a0d74b44b0fdfc63""]"
R12B,score,lawbench_3-3_0168,49ba29f97ee0ad1030fc6ef302f99521e7a9fc8c52d1725ae8a902f8ae263114,49ba29f97ee0ad1030fc6ef302f99521e7a9fc8c52d1725ae8a902f8ae263114,833371626b8f7671d1d0fc92e6630861931bc1fffb8c066483973980f1396ffa,833371626b8f7671d1d0fc92e6630861931bc1fffb8c066483973980f1396ffa,False,False,WW,False,False,"[""危险驾驶""]","[""危险驾驶""]",dc36bc99dd44703ba957459cb8a2578fddae656dcba0dcbc5e67b0051f74e8b2,dc36bc99dd44703ba957459cb8a2578fddae656dcba0dcbc5e67b0051f74e8b2,True,True,"[""8f801fa3043c442290b5001ba951846e""]","[""f89fdae3272b4f208e3b3babc3ffd526""]"
R12B,score,lawbench_3-3_0364,3968ef908fcf036b4772545490a6f9f98a83daec6b2d8ec23f7d0c2457b50f7d,3968ef908fcf036b4772545490a6f9f98a83daec6b2d8ec23f7d0c2457b50f7d,1fa8857b448c6af9d3c189783a2461bbd10520e3c4b4755cd7f78f2c08166599,1fa8857b448c6af9d3c189783a2461bbd10520e3c4b4755cd7f78f2c08166599,True,True,CC,False,False,"[""放火""]","[""放火""]",bcb77bdd1da4d90c1bcc60322e64c583cf2117f98d9c1cf94328432ea014bbb2,bcb77bdd1da4d90c1bcc60322e64c583cf2117f98d9c1cf94328432ea014bbb2,True,True,"[""c8dcfb47c8e64f5fbb33c273c07d0811""]","[""8afe83f10aba420aaf4ed04cb8f2f3f7""]"
R12B,score,lawbench_3-3_0103,ed2b78e7068720b68043b0ad4ae95f56079f2d694fc4587096d01d60b2d01858,ed2b78e7068720b68043b0ad4ae95f56079f2d694fc4587096d01d60b2d01858,60c36a1c11d7fbbb7fb8696a011886b5263560a27658aaa9a3c8fe31fcf58ea1,60c36a1c11d7fbbb7fb8696a011886b5263560a27658aaa9a3c8fe31fcf58ea1,False,False,WW,True,True,"[""掩饰、隐瞒犯罪所得、犯罪所得收益"", ""盗窃"", ""非法持有、私藏弹药""]","[""掩饰、隐瞒犯罪所得、犯罪所得收益"", ""盗窃"", ""非法持有、私藏枪支、弹药""]",83e78a372691a122be0303245440cbdfff4a2f687c153fd0a7f2c39f187668df,83e78a372691a122be0303245440cbdfff4a2f687c153fd0a7f2c39f187668df,True,True,"[""7ddb5ab651f14746bc1bc569a29e4927""]","[""a3b42db37a974e4583a5d4a3e42fdfaa""]"
R12B,score,lawbench_3-3_0371,0e2515102b4e948103b40c54b9f36046b90c649533104864a1b8b59180abf578,0e2515102b4e948103b40c54b9f36046b90c649533104864a1b8b59180abf578,bd4f3cc48148953b7d0145b5d90cc86e5c5fb6fbf724b56ee0e8b4c0bb83eb65,bd4f3cc48148953b7d0145b5d90cc86e5c5fb6fbf724b56ee0e8b4c0bb83eb65,True,True,CC,False,False,"[""职务侵占"", ""贪污""]","[""职务侵占"", ""贪污""]",8c89b84b2b86ebdc0a086977eb5482cd2cacf7984bd59e8a601a8ef13e99a418,8c89b84b2b86ebdc0a086977eb5482cd2cacf7984bd59e8a601a8ef13e99a418,True,True,"[""b00578996ff84355b5fe24f3d6334373""]","[""aa9054dfa4ea4c4981d5eca4506598e7""]"
R12B,score,lawbench_3-3_0266,d7b97d2f3599ddde1451947d403f320d375783cba8f6c89e6f61991a7262d271,d7b97d2f3599ddde1451947d403f320d375783cba8f6c89e6f61991a7262d271,af0199c13c3c3086dd253cbfd3374b97268da9451a881440464272c7f89877af,af0199c13c3c3086dd253cbfd3374b97268da9451a881440464272c7f89877af,True,True,CC,False,False,"[""敲诈勒索""]","[""敲诈勒索""]",abd133e013298c5ee1f6a1cc083eba10a764f0bb2e2a65335ea94da3e9e2adef,abd133e013298c5ee1f6a1cc083eba10a764f0bb2e2a65335ea94da3e9e2adef,True,True,"[""7de483e42df54055985c0289326efb98""]","[""3c7cb07b723243dd9add650e5e6baf72""]"
R12B,score,lawbench_3-3_0206,b93ea6b29cebed0d56f961f744bb044ca667ac5068255679cc450abbc8365fdc,b93ea6b29cebed0d56f961f744bb044ca667ac5068255679cc450abbc8365fdc,bf972280b6ed0dbbbb5de5d0474c52544f4e64fc711df213c8b04d43a57a7f93,bf972280b6ed0dbbbb5de5d0474c52544f4e64fc711df213c8b04d43a57a7f93,False,False,WW,False,False,"[""重大责任事故""]","[""重大责任事故""]",11f89d1be250fb7998b6bb6f44aed1dedef5ef6a26da3b1a1ef8296c20a66bdf,11f89d1be250fb7998b6bb6f44aed1dedef5ef6a26da3b1a1ef8296c20a66bdf,True,True,"[""6d99493021f34bc2a08b4a178891cf3b""]","[""4cb9a09b46a44661a78b8c69c43ab6e7""]"
R12B,score,lawbench_3-3_0435,dc9dded99e26052200ec33ca0c132c264192b8931a39590c9b7f8e2413a73c6e,dc9dded99e26052200ec33ca0c132c264192b8931a39590c9b7f8e2413a73c6e,778b581d01609483397b42939b90fef15ef45a0021ddec25d1aa23a4991a8d73,778b581d01609483397b42939b90fef15ef45a0021ddec25d1aa23a4991a8d73,False,False,WW,False,False,"[""受贿""]","[""受贿""]",b2be276a159f9a1d4aa761e7df16e3b4ff2a43d1b5ec1dcb479083d497d69d57,b2be276a159f9a1d4aa761e7df16e3b4ff2a43d1b5ec1dcb479083d497d69d57,True,True,"[""131919420d8c489bad4eeab37503e024""]","[""4976e92afeff46d2a0d89b38d25759ea""]"
R12B,score,lawbench_3-3_0416,bc13d024a7b68243f5aa9d6c0fac1c552f07e8dbbb28928bded7d2d15a57fc0e,bc13d024a7b68243f5aa9d6c0fac1c552f07e8dbbb28928bded7d2d15a57fc0e,8eb45b3c84c1e61507773733ee7180013b4f12cb3d985e44b4fbc62e15e27e8f,8eb45b3c84c1e61507773733ee7180013b4f12cb3d985e44b4fbc62e15e27e8f,True,True,CC,False,False,"[""非法狩猎""]","[""非法狩猎""]",189a13fa591debdd5dab616a75f7ba7f74c28127ac6d3959816b5fc1b35f6255,189a13fa591debdd5dab616a75f7ba7f74c28127ac6d3959816b5fc1b35f6255,True,True,"[""1fdc643b3ea345f384a67d9faef38133""]","[""3a59db29d4ab4e0aac4153bfd245ffd6""]"
R12B,score,lawbench_3-3_0147,03ac4108fb21501500471ec75eb6ec73eb2c22f561e3f79b1ad0ca5c70775da3,03ac4108fb21501500471ec75eb6ec73eb2c22f561e3f79b1ad0ca5c70775da3,10273e1430a42cf237b9803bbede3383a05528ab32bffc58269f1aeff8b91980,10273e1430a42cf237b9803bbede3383a05528ab32bffc58269f1aeff8b91980,False,False,WW,False,False,"[""故意伤害""]","[""故意伤害""]",8f461a349b39f93bc9d2ddc5e67ebac919f3b5a828cfdae202eb15e3e10f31ef,8f461a349b39f93bc9d2ddc5e67ebac919f3b5a828cfdae202eb15e3e10f31ef,True,True,"[""8e5f6b5b2a2e4c6dab8cfddabef67347""]","[""a61fa43be02a4145946e35d763e8076e""]"
R12B,score,lawbench_3-3_0048,1117768c7f8764e1c9ef62a793d63ccee66f5d8ff6f408e07b6a7aaa7770a831,1117768c7f8764e1c9ef62a793d63ccee66f5d8ff6f408e07b6a7aaa7770a831,4ea2d408fb0711f1aee6abfc4eda9994f8b555230092f7fbe8ae8b98f794fb7c,4ea2d408fb0711f1aee6abfc4eda9994f8b555230092f7fbe8ae8b98f794fb7c,False,False,WW,True,True,[],"[""盗窃""]",9622966ede1459bc94d8edc2244473a9dfd7094864dd08b425de3c832edc0940,9622966ede1459bc94d8edc2244473a9dfd7094864dd08b425de3c832edc0940,True,True,"[""83c73509309d4386995c63e91da89398""]","[""ab41b6f93d5547d1bdd0eee894612063""]"
R12B,score,lawbench_3-3_0475,5137da01ad08aef76b91da32c866af66ec85a0c6ed285a6e0f506e35f71b02c0,5137da01ad08aef76b91da32c866af66ec85a0c6ed285a6e0f506e35f71b02c0,984d416c9ae410ae2e91aae89b36fa3a462021457af4e491a8b0db2d2dc81193,984d416c9ae410ae2e91aae89b36fa3a462021457af4e491a8b0db2d2dc81193,False,False,WW,False,False,"[""寻衅滋事"", ""故意伤害"", ""非法占用农用地""]","[""寻衅滋事"", ""故意伤害"", ""非法占用农用地""]",49158a7ac0620594c8137013640fb5b45fd52e38859e2939e859b177dbb0683a,49158a7ac0620594c8137013640fb5b45fd52e38859e2939e859b177dbb0683a,True,True,"[""499579467da9457db490d8fdd4242781""]","[""4b73cecd721b46ef9f0fa5e6ba70821e""]"
R12B,score,lawbench_3-3_0167,52080745dd356fceceec6e7391ec492ae91cb52d70b2bfe2f32c272016f72b46,52080745dd356fceceec6e7391ec492ae91cb52d70b2bfe2f32c272016f72b46,de4105e3119c1701b77b0c9e29ebe5e823c0b30e9b9d70508d90cb9d8b1d1df9,de4105e3119c1701b77b0c9e29ebe5e823c0b30e9b9d70508d90cb9d8b1d1df9,False,False,WW,True,True,"[""运输毒品"", ""非法运输毒品原植物种子""]","[""运输毒品罪"", ""非法运输毒品原植物种子罪""]",87a7ecb986b648cae848c0c56cf09b14b2e4ab105929b308d65c73f591fc06b4,87a7ecb986b648cae848c0c56cf09b14b2e4ab105929b308d65c73f591fc06b4,True,True,"[""706006bf7c0d454295f3005ef1699a6e""]","[""b65ef7f7a4be42c2bb603851c994b734""]"
R12B,score,lawbench_3-3_0220,dfd3c34a3a56f87570e8bda1bc17f101bdab55f5642675550966715463b87e83,dfd3c34a3a56f87570e8bda1bc17f101bdab55f5642675550966715463b87e83,950f2c0b7082494d496228dbb65203360e772a6c835cd51faa7f82f6d67e74b4,950f2c0b7082494d496228dbb65203360e772a6c835cd51faa7f82f6d67e74b4,True,False,CW,True,True,"[""生产"", ""销售不符合安全标准的食品""]","[""有害食品"", ""生产"", ""销售有毒""]",ba60f128e8eb387ac58b006eebe1c158aedaae8c493fa2549aa950e3665ac275,ba60f128e8eb387ac58b006eebe1c158aedaae8c493fa2549aa950e3665ac275,True,True,"[""8fbfa672f5a94af7b851f1526bd1a354""]","[""ea2e2c64eeba4154a23f9c93c74ed082""]"
R12B,score,lawbench_3-3_0086,595a011e4f3b75130ff1270be6f288858420bd4cddbef48427a7bb9ce92c5672,595a011e4f3b75130ff1270be6f288858420bd4cddbef48427a7bb9ce92c5672,468ecb7f09fc72d2f31aede56e4e8d672ac894dc886496ab4e44f43a9d7ae8fd,468ecb7f09fc72d2f31aede56e4e8d672ac894dc886496ab4e44f43a9d7ae8fd,True,True,CC,False,False,"[""诈骗"", ""非法获取公民个人信息""]","[""诈骗"", ""非法获取公民个人信息""]",d1fa6a8627cc895d50438895633b59c31277c9d6599ed69fecfc4eda7bbac645,d1fa6a8627cc895d50438895633b59c31277c9d6599ed69fecfc4eda7bbac645,True,True,"[""0da365b749644b329744d35a51b311f6""]","[""fc4b336bc0994152b2b8b260d078fd57""]"
R12B,score,lawbench_3-3_0104,d5fd84f43b60f75056d852bacad8c23692b7da637269494f4520c0c78d9d3494,d5fd84f43b60f75056d852bacad8c23692b7da637269494f4520c0c78d9d3494,7b7aa84256a1b67948a1369390b7bf0bde9e277f6d2684b611e1cff924ffb265,7b7aa84256a1b67948a1369390b7bf0bde9e277f6d2684b611e1cff924ffb265,False,False,WW,False,False,"[""抵扣税款发票"", ""用于骗取出口退税"", ""虚开增值税专用发票""]","[""抵扣税款发票"", ""用于骗取出口退税"", ""虚开增值税专用发票""]",3b5e795689e49893c49fb8b55a10d16a99a1dff7fde0627e31c49012bd94d458,3b5e795689e49893c49fb8b55a10d16a99a1dff7fde0627e31c49012bd94d458,True,True,"[""e83c152d55bf430a918719310ac3caf4""]","[""64cb0fc6db0e42418fe09ff9f8cd0e9e""]"
R12B,score,lawbench_3-3_0062,add4c33c52f841bb3eda03951719eb40fb999a8626f6754829ab1804541a7e36,add4c33c52f841bb3eda03951719eb40fb999a8626f6754829ab1804541a7e36,cae83db806fee541f720a6752b03ed2cdf9f83ba1ad5fe3651eeb5fda9662fb3,cae83db806fee541f720a6752b03ed2cdf9f83ba1ad5fe3651eeb5fda9662fb3,False,False,WW,False,False,"[""帮助毁灭证据"", ""故意伤害""]","[""帮助毁灭证据"", ""故意伤害""]",8e007ded9249f9807ea2f01d00bb3078a4ea728ad445c670198b5867f5ccde28,8e007ded9249f9807ea2f01d00bb3078a4ea728ad445c670198b5867f5ccde28,True,True,"[""0cbbf4e18f5340f5819051bb4d0e5518""]","[""98f78b9128384110ae77c7c443311efb""]"
R12B,score,lawbench_3-3_0090,fc956cd9362aec8b650c5a7448097a9fcb9401fec689083fd82e5358e5487322,fc956cd9362aec8b650c5a7448097a9fcb9401fec689083fd82e5358e5487322,ac5ec9bd254a912cf0061d63111b1abc84a0c73c4bf0050c2da2953fa80021c4,ac5ec9bd254a912cf0061d63111b1abc84a0c73c4bf0050c2da2953fa80021c4,False,False,WW,True,True,"[""故意毁坏财物"", ""盗窃""]","[""妨害公务"", ""故意毁坏财物"", ""盗窃""]",38d59d0b4563594edf143679be95267a3e75b12e1c80333463996b33a6fb9a01,38d59d0b4563594edf143679be95267a3e75b12e1c80333463996b33a6fb9a01,True,True,"[""e5d47178947442819d1d06795b600621""]","[""3dbac858ff7a4663b0b8c54963bab2a6""]"
R12B,score,lawbench_3-3_0221,b967447ec942a5843a64b182476efeb247ab432bdfde4379ac876240690b9506,b967447ec942a5843a64b182476efeb247ab432bdfde4379ac876240690b9506,5a136ef4f2839b810659af0185e11a34345ad4fb5297eefa70834e3da0fffd75,5a136ef4f2839b810659af0185e11a34345ad4fb5297eefa70834e3da0fffd75,False,True,WC,True,True,"[""伪造、变造公司、企业、事业单位印章"", ""职务侵占""]","[""职务侵占""]",05aa5d34ebfe8aefc86ccd3244748263e5054ccfb01cc1dad678f366aa18edce,05aa5d34ebfe8aefc86ccd3244748263e5054ccfb01cc1dad678f366aa18edce,True,True,"[""e344e602ed364e74b2e42e0615adafd7""]","[""9342bdac387d41f29c016aa28c0c2969""]"
R12B,score,lawbench_3-3_0247,87f9e6011eca5256f04b8fee2542feccd97bf5fa90b18079ab160ad0e07865aa,87f9e6011eca5256f04b8fee2542feccd97bf5fa90b18079ab160ad0e07865aa,b53680f23abdd239f7f7c8d9d06e88fbc42ced580b5797ac4d7dde3c1bb38367,b53680f23abdd239f7f7c8d9d06e88fbc42ced580b5797ac4d7dde3c1bb38367,False,False,WW,False,False,"[""介绍卖淫"", ""容留"", ""引诱"", ""强迫"", ""组织""]","[""介绍卖淫"", ""容留"", ""引诱"", ""强迫"", ""组织""]",213da2405e785e4288b8aa3d749bb1637e7151778713f443a151715c5cc35f0c,213da2405e785e4288b8aa3d749bb1637e7151778713f443a151715c5cc35f0c,True,True,"[""b56cca607f324cd287fcd581da902c55""]","[""df3823db842d4e78a94d7ab8d07f54a2""]"
R12B,score,lawbench_3-3_0293,c548486f630ff7c6648c64d8b828873887dbed32f4f98396eb019898205f7bfa,c548486f630ff7c6648c64d8b828873887dbed32f4f98396eb019898205f7bfa,db9856e664da20ac1b2ce6c6834fbf40ebbbb71a3305b8540d559d37ae7793e2,db9856e664da20ac1b2ce6c6834fbf40ebbbb71a3305b8540d559d37ae7793e2,True,True,CC,False,False,"[""非法行医""]","[""非法行医""]",74c1eb0fddc670728575a58c84cf53c417c76b28c4d06f514d0a207ca641ba23,74c1eb0fddc670728575a58c84cf53c417c76b28c4d06f514d0a207ca641ba23,True,True,"[""1403759b3c324e8e9cff4ffc55b9e056""]","[""1673e483d2d14f6b9b1e1db6eaa0428d""]"
R12B,score,lawbench_3-3_0146,8026e2819d651e3e7821e65eee1d4df400d0a327ee708f480b961b6205410f75,8026e2819d651e3e7821e65eee1d4df400d0a327ee708f480b961b6205410f75,bec988b183d29c34f58e2d2631f7adcc28a57469a0866ee3a776873155897837,bec988b183d29c34f58e2d2631f7adcc28a57469a0866ee3a776873155897837,False,False,WW,False,False,"[""故意伤害""]","[""故意伤害""]",adde22065f0165748dd633916b5cf21774bce1ffff3b292a77d00bdf8c699be6,adde22065f0165748dd633916b5cf21774bce1ffff3b292a77d00bdf8c699be6,True,True,"[""08303665fdde4d2794d5627efce01f32""]","[""ed014d79fa5f4cfd925130e8754a2435""]"
R12B,score,lawbench_3-3_0477,6b8f1b53b0fb1ecc52d21b3810b3a265ecd93f59f6ecba77f9d8f8b3c8a096ba,6b8f1b53b0fb1ecc52d21b3810b3a265ecd93f59f6ecba77f9d8f8b3c8a096ba,976db1ef519dfd75ba6b40c7db700d7ce3358256085a3de932fd127b8e4e74db,976db1ef519dfd75ba6b40c7db700d7ce3358256085a3de932fd127b8e4e74db,False,False,WW,True,True,"[""拐卖妇女""]",[],6182ddd10abdddee37682ea380c7d620820d4260eec522f194ec3fe58fcad01f,6182ddd10abdddee37682ea380c7d620820d4260eec522f194ec3fe58fcad01f,True,True,"[""c827011aafeb4a979a99768904b1dbae""]","[""8a3260c2bf2f42a58808476b8b9bc03c""]"
R12B,score,lawbench_3-3_0384,03b4784cf8220a0d0e6f8b10a33731384b349bcd38c3437c3ec489eac5d098e9,03b4784cf8220a0d0e6f8b10a33731384b349bcd38c3437c3ec489eac5d098e9,ca4fd2874158585382e29fb08c8f089bc8a756bddbcf94d8a412f6b179b1ba29,ca4fd2874158585382e29fb08c8f089bc8a756bddbcf94d8a412f6b179b1ba29,False,False,WW,False,False,"[""容留他人卖淫""]","[""容留他人卖淫""]",e3d2d24fde47e75894679679035b55af56276e941b0430ca9c85b889bb3cf394,e3d2d24fde47e75894679679035b55af56276e941b0430ca9c85b889bb3cf394,True,True,"[""732fa260cf6c4640b1bd16fd51d29c46""]","[""85e6d7bc3dda490fa82f69c283dd9fee""]"
R12B,score,lawbench_3-3_0307,9624d86ad8b71a3708b7e3123691ee87c35261fbc7ec07d65ca1318771ef1076,9624d86ad8b71a3708b7e3123691ee87c35261fbc7ec07d65ca1318771ef1076,36fc3634a905c4361e26b7c6d0d50db1e5850b8f6092493d1321726819335373,36fc3634a905c4361e26b7c6d0d50db1e5850b8f6092493d1321726819335373,True,True,CC,False,False,"[""组织"", ""领导传销活动""]","[""组织"", ""领导传销活动""]",92acc5dd5e1f1bcd4671fb18347ef64aae7584b32557db3392f8290f4da18536,92acc5dd5e1f1bcd4671fb18347ef64aae7584b32557db3392f8290f4da18536,True,True,"[""6c070843678944a38135b69af687b907""]","[""865b7d68750041fca846a6cb309578bf""]"
R12B,score,lawbench_3-3_0452,39eacfa7ce518f168329815619ca5809ce67324dcbdd929737f73094b287ca04,39eacfa7ce518f168329815619ca5809ce67324dcbdd929737f73094b287ca04,84f8082dd78f767091622e26008d7199d117dbe7a1876e1df2cfc68f9a9d3077,84f8082dd78f767091622e26008d7199d117dbe7a1876e1df2cfc68f9a9d3077,True,True,CC,False,False,"[""非法捕捞水产品""]","[""非法捕捞水产品""]",21af9d1f49455eaa54fb12e82b79dbdd03c560839ede6bab4bac899575476b61,21af9d1f49455eaa54fb12e82b79dbdd03c560839ede6bab4bac899575476b61,True,True,"[""715d2416ed1041caace68d130f20415d""]","[""4c9c35f6cd444bd3b17fed43599ef3d2""]"
R12B,score,lawbench_3-3_0495,1e615e35405ea6b21d2df032a3a5c09f3b063cc2e9dd280f7b49767d258b8cf1,1e615e35405ea6b21d2df032a3a5c09f3b063cc2e9dd280f7b49767d258b8cf1,5ab1599811572bd0933a1e52b798c8881d3b7c3037d98865072ae41ba0d9fd14,5ab1599811572bd0933a1e52b798c8881d3b7c3037d98865072ae41ba0d9fd14,False,False,WW,False,False,"[""假冒注册商标""]","[""假冒注册商标""]",07d79c4a629591521514db0dd04387973f701fa958fc89072ad302291cd52d13,07d79c4a629591521514db0dd04387973f701fa958fc89072ad302291cd52d13,True,True,"[""93f2e3dbfb3f48d0ab833f38bbd942da""]","[""6a06f2101989435db7cd1cde26b22520""]"
R12B,score,lawbench_3-3_0105,45a12c1113d07817ef27673f5d95ec09e2e154f072b48a66ad665dbcfd328981,45a12c1113d07817ef27673f5d95ec09e2e154f072b48a66ad665dbcfd328981,403181e54142f7968f77a4537450e90de133afefafa72e4f600de0f568e4111b,403181e54142f7968f77a4537450e90de133afefafa72e4f600de0f568e4111b,False,False,WW,False,False,"[""伪造金融票证"", ""诈骗""]","[""伪造金融票证"", ""诈骗""]",96b4a9c36e6f403144b0d2e21e4a4bdd908de5b6637bb699750df7ac87cbda04,96b4a9c36e6f403144b0d2e21e4a4bdd908de5b6637bb699750df7ac87cbda04,True,True,"[""79cdd43e560240b58d68763ce760f5ea""]","[""c339c016bde84b639f30e47f190f2555""]"
R12B,score,lawbench_3-3_0113,c3f404eb71c4343187033a9b5e7cbe08cf7f423b89e1d20b0a697866d502effa,c3f404eb71c4343187033a9b5e7cbe08cf7f423b89e1d20b0a697866d502effa,d4d91cbe15e835c82777c314584f3c2d450308a35de49ef6030d1dfd7e1c1826,d4d91cbe15e835c82777c314584f3c2d450308a35de49ef6030d1dfd7e1c1826,False,False,WW,False,False,"[""收买"", ""非法提供他人信用卡信息""]","[""收买"", ""非法提供他人信用卡信息""]",0d83fb02e894c07973a16e6ab3d06fe26bde09d03fa69b57c4e4dd9f37c71f63,0d83fb02e894c07973a16e6ab3d06fe26bde09d03fa69b57c4e4dd9f37c71f63,True,True,"[""8f020c1acafb4edaa97de9ff7544650a""]","[""d65a49c3cdff49bb880842a45a686e63""]"
R12B,score,lawbench_3-3_0218,4f106e0093d0126d49ef27834f7c0f20794755687ccbf1ee85164bfe4395cff3,4f106e0093d0126d49ef27834f7c0f20794755687ccbf1ee85164bfe4395cff3,88f53d63a142545a75c6b8c04f23c1887596c84b4b43ae2c0e15799fa023e92e,88f53d63a142545a75c6b8c04f23c1887596c84b4b43ae2c0e15799fa023e92e,False,False,WW,False,False,"[""受贿""]","[""受贿""]",66c2b38f6f633654537fc5333d9c9638438a1385d3696f68da16818da4afb8f7,66c2b38f6f633654537fc5333d9c9638438a1385d3696f68da16818da4afb8f7,True,True,"[""7795c1ba72dd400e95b2b1198b7bb3af""]","[""978b20d43b0341dcbe0f1f9f2a652b29""]"
R12B,score,lawbench_3-3_0493,fbeee3eacf53f2771662366a5b3e5939f9a932cfc612df17878613769e02e472,fbeee3eacf53f2771662366a5b3e5939f9a932cfc612df17878613769e02e472,b80cda740c5c78e88bdda3d991e443edb1f95ab358c320c8b6e8efade0e22c50,b80cda740c5c78e88bdda3d991e443edb1f95ab358c320c8b6e8efade0e22c50,True,True,CC,False,False,"[""侮辱""]","[""侮辱""]",02b06511118cb9a20757ba79a2a3b7213cadbf04c681f6b1929be0cb091093a1,02b06511118cb9a20757ba79a2a3b7213cadbf04c681f6b1929be0cb091093a1,True,True,"[""a0619732f9e14bf791a9323927efda32""]","[""9b7809190e3048b68938cbd43673b557""]"
R12B,score,lawbench_3-3_0378,170f605558cb4a997fb05010d6f66c2c501ff8871ad79ca4b7c823b043d254cc,170f605558cb4a997fb05010d6f66c2c501ff8871ad79ca4b7c823b043d254cc,e065f16a85f97733e6820469ed4a8db56caccbed4086f24016660942f0962f00,e065f16a85f97733e6820469ed4a8db56caccbed4086f24016660942f0962f00,False,False,WW,False,False,"[""重大责任事故""]","[""重大责任事故""]",2b641157139f5d3a83e352ff45c5c39b5e19170aa12788969b384ccd4458df20,2b641157139f5d3a83e352ff45c5c39b5e19170aa12788969b384ccd4458df20,True,True,"[""d11b4822c1dc476faaa7666aff528f55""]","[""7eaa412fcb644498b603ec8a55e7a09f""]"
R12B,score,lawbench_3-3_0446,c4377cb27cc048600a50bd7bafd00d6f483f770924f0083913dea31e2bae4658,c4377cb27cc048600a50bd7bafd00d6f483f770924f0083913dea31e2bae4658,d4894bf9ddbf3e81e650ea8f8a5415e838847053d72c9db9a20cde640d35272d,d4894bf9ddbf3e81e650ea8f8a5415e838847053d72c9db9a20cde640d35272d,False,True,WC,True,True,"[""非法采伐国家重点保护植物""]","[""毁坏国家重点保护植物"", ""非法采伐""]",38094a733f31fea123db34a7ffa56f8da110ae6ff36c5eb87be46941ed6be4e7,38094a733f31fea123db34a7ffa56f8da110ae6ff36c5eb87be46941ed6be4e7,True,True,"[""5b2d648c44e142749e459b3f984b4844""]","[""7bbece5cdb73495aa8c704ca259f09f7""]"
R12B,score,lawbench_3-3_0254,4059a9f0fa1be2223519295b652202d596a543288c17c9f630df9dd2cd1627e1,4059a9f0fa1be2223519295b652202d596a543288c17c9f630df9dd2cd1627e1,418bfa06eed1a515f647fa1728a57a19a1f2369cf6e45769b2ac841f8ccb44fe,418bfa06eed1a515f647fa1728a57a19a1f2369cf6e45769b2ac841f8ccb44fe,True,True,CC,False,False,"[""故意毁坏财物""]","[""故意毁坏财物""]",9b2da565732d949d767e855f46ffc2ae5aad5a0d05a0825c09d5883d363c2238,9b2da565732d949d767e855f46ffc2ae5aad5a0d05a0825c09d5883d363c2238,True,True,"[""4623660efeb6468a9cc8170e1f32415c""]","[""8baceb590e2f4d4cbceef7aa4e0eb2f8""]"
R12B,score,lawbench_3-3_0019,5dcf75f9b1852a40544cde6d81f78388d5d7257df094034a312ccd53cfd5c33d,5dcf75f9b1852a40544cde6d81f78388d5d7257df094034a312ccd53cfd5c33d,49055036ce66ae21270dc105d06468dcd13aa66f8164ff881d92cc15b6f08f81,49055036ce66ae21270dc105d06468dcd13aa66f8164ff881d92cc15b6f08f81,False,False,WW,True,True,"[""故意伤害""]",[],56d1017a04d2d1a0dca638a2c016a06cd9e2a948c0887b829e39c9e1ab08cb4e,56d1017a04d2d1a0dca638a2c016a06cd9e2a948c0887b829e39c9e1ab08cb4e,True,True,"[""b4c626144d9f4802ab095b93aa2e0641""]","[""051cc1077bb144fab25e2e984ac396d8""]"
R12B,score,lawbench_3-3_0402,185bcf2bb5e460e7bd0b6f0a7f916686cff65f71ea3e7b1b3b02ed063f321d49,185bcf2bb5e460e7bd0b6f0a7f916686cff65f71ea3e7b1b3b02ed063f321d49,18b46721de35eea17ac5aebf692eb9d475b60022ba09bfa57fad5e0a679914e0,18b46721de35eea17ac5aebf692eb9d475b60022ba09bfa57fad5e0a679914e0,True,True,CC,False,False,"[""失火""]","[""失火""]",2f5a9c61bd7e81ee5577a4859f8d7d80141c35e6b4174c945d4fb107253c6f4e,2f5a9c61bd7e81ee5577a4859f8d7d80141c35e6b4174c945d4fb107253c6f4e,True,True,"[""c70dca53683f4ad3995adfe9a56f73c3""]","[""6e07a6e5b59040f99f7ab812ca06818d""]"
R12B,score,lawbench_3-3_0116,a53f065e126d3881eb7ccde2f374c5b3998efd40f7ecb3002b99627627f84d48,a53f065e126d3881eb7ccde2f374c5b3998efd40f7ecb3002b99627627f84d48,b303480c6d33b5466909433da525918489d5ae4b7158177f1e59af6a9c731ea9,b303480c6d33b5466909433da525918489d5ae4b7158177f1e59af6a9c731ea9,False,False,WW,False,False,"[""诈骗""]","[""诈骗""]",0749c9317a77558186a085c7340683656a9a2fc31e5518e9143288f1335b3356,0749c9317a77558186a085c7340683656a9a2fc31e5518e9143288f1335b3356,True,True,"[""bbc7e08744904e3287d4ff36e822cab9""]","[""4a390f0aebfe4711887185508b94fa5b""]"
R12B,score,lawbench_3-3_0150,ff38a12e0497c58b8f4399e777faaafafde877c28746a33e878c85da7a6a9a25,ff38a12e0497c58b8f4399e777faaafafde877c28746a33e878c85da7a6a9a25,9f704727cb6517325c12358950414bd7be22aaba7bad0370d74f8afeecbed89f,9f704727cb6517325c12358950414bd7be22aaba7bad0370d74f8afeecbed89f,False,False,WW,True,True,"[""诈骗"", ""非法买卖文物""]","[""诈骗罪"", ""非法买卖文物罪""]",4c986923ba180863fe8798f4d311b584dd8d84454b1563f96e0fef59260d5c54,4c986923ba180863fe8798f4d311b584dd8d84454b1563f96e0fef59260d5c54,True,True,"[""62981e5e0dfa4b96a2d9686b4de8e0a2""]","[""0b1156d2e32f4071b6e437a666a40a21""]"
R12B,score,lawbench_3-3_0052,6781b9a35ca59ddced8e5be318fa97025c2ad2c49bf7da5a2196bc159d56e4d5,6781b9a35ca59ddced8e5be318fa97025c2ad2c49bf7da5a2196bc159d56e4d5,d38c6726895c1f554e3c44903ae6c6517b88dff6353e4564cb92398a2df0f98f,d38c6726895c1f554e3c44903ae6c6517b88dff6353e4564cb92398a2df0f98f,False,False,WW,True,True,"[""伪造武装部队证件"", ""非法使用武装部队专用标志""]","[""伪造武装部队证件罪"", ""非法使用武装部队专用标志罪""]",7c8af995fab14ee21b4968b9030bed31e1db777bfb577d6386444b90ce7eb0ac,7c8af995fab14ee21b4968b9030bed31e1db777bfb577d6386444b90ce7eb0ac,True,True,"[""befa1892c83648c88e7c8f156887fef1""]","[""ef4faf134796423b88b1b8a1944c0a1c""]"
R12B,score,lawbench_3-3_0063,e50aa40263dde57219978c0c5b0f0be4310cc981578f92b95fad491af6081497,e50aa40263dde57219978c0c5b0f0be4310cc981578f92b95fad491af6081497,1f85f8038d4e74285a6b6044c4d94b5e52cb030847c9a16fdd728858dcb3477d,1f85f8038d4e74285a6b6044c4d94b5e52cb030847c9a16fdd728858dcb3477d,True,False,CW,True,True,"[""故意伤害"", ""爆炸""]","[""以危险方法危害公共安全罪"", ""故意伤害罪""]",10ae21ad7ba3e0cb7410b66b7ccb7bd62f13988e159ac2054ead92f876324111,10ae21ad7ba3e0cb7410b66b7ccb7bd62f13988e159ac2054ead92f876324111,True,True,"[""40238744f44f41329d70ac1e503f6e77""]","[""bffddea9ed4c4808b2dd3077660d5e36""]"
R12B,score,lawbench_3-3_0470,3a82aa48348b525649a732a417fac02c2c67ae5c0546519a970b07e86d36c763,3a82aa48348b525649a732a417fac02c2c67ae5c0546519a970b07e86d36c763,abc46a80162d551cb578fc8d66ddb14c8571773b56db1018bc47809e368b0306,abc46a80162d551cb578fc8d66ddb14c8571773b56db1018bc47809e368b0306,False,True,WC,True,True,[],"[""抢劫"", ""故意毁坏财物""]",3f2f8f52ef4b5a48f1c96339ef78365a704d55014ee33fbc0bdf4a32e3867121,3f2f8f52ef4b5a48f1c96339ef78365a704d55014ee33fbc0bdf4a32e3867121,True,True,"[""a21b6f6dc6be4777993d07f2f873ad12""]","[""ec630d850f8f433caf4827ba734cceea""]"
R12B,score,lawbench_3-3_0376,14cc20baf6c11acb5091d1b2467a6c608e808be0b3a5dd1e7ae8302bbdc9b6b3,14cc20baf6c11acb5091d1b2467a6c608e808be0b3a5dd1e7ae8302bbdc9b6b3,418bfa06eed1a515f647fa1728a57a19a1f2369cf6e45769b2ac841f8ccb44fe,418bfa06eed1a515f647fa1728a57a19a1f2369cf6e45769b2ac841f8ccb44fe,False,False,WW,False,False,"[""故意毁坏公私财物""]","[""故意毁坏公私财物""]",a13aeb077ee1aac19d2a941961297591d04f0f37f88cc162de99d81af2e24e23,a13aeb077ee1aac19d2a941961297591d04f0f37f88cc162de99d81af2e24e23,True,True,"[""fef374159f5a4ea19a8bba8902807333""]","[""d2c410854d8d4f9cb8831bf224bd1810""]"
R12B,score,lawbench_3-3_0357,e724b5ffd1b9420e2eb11e1ec49c2fa1001b52144239432cbf56b12a037caf20,e724b5ffd1b9420e2eb11e1ec49c2fa1001b52144239432cbf56b12a037caf20,18b46721de35eea17ac5aebf692eb9d475b60022ba09bfa57fad5e0a679914e0,18b46721de35eea17ac5aebf692eb9d475b60022ba09bfa57fad5e0a679914e0,True,True,CC,False,False,"[""失火""]","[""失火""]",e64cb8906f0bd4346dfa25871eadd8e43924593677f13e5e01bbfbbe0cd05c6f,e64cb8906f0bd4346dfa25871eadd8e43924593677f13e5e01bbfbbe0cd05c6f,True,True,"[""026d4f288e724ec38e2a509ecd7606d1""]","[""7875a22d11394ec89a1433776910b122""]"
R12B,score,lawbench_3-3_0290,53ef8c65a0c358d679c5aa63c209d2fd7bc283ea730ce6fded0461a59f25f631,53ef8c65a0c358d679c5aa63c209d2fd7bc283ea730ce6fded0461a59f25f631,5e3a500d57c05a9a1c41c3dfcb722002bbd4de0182ae6028a03417b1f5b8edef,5e3a500d57c05a9a1c41c3dfcb722002bbd4de0182ae6028a03417b1f5b8edef,True,True,CC,False,False,"[""受贿""]","[""受贿""]",365bec076bb4b63ceec6de458b4824253332dcbdd9e2f615bd8f2cd105f61147,365bec076bb4b63ceec6de458b4824253332dcbdd9e2f615bd8f2cd105f61147,True,True,"[""4bb073311b6342afbdc32a9f88f275cb""]","[""b8e5ceed2ae1400ca8c692b812ae36af""]"
R12B,score,lawbench_3-3_0166,c2552cbcc02cedc7fc6bf851bd8b82a37514e6fe36014dc9b3edc0e99515a7bc,c2552cbcc02cedc7fc6bf851bd8b82a37514e6fe36014dc9b3edc0e99515a7bc,6c098d12593c6465f2f89e75bb08c6c258e39a3f996dad275fff88c6bf73c28a,6c098d12593c6465f2f89e75bb08c6c258e39a3f996dad275fff88c6bf73c28a,False,False,WW,True,True,[],"[""徇私枉法"", ""贩卖毒品""]",d854d005d1b970c5cac01f0161c248c6306e127d2a146ce042a1cb11f55769e2,d854d005d1b970c5cac01f0161c248c6306e127d2a146ce042a1cb11f55769e2,True,True,"[""ea61ecf879f94592a564499651d54044""]","[""be584116934540009d2a7803b089d597""]"
R12B,score,lawbench_3-3_0003,5d39d9fe835ff0bda82e4da2116253091e183d3fac83d12f895411e6e62c3dd2,5d39d9fe835ff0bda82e4da2116253091e183d3fac83d12f895411e6e62c3dd2,63c9e5fd614ee2ebe69f0b38bf66895f98807dcc2a0f3b3c77723b50c8cd5a55,63c9e5fd614ee2ebe69f0b38bf66895f98807dcc2a0f3b3c77723b50c8cd5a55,True,True,CC,False,False,"[""诈骗""]","[""诈骗""]",327860c8f90c9c7fdde761cd40ccaee55072b432889c6958be8c65f2f0f9785c,327860c8f90c9c7fdde761cd40ccaee55072b432889c6958be8c65f2f0f9785c,True,True,"[""1cefc06482114c6085590b4928c2deea""]","[""be429a4260f741589669577164b9c224""]"
R12B,score,lawbench_3-3_0366,3262b677d5e4804a41556a55439225e608a998687ac11efe4d5a633e9b336b57,3262b677d5e4804a41556a55439225e608a998687ac11efe4d5a633e9b336b57,f6ca89b7ad91575eb6477b2bd8949c1cf659eec64c36b6c608c5acac97f2f6e4,f6ca89b7ad91575eb6477b2bd8949c1cf659eec64c36b6c608c5acac97f2f6e4,True,True,CC,False,False,"[""假冒注册商标""]","[""假冒注册商标""]",904fa15ab414930dcf71ce00a0e265b8940108b282c9c295fae5a49e06387869,904fa15ab414930dcf71ce00a0e265b8940108b282c9c295fae5a49e06387869,True,True,"[""6471d43ff9da47e68998551f18f91f5f""]","[""64e087b25cfc4faeb2c5bcc7c732c54a""]"
R12B,score,lawbench_3-3_0274,cf0ae0b1a5a968e9c05e553bc9f204fe272c9e6e7bafa8e4bd7c0095d3259e3c,cf0ae0b1a5a968e9c05e553bc9f204fe272c9e6e7bafa8e4bd7c0095d3259e3c,d394ca9e19451b8adf223f1547a23fcd577a36feefc75a3125b2f84dddedf127,d394ca9e19451b8adf223f1547a23fcd577a36feefc75a3125b2f84dddedf127,True,True,CC,False,False,"[""非法种植毒品原植物""]","[""非法种植毒品原植物""]",5a34f88f6f959de554736946a6d548ad553e3df9ef4280b70b0080ad5d8b52fa,5a34f88f6f959de554736946a6d548ad553e3df9ef4280b70b0080ad5d8b52fa,True,True,"[""72f12a9e90604a2389eaa907fb363164""]","[""87e44f671ec54d5b8da0b47851722eab""]"
R12B,score,lawbench_3-3_0107,64f9b186466deee39c3bdb3a526db221704212055fee884873a2c5def901afcb,64f9b186466deee39c3bdb3a526db221704212055fee884873a2c5def901afcb,5e31e79a8bb85c816ce312ec5412344001dce235d8671e6ecf07338e2ff18ec4,5e31e79a8bb85c816ce312ec5412344001dce235d8671e6ecf07338e2ff18ec4,False,False,WW,True,True,"[""诈骗罪"", ""非法使用电信设施罪""]","[""诈骗"", ""非法获取公用电信设施""]",45f8fb152859c0e8f3a04a66ead2706ff74b1f94d2fedb83d01b02a874e02203,45f8fb152859c0e8f3a04a66ead2706ff74b1f94d2fedb83d01b02a874e02203,True,True,"[""381240862ac140aaaed4396391aca1e3""]","[""68a82632d8ca44638371071871aa33a3""]"
R12B,score,lawbench_3-3_0013,d7e5f7ea36782e4b2742de6d82357f76fe82852c27447aefa39b8116a53d703e,d7e5f7ea36782e4b2742de6d82357f76fe82852c27447aefa39b8116a53d703e,5a136ef4f2839b810659af0185e11a34345ad4fb5297eefa70834e3da0fffd75,5a136ef4f2839b810659af0185e11a34345ad4fb5297eefa70834e3da0fffd75,False,False,WW,True,True,[],"[""盗窃""]",4bd0c2302c15ac9e188238aeab4ee519e276b9390701924750bf915d250011f7,4bd0c2302c15ac9e188238aeab4ee519e276b9390701924750bf915d250011f7,True,True,"[""f22e0391466c43028693858543aa7dd6""]","[""28ed0d3f108440bd98d8d78930605293""]"
R12B,score,lawbench_3-3_0311,a3017ba9ebb3adf0bc21fc37b8af89bb187ae1ebdd5f24be5d43ada9d9d32803,a3017ba9ebb3adf0bc21fc37b8af89bb187ae1ebdd5f24be5d43ada9d9d32803,4455568ffa35b249a428af335cabcb3311509961baf257264d61631868770b06,4455568ffa35b249a428af335cabcb3311509961baf257264d61631868770b06,False,False,WW,True,True,"[""传播淫秽物品罪""]","[""传播淫秽物品""]",ea5db4aac01a9579a3971ba337e535fd0db24cd74009efa3cb3d253f20db87cc,ea5db4aac01a9579a3971ba337e535fd0db24cd74009efa3cb3d253f20db87cc,True,True,"[""eb7b1eae29e24b90b87c37a01bac97a8""]","[""99afc3e41de84c26a07bbe84d4694d96""]"
R12B,score,lawbench_3-3_0438,2f3e4b44724c828b0f9157d04d813785dc061d813ad0f9bf4a748b7c37035b87,2f3e4b44724c828b0f9157d04d813785dc061d813ad0f9bf4a748b7c37035b87,1f2be6c0b3fd65188bf901c525b5d164fd86cbeb04ed58f36512aca0682fc92d,1f2be6c0b3fd65188bf901c525b5d164fd86cbeb04ed58f36512aca0682fc92d,False,False,WW,False,False,"[""虚开增值税普通发票""]","[""虚开增值税普通发票""]",ef6a0dbc654c02fce51dd267b10b30450b39d0ab05d3d855aefc264c024bcb69,ef6a0dbc654c02fce51dd267b10b30450b39d0ab05d3d855aefc264c024bcb69,True,True,"[""6a9d6f6d32614f20bbb5a99de70bfdf4""]","[""d69b0badac634ca7a457a87a9e4c0ea8""]"
R12B,score,lawbench_3-3_0035,66de5db6ba98d1ca25e63e99fa6ecebe9ad7474a151acc8a2a2db83ed91a5a41,66de5db6ba98d1ca25e63e99fa6ecebe9ad7474a151acc8a2a2db83ed91a5a41,010505a9d6ad5542742e578ad23b093bbc81841e6f70a0c1b096af13abb4f0bb,010505a9d6ad5542742e578ad23b093bbc81841e6f70a0c1b096af13abb4f0bb,False,False,WW,True,True,[],"[""未指明""]",0ec8cff38c6e63db1cf631445d6b0cbedd3a0711be7bcf8422b9923da024defa,0ec8cff38c6e63db1cf631445d6b0cbedd3a0711be7bcf8422b9923da024defa,True,True,"[""b7b978ad7fcc4766ac8cd8872c211d8d""]","[""4c1510c0285c40e98aade1b76ad0afc3""]"
R12B,score,lawbench_3-3_0298,6bb492e13f6ad6f526a6f68cb6e56585f1fd727b192ecc3533fa75cd8f0c133f,6bb492e13f6ad6f526a6f68cb6e56585f1fd727b192ecc3533fa75cd8f0c133f,1356e4e1693d647390e5bfa76e1a28846f8f8b515c8ce660c31cb65742e41fb4,1356e4e1693d647390e5bfa76e1a28846f8f8b515c8ce660c31cb65742e41fb4,True,True,CC,False,False,"[""生产"", ""销售假药""]","[""生产"", ""销售假药""]",722954babaf2c15fb470ada7186917bbe31d01cd5b5749884e9e7cd2a56ef534,722954babaf2c15fb470ada7186917bbe31d01cd5b5749884e9e7cd2a56ef534,True,True,"[""b6e92770ecf443209233b6fb95c8b914""]","[""5a89a4755a2c44f9b5fb8869759f5bfa""]"
R12B,score,lawbench_3-3_0204,6e446d66b8fb655e2942f869a50a2ce9592635e179cbb162e156060b3fc76e7b,6e446d66b8fb655e2942f869a50a2ce9592635e179cbb162e156060b3fc76e7b,c3ad9a3e9297fb2febf7e4b3221ba59cfdc17711c0649c3d8c4274b6bec6eb09,c3ad9a3e9297fb2febf7e4b3221ba59cfdc17711c0649c3d8c4274b6bec6eb09,False,False,WW,False,False,"[""拒不执行判决"", ""裁定""]","[""拒不执行判决"", ""裁定""]",ae8599d822430bd6febdfa57e09cc6ce43c838e7dc7ab9cdfd67d65220a2d33d,ae8599d822430bd6febdfa57e09cc6ce43c838e7dc7ab9cdfd67d65220a2d33d,True,True,"[""d7755a9a9c704c45be688dc80c8b9539""]","[""ae249adda389436ebf32a2a79e673176""]"
R12B,score,lawbench_3-3_0236,22f2f22072d56687b7dd17cf9cf03dedf6ecad7dc233e4bdd2c3ba614ecf2e60,22f2f22072d56687b7dd17cf9cf03dedf6ecad7dc233e4bdd2c3ba614ecf2e60,af0199c13c3c3086dd253cbfd3374b97268da9451a881440464272c7f89877af,af0199c13c3c3086dd253cbfd3374b97268da9451a881440464272c7f89877af,True,True,CC,False,False,"[""敲诈勒索""]","[""敲诈勒索""]",26a5ff9cfd6b8646e8856063f5361c5c17101b172997f99a2d48067721cf7881,26a5ff9cfd6b8646e8856063f5361c5c17101b172997f99a2d48067721cf7881,True,True,"[""308cdd1073664cdba5111ad139eafaf9""]","[""fb9078d1c9cc4d129c92316de65ddb93""]"
R12B,score,lawbench_3-3_0258,023d576c7aeef4ce5ef1da8b37ba19af209a6d8d904e53ab268da9f69766e82b,023d576c7aeef4ce5ef1da8b37ba19af209a6d8d904e53ab268da9f69766e82b,418bfa06eed1a515f647fa1728a57a19a1f2369cf6e45769b2ac841f8ccb44fe,418bfa06eed1a515f647fa1728a57a19a1f2369cf6e45769b2ac841f8ccb44fe,True,True,CC,False,False,"[""故意毁坏财物""]","[""故意毁坏财物""]",02bd5a9deeb30812aaf6df009ccaa55e2c1cac0ed22fbe040890c4130af430c8,02bd5a9deeb30812aaf6df009ccaa55e2c1cac0ed22fbe040890c4130af430c8,True,True,"[""28716e8b00384934895c7b0b2d9ae40f""]","[""e748e2324b34473bb41b5f29a63af506""]"
R12B,score,lawbench_3-3_0194,230082edd5dfdf57d1804f3db3f29a121f4dde65335c9dcca8c754bcd7035cb3,230082edd5dfdf57d1804f3db3f29a121f4dde65335c9dcca8c754bcd7035cb3,13e429ed600938ef9a26241d61e32b805a2c3cdc5cfe657ecf7c02b38e652999,13e429ed600938ef9a26241d61e32b805a2c3cdc5cfe657ecf7c02b38e652999,False,True,WC,True,True,"[""受贿"", ""挪用公款"", ""非法占有的巨额财产""]","[""受贿"", ""巨额财产来源不明"", ""挪用公款""]",9e035e37089c34cab8f4dc7544668c56b38f528fe5196ae8c18c68d76d0cbbea,9e035e37089c34cab8f4dc7544668c56b38f528fe5196ae8c18c68d76d0cbbea,True,True,"[""447f160bd04446fea2e498c941c54fe0""]","[""669ee100b3dc4fa6a76b67261f96b748""]"
R12B,score,lawbench_3-3_0332,001165ba985a342f558a5d714507278df0a9ae83edd8553203a6d7a2435a3c25,001165ba985a342f558a5d714507278df0a9ae83edd8553203a6d7a2435a3c25,8209291a6b1d0fa60478c6463467cefe4e730b6fb2a3e00535ec5b052681a78e,8209291a6b1d0fa60478c6463467cefe4e730b6fb2a3e00535ec5b052681a78e,False,False,WW,False,False,"[""盗窃""]","[""盗窃""]",7e2449d46ee50b6487bd49e059db19aa6c57f1333d370c1850a82c21fd4e345c,7e2449d46ee50b6487bd49e059db19aa6c57f1333d370c1850a82c21fd4e345c,True,True,"[""fa8672871cce444c87ec2536a404729e""]","[""9558bd507eb7452e8acfc0bd9f62ba64""]"
R12B,score,lawbench_3-3_0183,dc1ddced93963bb07d9ad5d3caba186f72ba659b817a3e2219027ffd6aec0c4b,dc1ddced93963bb07d9ad5d3caba186f72ba659b817a3e2219027ffd6aec0c4b,263c6c15cfe5eae5dc85e68c08f3ec23d7cac0f419a4250f0bd5eac311d5e13e,263c6c15cfe5eae5dc85e68c08f3ec23d7cac0f419a4250f0bd5eac311d5e13e,False,False,WW,False,False,"[""过失损坏公用电信设施""]","[""过失损坏公用电信设施""]",6402436af1ab91b9f52c07b9daf6201fe032c689c0fa2954f518f1939a4852a7,6402436af1ab91b9f52c07b9daf6201fe032c689c0fa2954f518f1939a4852a7,True,True,"[""c899dabff0a04f19982c4f21e40f1d1a""]","[""cbac847155e54b0ea1e345ac2159dab0""]"
R12B,score,lawbench_3-3_0338,5d322120ac9efe6902d5fd20f3fc3fbb4c31f90a82e5a60a07012d26f9980819,5d322120ac9efe6902d5fd20f3fc3fbb4c31f90a82e5a60a07012d26f9980819,cae54507b26c86c54cb927f63da2e1e67782d65f3aa79ae784eabfeb51d79856,cae54507b26c86c54cb927f63da2e1e67782d65f3aa79ae784eabfeb51d79856,False,False,WW,True,True,"[""帮助犯罪分子逃跑""]",[],f4b027dc52cc8f2f5c8a1115a4d0a69495cfdb526b8f5ef646d289d7f53d7c27,f4b027dc52cc8f2f5c8a1115a4d0a69495cfdb526b8f5ef646d289d7f53d7c27,True,True,"[""ab743b67622a406082cfc47cc1783845""]","[""1e7bc492e4fb46fd8ead996df47adb2d""]"
R12B,score,lawbench_3-3_0176,0f91731440555aa70e17946f6485bc2520424280f6ce01f19543633975e43db6,0f91731440555aa70e17946f6485bc2520424280f6ce01f19543633975e43db6,a34acc08ee540d81ccce0a7f764f6e2975e1c6396f1d50f4ff567adbfa6c1c70,a34acc08ee540d81ccce0a7f764f6e2975e1c6396f1d50f4ff567adbfa6c1c70,True,True,CC,False,False,"[""遗弃""]","[""遗弃""]",34826c06cebaa234eeef29c88b72db11406baa583a4911a80d85a9a2176ceac9,34826c06cebaa234eeef29c88b72db11406baa583a4911a80d85a9a2176ceac9,True,True,"[""4e54c91ffa5440e892721e19dfe40fdc""]","[""057a7ef1114c4580a07d961d0daa1a88""]"
R12B,score,lawbench_3-3_0499,e50833671afb881dc91bf5144f5d8f8db07d8bbe74e5de159a9ed22bee41b84b,e50833671afb881dc91bf5144f5d8f8db07d8bbe74e5de159a9ed22bee41b84b,d0fcaeaa1f0b4b517a4acc1772dff39c422edace7b81b74893b8975ed88c8238,d0fcaeaa1f0b4b517a4acc1772dff39c422edace7b81b74893b8975ed88c8238,True,False,CW,True,True,"[""寻衅滋事"", ""开设赌场""]","[""开设赌场"", ""故意伤害""]",8bd4d79bc27880064d3740468827e6da5341117035239653877105ac3643bcaa,8bd4d79bc27880064d3740468827e6da5341117035239653877105ac3643bcaa,True,True,"[""73e2415cc595447491825aae87e37368""]","[""bd064e46cc064404b05a1641d075c4dc""]"
R12B,score,lawbench_3-3_0202,a651c6aed58722d8fad7a6124debaf454d81ba7d1993bab39449b8c7c7baa7b4,a651c6aed58722d8fad7a6124debaf454d81ba7d1993bab39449b8c7c7baa7b4,74606d25a914939cd773fd1749cb38a3325bad7b36d4dc5e0a0a5c00e2df1962,74606d25a914939cd773fd1749cb38a3325bad7b36d4dc5e0a0a5c00e2df1962,True,True,CC,False,False,"[""容留他人吸毒""]","[""容留他人吸毒""]",ab45fbae11f685850f96e42ab7469fe964e7af6c11aa911c44fd48f33f350a86,ab45fbae11f685850f96e42ab7469fe964e7af6c11aa911c44fd48f33f350a86,True,True,"[""fcc4d6531b724155b05b9500f9c80c13""]","[""3ccee5c43d5147aca00fe388530e521b""]"
R12B,score,lawbench_3-3_0321,f6a177fb7ce1be1417125ae9118122d1802470b43215cce64d495bdf77c826a2,f6a177fb7ce1be1417125ae9118122d1802470b43215cce64d495bdf77c826a2,5f7e6ca9ccd16948f657452049c184294a3cafca36f91e3f4604d1ef1b255dfd,5f7e6ca9ccd16948f657452049c184294a3cafca36f91e3f4604d1ef1b255dfd,False,False,WW,False,False,"[""抢劫"", ""非法拘禁""]","[""抢劫"", ""非法拘禁""]",5c0877a2ab59222a82f928f9c22eeb8f197cb4ab5cdfc472aad1c96de3542c18,5c0877a2ab59222a82f928f9c22eeb8f197cb4ab5cdfc472aad1c96de3542c18,True,True,"[""414c99afdc6e40e48404cd55a24aedd4""]","[""4595df600bd048438fce997abc765bd7""]"
R12B,score,lawbench_3-3_0390,abe205e9de1d9b3b5883a4aa387f5708387877d7e915959cd09b9da6ad7a0cb7,abe205e9de1d9b3b5883a4aa387f5708387877d7e915959cd09b9da6ad7a0cb7,55653c9adbf6efc8a2902f0d3c0f225d53e2dbcc8159b1411a86c7c069f860aa,55653c9adbf6efc8a2902f0d3c0f225d53e2dbcc8159b1411a86c7c069f860aa,True,True,CC,False,False,"[""拒不支付劳动报酬""]","[""拒不支付劳动报酬""]",589481d189f9c9943463000a0d233814d40bec0afa2c3af63d7c203b363f6619,589481d189f9c9943463000a0d233814d40bec0afa2c3af63d7c203b363f6619,True,True,"[""1d581a4f31b4468784cb99ac365672bd""]","[""65c5b29b1240491589f902c897fda69f""]"
R12B,score,lawbench_3-3_0413,fab273270fd91c70497744e74102315cdf7089373bd4d456b4cace85d4a1eec2,fab273270fd91c70497744e74102315cdf7089373bd4d456b4cace85d4a1eec2,705e3c296a8f8ba1b9e021705d3e4141a301d5b95d29a70afc14d445e9705aa4,705e3c296a8f8ba1b9e021705d3e4141a301d5b95d29a70afc14d445e9705aa4,False,False,WW,True,True,"[""买卖国家机关公文"", ""伪造"", ""印章"", ""变造"", ""证件""]","[""徇私舞弊""]",e13f71c31676356913cb1fb2c929f0b30bd79d3137c4852eec437f62ad498bf6,e13f71c31676356913cb1fb2c929f0b30bd79d3137c4852eec437f62ad498bf6,True,True,"[""2f2377475aac46f7b36e0bf34f26772a""]","[""85c581633af04ee784ae2092bb4f19aa""]"
R12B,score,lawbench_3-3_0441,2cdf9a90554261ad37b7d3b25a0a13ccdd73dc9900130da7a53665d6472c61bf,2cdf9a90554261ad37b7d3b25a0a13ccdd73dc9900130da7a53665d6472c61bf,c875a3b4fa6d24107243da160f1c4d7887f365796a32832f1375378650c86d9b,c875a3b4fa6d24107243da160f1c4d7887f365796a32832f1375378650c86d9b,False,False,WW,False,False,"[""信用卡诈骗""]","[""信用卡诈骗""]",48a35b0cfbc1681e21a0fbe4d3f4939b65aca6624b7fc783cf4c240cb6a2ba6d,48a35b0cfbc1681e21a0fbe4d3f4939b65aca6624b7fc783cf4c240cb6a2ba6d,True,True,"[""c0dd57f0576e4d0e89da430ba6cf60b6""]","[""29707c25662046d18b2f46d414935f63""]"
R12B,score,lawbench_3-3_0388,9836b93a7c484d47deee76ff3e920a30f73cf086d26babfa5fc36cfb2d2378ee,9836b93a7c484d47deee76ff3e920a30f73cf086d26babfa5fc36cfb2d2378ee,d5e0da16e2d1eb2c9211dcd140b3ab7c22be50cbdfb1fbea1f0d7e07ae9b359b,d5e0da16e2d1eb2c9211dcd140b3ab7c22be50cbdfb1fbea1f0d7e07ae9b359b,False,False,WW,False,False,"[""非法狩猎""]","[""非法狩猎""]",dabf2f6b3f6fb60c46f2d3f498acd286cfbea4ed117d064c82ab7af5b9c8425a,dabf2f6b3f6fb60c46f2d3f498acd286cfbea4ed117d064c82ab7af5b9c8425a,True,True,"[""40c1a68a6ff74d7baec403f94dbb1a7c""]","[""cd70cd62c4cd417bb11bc60673a324af""]"
R12B,score,lawbench_3-3_0185,4140e5adf8d5a2d94fdf2fc57fa1a520ad6b7c11709508a785cfa67f372c7d6e,4140e5adf8d5a2d94fdf2fc57fa1a520ad6b7c11709508a785cfa67f372c7d6e,dad2e19fece5727f0f7eeac063c8a71b34024485beb4376ef79b9136ed1b3b10,dad2e19fece5727f0f7eeac063c8a71b34024485beb4376ef79b9136ed1b3b10,False,False,WW,False,False,"[""非法销售间谍专用器材罪""]","[""非法销售间谍专用器材罪""]",9c7850a83a26744a0fbbc151171f10c45da30a29d92ad18ef852cc9e47646310,9c7850a83a26744a0fbbc151171f10c45da30a29d92ad18ef852cc9e47646310,True,True,"[""939d14593fe5428189fc51f2fa39f35c""]","[""d14a6f5e187a4bfbb2c4a9ef6740ba59""]"
R12B,score,lawbench_3-3_0140,c25a9ce29f7f0e8acbef316af7a32628c3eb9395504e1eace143f96fbcac8088,c25a9ce29f7f0e8acbef316af7a32628c3eb9395504e1eace143f96fbcac8088,79a8d3107cbcf04ab7dae60b80991136508fcd501cc887a38fe58ea3c01a515f,79a8d3107cbcf04ab7dae60b80991136508fcd501cc887a38fe58ea3c01a515f,False,False,WW,True,True,"[""强奸"", ""拐卖妇女""]","[""强制猥亵、侮辱妇女"", ""拐卖妇女""]",948579f9d23ee848d2469a6ab765d8006f1769052097229e8b2e178cc7882de2,948579f9d23ee848d2469a6ab765d8006f1769052097229e8b2e178cc7882de2,True,True,"[""d3db893c974e4c30b468048aa5eea5fb""]","[""c4c4721dabe64b0fa7588ef2d5bae622""]"
R12B,score,lawbench_3-3_0033,7b1e71d97b5d33bfbbec266032ea6060bdc3b7aaadb2fab4fbdf19c97f563716,7b1e71d97b5d33bfbbec266032ea6060bdc3b7aaadb2fab4fbdf19c97f563716,ee504209e430d21fa0a36e62eca955888fdd69bfd0c9fc4493a6016202fa39e9,ee504209e430d21fa0a36e62eca955888fdd69bfd0c9fc4493a6016202fa39e9,False,True,WC,True,True,"[""故意伤害"", ""聚众斗殴"", ""非法拘禁""]","[""故意伤害"", ""非法拘禁""]",98af30d145182b37f1e14464d7fa77c129a8f7b9d68c8a6f9597533f9fed1678,98af30d145182b37f1e14464d7fa77c129a8f7b9d68c8a6f9597533f9fed1678,True,True,"[""8bdc3e36b42f430d987ec950c7d471f6""]","[""fe4e471b233e4eaa8f2cc3e1fa4ee18f""]"
R12B,score,lawbench_3-3_0285,c3c98ba9e569d279fe159a9cc36f7f874cadd9fedd7062211d65641cb6fada76,c3c98ba9e569d279fe159a9cc36f7f874cadd9fedd7062211d65641cb6fada76,f0ad7fd481ddc06fc0296799724f338a7cafc47b56fd1664921ccc6f3a087404,f0ad7fd481ddc06fc0296799724f338a7cafc47b56fd1664921ccc6f3a087404,True,True,CC,False,False,"[""滥伐林木""]","[""滥伐林木""]",71b44904a43b319bc05ca71a7b8d8654a00d43d1c7614ba8fe3724385ba95b5f,71b44904a43b319bc05ca71a7b8d8654a00d43d1c7614ba8fe3724385ba95b5f,True,True,"[""96b04e2fbee043bf85bbf5ced51a9a72""]","[""c425205b4acc479d86190e435cac3cfb""]"
R12B,score,lawbench_3-3_0114,080fa7609f0500c8dc6893772ea9d40d90b0aa27d7d5da92c90c3d6b272a0c4d,080fa7609f0500c8dc6893772ea9d40d90b0aa27d7d5da92c90c3d6b272a0c4d,0d91ebae1f49fc182a63dc3e7b6ba81f0c6e525fcd3071340ccc3f067e5593a9,0d91ebae1f49fc182a63dc3e7b6ba81f0c6e525fcd3071340ccc3f067e5593a9,False,False,WW,False,False,"[""诈骗""]","[""诈骗""]",4d202c04754018002856333191f29e1b58dd07c8186912289cfee3d46823edf7,4d202c04754018002856333191f29e1b58dd07c8186912289cfee3d46823edf7,True,True,"[""84d4f42e9dc144b6a26c018b146f1882""]","[""77df085cd6184a4b86703e788c433cd8""]"
R12B,score,lawbench_3-3_0464,e4fd9176d15ca4e5daea0611fcd9a1ec2d98264543c886055c27c34e902db7e3,e4fd9176d15ca4e5daea0611fcd9a1ec2d98264543c886055c27c34e902db7e3,5ab1599811572bd0933a1e52b798c8881d3b7c3037d98865072ae41ba0d9fd14,5ab1599811572bd0933a1e52b798c8881d3b7c3037d98865072ae41ba0d9fd14,False,False,WW,False,False,"[""生产"", ""销售不符合安全标准的食品""]","[""生产"", ""销售不符合安全标准的食品""]",ccaed75c323e1ad47332097ba09c4c656a7d71f06fc951cf1937b523dac5d914,ccaed75c323e1ad47332097ba09c4c656a7d71f06fc951cf1937b523dac5d914,True,True,"[""6498345348ad465bb9e2056de13de15e""]","[""3e951b4a1d364077921fda511460f8cb""]"
R12B,score,lawbench_3-3_0148,763677d1cc8f4faab2c5a5d181c9113cc9e407f5e25bb3949ddd12c2502bab00,763677d1cc8f4faab2c5a5d181c9113cc9e407f5e25bb3949ddd12c2502bab00,d1ab00f6c8204d7b173a62220caf90f10b4995afe2f0cfbd574e1de9523b0045,d1ab00f6c8204d7b173a62220caf90f10b4995afe2f0cfbd574e1de9523b0045,False,False,WW,True,True,"[""强迫吸毒"", ""故意伤害"", ""敲诈勒索""]","[""强迫吸毒"", ""故意伤害"", ""非法拘禁""]",decfbc6227e84d26d2bc2daaf983f645f015c4d7ae19beb3ec4dbb6d3417fecf,decfbc6227e84d26d2bc2daaf983f645f015c4d7ae19beb3ec4dbb6d3417fecf,True,True,"[""5211c8b5b06546e297f326b135eec354""]","[""4b5f2ede865347c48641fb19904eaf47""]"
R12B,score,lawbench_3-3_0474,b30cb84db7b6612a3e12ec1f6426611740e313db9ebe122019de7b5551302303,b30cb84db7b6612a3e12ec1f6426611740e313db9ebe122019de7b5551302303,d9e27e76d60e486123e55319a79b859a5c59dbc514397e7e2022b71442ff33df,d9e27e76d60e486123e55319a79b859a5c59dbc514397e7e2022b71442ff33df,True,True,CC,False,False,"[""非法采矿""]","[""非法采矿""]",ccb76baad11f3088c01e9b1dc00d7bb4a43e39196c2206e71746ee5906bfbaf8,ccb76baad11f3088c01e9b1dc00d7bb4a43e39196c2206e71746ee5906bfbaf8,True,True,"[""2ce59b1ef7b14f8397115201f5bccf07""]","[""ad20fb5df25f43c5b42381e32999f65c""]"
R12B,score,lawbench_3-3_0480,af108b95be63b778e0553505d5e1dbef822d4a3b6fa66d524b690bd2646940af,af108b95be63b778e0553505d5e1dbef822d4a3b6fa66d524b690bd2646940af,a34acc08ee540d81ccce0a7f764f6e2975e1c6396f1d50f4ff567adbfa6c1c70,a34acc08ee540d81ccce0a7f764f6e2975e1c6396f1d50f4ff567adbfa6c1c70,False,False,WW,False,False,"[""遗弃罪""]","[""遗弃罪""]",aeb1ad7d7d60ae8aae215f957872cd1027cfd6aef1fd493abc4772b4c6801aa2,aeb1ad7d7d60ae8aae215f957872cd1027cfd6aef1fd493abc4772b4c6801aa2,True,True,"[""abc3f80b8b0049aa84d70b5856d2174a""]","[""6131f1ce408a4deca25b4afd42288d8d""]"
R12B,score,lawbench_3-3_0023,125a81d1d0eafea8418307e0280a71b855f7de98db42b8dbca942dbf1ac7e7e6,125a81d1d0eafea8418307e0280a71b855f7de98db42b8dbca942dbf1ac7e7e6,cc53884bbf29602574cad218c746201ed27e642f772c2236a3e7c1f258a943d8,cc53884bbf29602574cad218c746201ed27e642f772c2236a3e7c1f258a943d8,True,True,CC,False,False,"[""敲诈勒索"", ""盗窃""]","[""敲诈勒索"", ""盗窃""]",5f86de5edeecf787a940051833e3fa687ec0f008a3a46c2c8d8bf6cc898f5995,5f86de5edeecf787a940051833e3fa687ec0f008a3a46c2c8d8bf6cc898f5995,True,True,"[""e7877fb512934bc0b0a2a5b5f35d4043""]","[""3c0e6cd5ef1f441eb37f64687760b01b""]"
R12B,score,lawbench_3-3_0161,b063227440294310cc9eb72d38a331d263bf68cc903d2d52a6508235bd2eaf1d,b063227440294310cc9eb72d38a331d263bf68cc903d2d52a6508235bd2eaf1d,ab6ea4e327c2c9c6660e4f1ddaeaaff285a0f054b23ddb34ec59df244bb4bbc5,ab6ea4e327c2c9c6660e4f1ddaeaaff285a0f054b23ddb34ec59df244bb4bbc5,False,False,WW,False,False,"[""非法经营罪""]","[""非法经营罪""]",cc98749c917637fa2c4230ade4250d1dbd4c33c69c5dc5d76d4f583d2dd4be83,cc98749c917637fa2c4230ade4250d1dbd4c33c69c5dc5d76d4f583d2dd4be83,True,True,"[""ec3227e8ac694c7dadf0db11db0cb5ce""]","[""60b654e9ee904d58bc57f5b81b5aad52""]"
R12B,score,lawbench_3-3_0252,05a04e06535fff3793579a7133639f3ac01d0d04b62b0de90ed0f8d0a714349e,05a04e06535fff3793579a7133639f3ac01d0d04b62b0de90ed0f8d0a714349e,c2902702ee2537a616b27e4d7937a4210ddd2a6e6df05bc075388f98bc3f0c8c,c2902702ee2537a616b27e4d7937a4210ddd2a6e6df05bc075388f98bc3f0c8c,True,True,CC,False,False,"[""行贿""]","[""行贿""]",181b397c200eee95d857231ffe558c96597fcd21063210af3ad89e874776ba4f,181b397c200eee95d857231ffe558c96597fcd21063210af3ad89e874776ba4f,True,True,"[""924b76d42b164531b0f676a5f3bdca2e""]","[""2c075cb2168d420e9828a66fab015fc5""]"
R12B,score,lawbench_3-3_0414,841b5c913a816a02eaa4cac916253a64307f039dca9960c37ffb082d5f48e31a,841b5c913a816a02eaa4cac916253a64307f039dca9960c37ffb082d5f48e31a,f2f1f78fa6995ac9db06bc14d55cfe9382867ff6017f27dd49fa18358629e504,f2f1f78fa6995ac9db06bc14d55cfe9382867ff6017f27dd49fa18358629e504,False,False,WW,False,False,"[""掩饰、隐瞒犯罪所得"", ""盗窃""]","[""掩饰、隐瞒犯罪所得"", ""盗窃""]",68912a89da03240924f752c0d2788c05375fe426a1067f482bb4ce9078047b27,68912a89da03240924f752c0d2788c05375fe426a1067f482bb4ce9078047b27,True,True,"[""44b1d71145ed494e883cfb2285e873fc""]","[""9b7016c19e5b4ad99a0124a5b56d013d""]"
R12B,score,lawbench_3-3_0316,068bd51ebf8bb4c959b3d6123c3ced44954b761cba7e4fa030583ff49f3d454c,068bd51ebf8bb4c959b3d6123c3ced44954b761cba7e4fa030583ff49f3d454c,1b0bbcbbe1f16947958004edc040cced70c0b02cf0716efa384538fdabdb95b6,1b0bbcbbe1f16947958004edc040cced70c0b02cf0716efa384538fdabdb95b6,True,True,CC,False,False,"[""盗伐林木""]","[""盗伐林木""]",fdd5de94291abd2ad681b311169956a4b5cce5c6e7e061f5633ba1eaf60f4d1a,fdd5de94291abd2ad681b311169956a4b5cce5c6e7e061f5633ba1eaf60f4d1a,True,True,"[""a8ea8bcc23b2490a966cdfb432667a61""]","[""6eeb7a9e11f741a3b458133c98a479a9""]"
R12B,score,lawbench_3-3_0490,8578a37a7709499e615a9bbd953a8210bbd359f576aceda9aa55cc04bdc85932,8578a37a7709499e615a9bbd953a8210bbd359f576aceda9aa55cc04bdc85932,168294319fc0ed3619d74e5117462ed42b702e7dd28a286e9095bdd57904fd88,168294319fc0ed3619d74e5117462ed42b702e7dd28a286e9095bdd57904fd88,True,True,CC,False,False,"[""集资诈骗""]","[""集资诈骗""]",7e7a43ed21d7b0804d103463fe18c2001e1fc6198493138cd8e0eab799587e9b,7e7a43ed21d7b0804d103463fe18c2001e1fc6198493138cd8e0eab799587e9b,True,True,"[""35f5f41a547e4f6eb867abee7b769feb""]","[""dbddfb476a90486790b6e1fb2abfffb5""]"
R12B,score,lawbench_3-3_0044,590070464a32a02c27addf35355844b7e04d7397768c6a6487e3af55cee37e30,590070464a32a02c27addf35355844b7e04d7397768c6a6487e3af55cee37e30,e065f16a85f97733e6820469ed4a8db56caccbed4086f24016660942f0962f00,e065f16a85f97733e6820469ed4a8db56caccbed4086f24016660942f0962f00,False,False,WW,False,False,"[""故意伤害""]","[""故意伤害""]",ad7170c425767373392c5c7f3310c2c0efbf39cb66abde3129d0d0db547e8c51,ad7170c425767373392c5c7f3310c2c0efbf39cb66abde3129d0d0db547e8c51,True,True,"[""86686a69c99a4db78cef82b15aa7e25d""]","[""afec6203dfae4571b2344cb9ab400f14""]"
R12B,score,lawbench_3-3_0275,4a05acc5072916d5d48041f45cdaf2dac77805a92c0d334ee90c478189ae579d,4a05acc5072916d5d48041f45cdaf2dac77805a92c0d334ee90c478189ae579d,168294319fc0ed3619d74e5117462ed42b702e7dd28a286e9095bdd57904fd88,168294319fc0ed3619d74e5117462ed42b702e7dd28a286e9095bdd57904fd88,True,True,CC,False,False,"[""集资诈骗""]","[""集资诈骗""]",ac6f8f770e5bde37e1cd84a1ff70d6a8d43f61d4c351a468276ff55b52eb2376,ac6f8f770e5bde37e1cd84a1ff70d6a8d43f61d4c351a468276ff55b52eb2376,True,True,"[""5f51a6f1a242496b9a74e8d868746a2a""]","[""e5ae3e9954eb41038cf86bab7357ec4c""]"
R12B,audit,lawbench_3-3_0272,8ab64c2057596e924139729c7acef45c6493ad1bcf5bd5640eac33ab32c7f6bf,8ab64c2057596e924139729c7acef45c6493ad1bcf5bd5640eac33ab32c7f6bf,bf4b0c585133d448213bf53e05899cd880f94b9032f54b6fe02b3ebf1c32e69b,bf4b0c585133d448213bf53e05899cd880f94b9032f54b6fe02b3ebf1c32e69b,False,False,WW,False,False,"[""弹药"", ""私藏枪支"", ""非法持有""]","[""弹药"", ""私藏枪支"", ""非法持有""]",1f7a755e05bff03f9d6d8dde9ed28e5741962423df1a5a425b4c282d6c550d0e,1f7a755e05bff03f9d6d8dde9ed28e5741962423df1a5a425b4c282d6c550d0e,True,True,"[""637d6e05d8bd4ed8b8b4cf925702bb75""]","[""4120b33e5e204d759bcd177732fbd73c""]"
R12B,audit,lawbench_3-3_0064,36b9bdb9b4d407b97e9856055311a19b536072e493c2e2de64764c5a71326a01,36b9bdb9b4d407b97e9856055311a19b536072e493c2e2de64764c5a71326a01,3e9375001c57c64bf15b057f3e1ad567b9ae08b404279df1a3095afcf2295923,3e9375001c57c64bf15b057f3e1ad567b9ae08b404279df1a3095afcf2295923,False,False,WW,False,False,"[""诈骗""]","[""诈骗""]",9a94242ccb0a80e1e3072098d5cad064aae4acad020f746762961bf3fa35e57f,9a94242ccb0a80e1e3072098d5cad064aae4acad020f746762961bf3fa35e57f,True,True,"[""d8eb6a94ec2447d0b40326f5c456b901""]","[""807b259e6bd1451386b120e8fdd059cb""]"
R12B,audit,lawbench_3-3_0197,253b1aeba70ca9760e74d64be8f0f43c76759f10e5a4dd5d0433a212d57013e5,253b1aeba70ca9760e74d64be8f0f43c76759f10e5a4dd5d0433a212d57013e5,d87e50228c9d336d39c1904c0e5df8a0e1f89d1ec3b7beac310aa7f6d3ae96c2,d87e50228c9d336d39c1904c0e5df8a0e1f89d1ec3b7beac310aa7f6d3ae96c2,True,True,CC,False,False,"[""非法持有毒品""]","[""非法持有毒品""]",3c4ead63f36cc2cc2bc0ad993ad61e0bcab864b46ace8d9a3b847fb066d23c1f,3c4ead63f36cc2cc2bc0ad993ad61e0bcab864b46ace8d9a3b847fb066d23c1f,True,True,"[""b4a691d6429d4297bd31b5543edf35be""]","[""4864eadbe80b4a7680471c88cdd58cb1""]"
R12B,audit,lawbench_3-3_0265,e57ea3b857da0a2e2963ed009d76b1f23c2b8cbe8000684d60890e1a815507d0,e57ea3b857da0a2e2963ed009d76b1f23c2b8cbe8000684d60890e1a815507d0,2b53a29b06ca4bc21bbf98ebbd2bd13610f90dc6690b62580a74dabffcba796f,2b53a29b06ca4bc21bbf98ebbd2bd13610f90dc6690b62580a74dabffcba796f,True,True,CC,False,False,"[""拒不执行判决"", ""裁定""]","[""拒不执行判决"", ""裁定""]",afc344920769323658074bba29d4071277eaaa2876590e6b85647a53b55c61bc,afc344920769323658074bba29d4071277eaaa2876590e6b85647a53b55c61bc,True,True,"[""d765463240944c52b1f1600b68abf8d8""]","[""f13a8cfa4c504b7cb48f8127b1c6a944""]"
R12B,audit,lawbench_3-3_0399,b8d2179a9da9a962731ba66248d6b8689aa98c443c8818bca2ed373a04132872,b8d2179a9da9a962731ba66248d6b8689aa98c443c8818bca2ed373a04132872,ef3d1b5962a6714f161b8cadd19f6e4378a1a0797c67ed169744fc73924e12d8,ef3d1b5962a6714f161b8cadd19f6e4378a1a0797c67ed169744fc73924e12d8,False,True,WC,True,True,"[""物品"", ""走私普通货物""]","[""物品"", ""走私国家禁止进出口的货物""]",41d3776d9aec98c9d5722d924beb295a46cb937332c790c5642649ad736a9df0,41d3776d9aec98c9d5722d924beb295a46cb937332c790c5642649ad736a9df0,True,True,"[""7a204d3b6a5c4767a7302e9660273819""]","[""58bd5e903e034d969c796798677d59f5""]"
R12B,audit,lawbench_3-3_0122,312fb22605c098fca0c936b7a33e0fa39625af5b04ffaa59f4efa93e13dd43e0,312fb22605c098fca0c936b7a33e0fa39625af5b04ffaa59f4efa93e13dd43e0,778b7597f1768ac886a9072c3387a1e591e1acfbde6fbf89f12be95520e1ac25,778b7597f1768ac886a9072c3387a1e591e1acfbde6fbf89f12be95520e1ac25,False,False,WW,False,False,"[""妨害公务"", ""故意伤害""]","[""妨害公务"", ""故意伤害""]",07cf05a2c31a5f2f2df7c937b77226a3059b5f3a6867746dc8f0b48b56ce8370,07cf05a2c31a5f2f2df7c937b77226a3059b5f3a6867746dc8f0b48b56ce8370,True,True,"[""ecfc6fd6872e415e9f826316aea3e7ed""]","[""98c03d9e7a8d444cbf3e7d2632d41ee9""]"
R12B,audit,lawbench_3-3_0421,7e283eee5397c46a7eec6d2654c41ee903fd445bf35888931f8acceaef7b1714,7e283eee5397c46a7eec6d2654c41ee903fd445bf35888931f8acceaef7b1714,d394ca9e19451b8adf223f1547a23fcd577a36feefc75a3125b2f84dddedf127,d394ca9e19451b8adf223f1547a23fcd577a36feefc75a3125b2f84dddedf127,True,True,CC,False,False,"[""非法种植毒品原植物""]","[""非法种植毒品原植物""]",49151da5669d8f15d7a1f2771cd6195cb5bd7a9021c1602497f024ba26feb73e,49151da5669d8f15d7a1f2771cd6195cb5bd7a9021c1602497f024ba26feb73e,True,True,"[""76ada672d4b1450f83744880eb54e311""]","[""85b0c7c9676240de914fc3ffcd7e60a9""]"
R12B,audit,lawbench_3-3_0091,dc1d21c279abe148d18c6e4659bf5e4b5c98b3bc32314bdaa000ac677b0a06ff,dc1d21c279abe148d18c6e4659bf5e4b5c98b3bc32314bdaa000ac677b0a06ff,4eb48fc82c190715f95e860e0b0a19eea5f7c3b66d8627713e64dd54eb04a94d,4eb48fc82c190715f95e860e0b0a19eea5f7c3b66d8627713e64dd54eb04a94d,False,False,WW,True,False,"[""抢劫"", ""故意杀人""]","[""抢劫"", ""故意杀人""]",ec8f8cf9cc76d0e4535c0d04f04fb67f8e063a7cdc433245b5e2feb2e2087cb5,ec8f8cf9cc76d0e4535c0d04f04fb67f8e063a7cdc433245b5e2feb2e2087cb5,True,True,"[""e51877e3a41a44f5bc1db4e5b9bca2d3""]","[""64b8531eb08d46ba9747c427986f95d3""]"
R12B,audit,lawbench_3-3_0400,65e6c5b0a49ac1cc3a1a9cf4a4910247043cb4c2c52ea3ad64ec9e84845c3cef,65e6c5b0a49ac1cc3a1a9cf4a4910247043cb4c2c52ea3ad64ec9e84845c3cef,825a687aa76c2e7276ab86ef3462f2a5b1999b22ffd8a02adaa1e00a1e926d0b,825a687aa76c2e7276ab86ef3462f2a5b1999b22ffd8a02adaa1e00a1e926d0b,False,False,WW,False,False,"[""弹药"", ""私藏枪支"", ""非法持有""]","[""弹药"", ""私藏枪支"", ""非法持有""]",2c2eb45721a997e0c4f3985e3b2375cf55328eec9888bad8e4a12ee368d55d49,2c2eb45721a997e0c4f3985e3b2375cf55328eec9888bad8e4a12ee368d55d49,True,True,"[""4a3903e5922c466284761b335c4f2c4c""]","[""b614fced43ea47a0a30280a604d2ecb9""]"
R12B,audit,lawbench_3-3_0498,765ed96b788dc7bc7d13e61aa456222cfbac2e2cbd939357d2a9e441c93f3764,765ed96b788dc7bc7d13e61aa456222cfbac2e2cbd939357d2a9e441c93f3764,976db1ef519dfd75ba6b40c7db700d7ce3358256085a3de932fd127b8e4e74db,976db1ef519dfd75ba6b40c7db700d7ce3358256085a3de932fd127b8e4e74db,True,True,CC,False,False,"[""儿童"", ""拐卖妇女""]","[""儿童"", ""拐卖妇女""]",11199d5987191efedca8362e739656f45925b84ae119e672a63f612a32651452,11199d5987191efedca8362e739656f45925b84ae119e672a63f612a32651452,True,True,"[""1b85dbc94b404b488fc48dd601cbc878""]","[""1a446e7e98df480889040e4c204c445a""]"
R12B,audit,lawbench_3-3_0001,352e269da85b87c3774d5df1d5cd5282b65b00552c75e59c9354bf52d62ae7b7,352e269da85b87c3774d5df1d5cd5282b65b00552c75e59c9354bf52d62ae7b7,87809878bddd9ccd9b17a29def0033f9ca8a9572f763761cca9c944cc584762e,87809878bddd9ccd9b17a29def0033f9ca8a9572f763761cca9c944cc584762e,True,True,CC,False,False,"[""强奸""]","[""强奸""]",6ca6752fc2d6500c411afc7037b27e0ef75dab8387222f1c8343de39082ad5c6,6ca6752fc2d6500c411afc7037b27e0ef75dab8387222f1c8343de39082ad5c6,True,True,"[""697d9c85cd24449db10a3cb0c50b3631""]","[""1c9125bd3051450daca66f5f8b0d93ac""]"
R12B,audit,lawbench_3-3_0169,52d3bfb2c5ec2b95fd411ad32e4aba370a36b13d79953bd9bf08c953d7e34168,52d3bfb2c5ec2b95fd411ad32e4aba370a36b13d79953bd9bf08c953d7e34168,3b3ac8649e2f643ec679125485db9a2a6b35aa5303499b427774760a3ac5a5de,3b3ac8649e2f643ec679125485db9a2a6b35aa5303499b427774760a3ac5a5de,False,False,WW,False,False,"[""走私毒品"", ""非法持有、私藏枪支、弹药""]","[""走私毒品"", ""非法持有、私藏枪支、弹药""]",8923f706ef73b35750cfc66131b035c30199cdaf00b4eb8e865c987c68d12a31,8923f706ef73b35750cfc66131b035c30199cdaf00b4eb8e865c987c68d12a31,True,True,"[""d60346b258c148ca8911f9efdc853549""]","[""b5d63b0657d745898a07436a4d13370f""]"
R12B,audit,lawbench_3-3_0250,e4f52308597ccea16cac9d1fc905d5384e72b18e4e3fac2604df0ae5a89eabdc,e4f52308597ccea16cac9d1fc905d5384e72b18e4e3fac2604df0ae5a89eabdc,1fa8857b448c6af9d3c189783a2461bbd10520e3c4b4755cd7f78f2c08166599,1fa8857b448c6af9d3c189783a2461bbd10520e3c4b4755cd7f78f2c08166599,True,True,CC,False,False,"[""放火""]","[""放火""]",4eb9fb9cf046011ed062ad94d4b21fc3c40a65eda3680a8e7b4127089b403b39,4eb9fb9cf046011ed062ad94d4b21fc3c40a65eda3680a8e7b4127089b403b39,True,True,"[""817768607b54482bade4577039e40da2""]","[""051c05ef48a3458e9fbc8a33226f330d""]"
R12B,audit,lawbench_3-3_0165,75655f2b53f516b904a30e1cb9d78b9f9b467e8402673292a6e1208e3246854b,75655f2b53f516b904a30e1cb9d78b9f9b467e8402673292a6e1208e3246854b,5c501928087bb8d94ba3d824355b445edfb4b7e1e9b8533fbeed3d67625cba38,5c501928087bb8d94ba3d824355b445edfb4b7e1e9b8533fbeed3d67625cba38,False,False,WW,False,False,"[""危险驾驶""]","[""危险驾驶""]",bc14e27109c55a9a05849d4a1aba9444fc0d8aaf1f2daf3e0365ea06937c3d61,bc14e27109c55a9a05849d4a1aba9444fc0d8aaf1f2daf3e0365ea06937c3d61,True,True,"[""4a5dfc8dc8b34c3f96942650f285c133""]","[""413084af5642404284028074cdcbfc06""]"
R12B,audit,lawbench_3-3_0430,35dcc01f1d8270fe43a73187250e5add88d75392042b045973aa0f1380395811,35dcc01f1d8270fe43a73187250e5add88d75392042b045973aa0f1380395811,e065f16a85f97733e6820469ed4a8db56caccbed4086f24016660942f0962f00,e065f16a85f97733e6820469ed4a8db56caccbed4086f24016660942f0962f00,False,False,WW,False,False,"[""重大责任事故""]","[""重大责任事故""]",30f71b0a35978641dbcb6d05e0107cc33dba9eecb8e547c261cceebcd591457e,30f71b0a35978641dbcb6d05e0107cc33dba9eecb8e547c261cceebcd591457e,True,True,"[""e0a1cbe1c3e64d308a8dad4cca45c363""]","[""484efcc3634b4b58accb1b1b39d9f86d""]"
R12B,audit,lawbench_3-3_0043,42504fc4c4b033fcd625685ab11d5c0c953c165624528a0b50d0e76b1869bade,42504fc4c4b033fcd625685ab11d5c0c953c165624528a0b50d0e76b1869bade,77a1a5efd62c4420ebea6fc0888c43dd411087d553266e0b5daa49360c4ce5ba,77a1a5efd62c4420ebea6fc0888c43dd411087d553266e0b5daa49360c4ce5ba,False,False,WW,False,False,"[""故意伤害""]","[""故意伤害""]",d19c996b1ed6b7c79474aa6356b93fd1bd53ee16239afbc03d0b793a2893e180,d19c996b1ed6b7c79474aa6356b93fd1bd53ee16239afbc03d0b793a2893e180,True,True,"[""c60f10edcd47496997d194d0121b9217""]","[""98ec014119744d82a18a01e830adff9c""]"
R12B,audit,lawbench_3-3_0123,206cebd52f08f2e399592e7df75cfb76b4f53c839d7703dd76789784ee5f65c1,206cebd52f08f2e399592e7df75cfb76b4f53c839d7703dd76789784ee5f65c1,7c13d744288944ea491d8bb911f309b5fa8e3f0a3dfc672d55ce692dbd3ccc24,7c13d744288944ea491d8bb911f309b5fa8e3f0a3dfc672d55ce692dbd3ccc24,False,False,WW,False,False,"[""诈骗""]","[""诈骗""]",7d5243fbd4df2b453923577eb1629a377d0dccc4df5c46f268a4df630f2fabd9,7d5243fbd4df2b453923577eb1629a377d0dccc4df5c46f268a4df630f2fabd9,True,True,"[""74c52628f640465ea8652052a91ab287""]","[""cde7d8fa48da436ba91a9e70628f8a25""]"
R12B,audit,lawbench_3-3_0032,198c82a4564300337a6de3f47f86c0d612460e4365da5da462f9cbb9a570c0c2,198c82a4564300337a6de3f47f86c0d612460e4365da5da462f9cbb9a570c0c2,894b62d77a00a5ab42ae1b3dff91e16e7f47112cbb5b3ff5673af71a299a87d4,894b62d77a00a5ab42ae1b3dff91e16e7f47112cbb5b3ff5673af71a299a87d4,True,True,CC,False,False,"[""买卖国家机关公文"", ""伪造"", ""印章"", ""变造"", ""证件""]","[""买卖国家机关公文"", ""伪造"", ""印章"", ""变造"", ""证件""]",c0699286738b33b97a190b064e37fd9e949714add4944c1a59adaa827d04ad4c,c0699286738b33b97a190b064e37fd9e949714add4944c1a59adaa827d04ad4c,True,True,"[""e26edd0c0f0c4d85adfb9bf99b5379e1""]","[""46644832ccab41d0823ed1589a706f80""]"
R12B,audit,lawbench_3-3_0222,df45206f3b597b867cd4953691ac9a8f9f3d62fb61a9b8c2f42c565e724e7b83,df45206f3b597b867cd4953691ac9a8f9f3d62fb61a9b8c2f42c565e724e7b83,ca4fd2874158585382e29fb08c8f089bc8a756bddbcf94d8a412f6b179b1ba29,ca4fd2874158585382e29fb08c8f089bc8a756bddbcf94d8a412f6b179b1ba29,False,False,WW,True,True,"[""介绍"", ""容留卖淫""]","[""介绍卖淫"", ""容留卖淫""]",2115bc569919ef94e4b4d8b316064ba10ce5b760b596f09de04ab0d7b9f13fc1,2115bc569919ef94e4b4d8b316064ba10ce5b760b596f09de04ab0d7b9f13fc1,True,True,"[""ebe567be309d49c69109539c3e3e9a67""]","[""f720d466495f44f48e8e562fc5f850c8""]"
R12B,audit,lawbench_3-3_0084,42da0fae26f68c9bedab6600133bdac0e62306fa8fbbe6645d5f5c8e829a49fe,42da0fae26f68c9bedab6600133bdac0e62306fa8fbbe6645d5f5c8e829a49fe,95cea83861c14ebaf0ce0afc28f419c04b8385ff1f11752ff9437388c5c40543,95cea83861c14ebaf0ce0afc28f419c04b8385ff1f11752ff9437388c5c40543,False,False,WW,False,False,"[""盗窃""]","[""盗窃""]",ca0e1d327a5868ff7f8969b7b6e1eb0f0cf095304781d372e4ab67e275c4e182,ca0e1d327a5868ff7f8969b7b6e1eb0f0cf095304781d372e4ab67e275c4e182,True,True,"[""6b17f052457f4dc4b393f81bb50adf3f""]","[""e822c4474ee545dcb5f6f5bcbf5594d9""]"
R12B,audit,lawbench_3-3_0159,3e4e1b243a5ad22af46aeb4f0d1da5c9062213b49be7d78fa0b26e11b21ae71b,3e4e1b243a5ad22af46aeb4f0d1da5c9062213b49be7d78fa0b26e11b21ae71b,2644764a264083c1d9544f89c36ba8cbfb0f8d29aae23f28c7e5a404e9e1ee44,2644764a264083c1d9544f89c36ba8cbfb0f8d29aae23f28c7e5a404e9e1ee44,False,False,WW,True,True,"[""出售国家重点保护野生动物制品"", ""非法收购""]","[""利用国家重点保护野生动物及其制品罪"", ""携带"", ""运输"", ""非法买卖""]",3dc528fe000996ccab57c8e585f7bf0f4b6fb2b888ac555ff42cb71f57cfff82,3dc528fe000996ccab57c8e585f7bf0f4b6fb2b888ac555ff42cb71f57cfff82,True,True,"[""cecc2ae411b349008eab204fad65334d""]","[""c2c376c999fa4a099a928dfbffbc5fe8""]"
R12B,audit,lawbench_3-3_0342,c91f31b45e889f31a09ff4af123ce3ee2e4c6fca420eb17d585514d6291a7b30,c91f31b45e889f31a09ff4af123ce3ee2e4c6fca420eb17d585514d6291a7b30,343fd5bc59ab87ef6c76c69fdd069010d8d095dabf1851efffa138eede4f2446,343fd5bc59ab87ef6c76c69fdd069010d8d095dabf1851efffa138eede4f2446,False,False,WW,False,False,"[""窝藏罪"", ""骗取贷款罪""]","[""窝藏罪"", ""骗取贷款罪""]",3f26c717a0931767659a81a6e1fe867e3ee7ffa00c8b63c423b6dd335ec938b0,3f26c717a0931767659a81a6e1fe867e3ee7ffa00c8b63c423b6dd335ec938b0,True,True,"[""4821bf9d2cfc473fbe0f698f9b166af7""]","[""fe0b8dcdf5df4d418fd781fcd8d15ea6""]"
R12B,audit,lawbench_3-3_0310,7ec251b224c2668002b9b8108aff72a2302d1846e8b56170ff381203c3ec388c,7ec251b224c2668002b9b8108aff72a2302d1846e8b56170ff381203c3ec388c,f6ca89b7ad91575eb6477b2bd8949c1cf659eec64c36b6c608c5acac97f2f6e4,f6ca89b7ad91575eb6477b2bd8949c1cf659eec64c36b6c608c5acac97f2f6e4,True,True,CC,False,False,"[""假冒注册商标""]","[""假冒注册商标""]",cf68bf75a98884d14107753a7ce43fd0f69bc34b7835de39c5398b3463fa02a8,cf68bf75a98884d14107753a7ce43fd0f69bc34b7835de39c5398b3463fa02a8,True,True,"[""e88a278e20864fc081267e3a42004d0f""]","[""c42c8539b6db4567adb3737d66b4d1dc""]"
R12B,audit,lawbench_3-3_0429,b1f1c2d231cbc1456cc9b5023dd358d39fd26c24d23d422d5a82c7daef6525dd,b1f1c2d231cbc1456cc9b5023dd358d39fd26c24d23d422d5a82c7daef6525dd,4ca113050f47c88e459e5beb312ad245061bc3001522f51f6d01aaf15fe7cd01,4ca113050f47c88e459e5beb312ad245061bc3001522f51f6d01aaf15fe7cd01,False,False,WW,True,True,"[""危险驾驶""]","[""过失致人死亡""]",3bf637c7643cd8cf4046d42ffef0c20da9bf2d720be22223417bcba2c046cebd,3bf637c7643cd8cf4046d42ffef0c20da9bf2d720be22223417bcba2c046cebd,True,True,"[""4f20b8577cd94c02aaa306c3139604c1""]","[""deaf9414eb614036ad10004825358b04""]"
R12B,audit,lawbench_3-3_0328,3a3c9b61696caf02baab82c1a2661558068700edf417f1dc008685f092a31bda,3a3c9b61696caf02baab82c1a2661558068700edf417f1dc008685f092a31bda,1356e4e1693d647390e5bfa76e1a28846f8f8b515c8ce660c31cb65742e41fb4,1356e4e1693d647390e5bfa76e1a28846f8f8b515c8ce660c31cb65742e41fb4,True,True,CC,False,False,"[""生产"", ""销售假药""]","[""生产"", ""销售假药""]",fd65e8c57c9204368b6f7ba288585128da959615c0d20d48926758b8ef951a1b,fd65e8c57c9204368b6f7ba288585128da959615c0d20d48926758b8ef951a1b,True,True,"[""8c962175616943e4bf82117c985081e0""]","[""ab3a1b12854545e49fda6f2e0ef23aed""]"
R12B,audit,lawbench_3-3_0029,01f6ea188cfbf30d8f264de7fac8f4d61ec710bf172267ff03d01701683a8455,01f6ea188cfbf30d8f264de7fac8f4d61ec710bf172267ff03d01701683a8455,defb164b51a14e0e03eb8b473785094568c7474ef9de2e6752d32e9bd9bd65b2,defb164b51a14e0e03eb8b473785094568c7474ef9de2e6752d32e9bd9bd65b2,False,False,WW,False,False,"[""传播淫秽物品""]","[""传播淫秽物品""]",6aac18c1cbf355738d35413de01c7ed56a9e0d4b14d29051f35c74ff955c9a3e,6aac18c1cbf355738d35413de01c7ed56a9e0d4b14d29051f35c74ff955c9a3e,True,True,"[""b1b3b74b80f44e88ae9f81b1dd0d6e0f""]","[""3ee552f0f040479b91c140f77699a5a2""]"
R12B,audit,lawbench_3-3_0058,a2f1736343e847238aba5cac5d9e5b416cad87b672f4a0e52f655b6f7c608a3f,a2f1736343e847238aba5cac5d9e5b416cad87b672f4a0e52f655b6f7c608a3f,8727cd1068baa455d614e746e41c52c5ea5c342fd1b58f060abbe3ac5a098bf7,8727cd1068baa455d614e746e41c52c5ea5c342fd1b58f060abbe3ac5a098bf7,False,False,WW,False,False,"[""盗窃"", ""破坏公用电信设施"", ""逃脱罪""]","[""盗窃"", ""破坏公用电信设施"", ""逃脱罪""]",6898fbfec099f56106c1a5365e431637316e73dc06bcdf689d364a3441f99b1b,6898fbfec099f56106c1a5365e431637316e73dc06bcdf689d364a3441f99b1b,True,True,"[""85541d4fef3c4032960adb13e4d6122a""]","[""e2510080e02c4dac9d607c3c3fcba888""]"
R12B,audit,lawbench_3-3_0264,ea7b13a9eb3124c5ac4cfa483bbf3ec942993ded55d528d4a1e1e2dc3b2d2154,ea7b13a9eb3124c5ac4cfa483bbf3ec942993ded55d528d4a1e1e2dc3b2d2154,5f7e6ca9ccd16948f657452049c184294a3cafca36f91e3f4604d1ef1b255dfd,5f7e6ca9ccd16948f657452049c184294a3cafca36f91e3f4604d1ef1b255dfd,False,False,WW,True,False,"[""故意伤害"", ""非法拘禁""]","[""故意伤害"", ""非法拘禁""]",470db9e1eefa7d9703e4c1a323bc16d90f85600bb1db12e21c9c00e762056a6d,470db9e1eefa7d9703e4c1a323bc16d90f85600bb1db12e21c9c00e762056a6d,True,True,"[""39458b6db6fb4a46b269a815cdfccae7""]","[""967a77a434404b46b2e3aa3c78a4c79e""]"
R12B,audit,lawbench_3-3_0270,1cc008c312851792e1fb62fd2a6683be7576ddb9963b322a317e0cdcff31293f,1cc008c312851792e1fb62fd2a6683be7576ddb9963b322a317e0cdcff31293f,e5a9f0f5ada03b737d4433a9bca601285a64875049abee10195bf2002147cc8a,e5a9f0f5ada03b737d4433a9bca601285a64875049abee10195bf2002147cc8a,True,True,CC,False,False,"[""掩饰"", ""犯罪所得收益"", ""隐瞒犯罪所得""]","[""掩饰"", ""犯罪所得收益"", ""隐瞒犯罪所得""]",7ae1be944a4eaa3f6b42e57eb847762b0529c366d4ceb7e1fc7cda9ef1f24367,7ae1be944a4eaa3f6b42e57eb847762b0529c366d4ceb7e1fc7cda9ef1f24367,True,True,"[""ae2dd2535d264e45a0b0c79207918af7""]","[""5c5be8034f8b42f9b20da0c7b625f892""]"
R12B,audit,lawbench_3-3_0372,af7bd664efc718b07c42dfc8340317de48e3ee7f6a866d16e88d32d3ffce8352,af7bd664efc718b07c42dfc8340317de48e3ee7f6a866d16e88d32d3ffce8352,950f2c0b7082494d496228dbb65203360e772a6c835cd51faa7f82f6d67e74b4,950f2c0b7082494d496228dbb65203360e772a6c835cd51faa7f82f6d67e74b4,True,True,CC,False,False,"[""生产"", ""销售不符合安全标准的食品""]","[""生产"", ""销售不符合安全标准的食品""]",b2f1fbd6cf2edff002c31bed75b267abda9ca1b0f9da5d549d6994ba9a194217,b2f1fbd6cf2edff002c31bed75b267abda9ca1b0f9da5d549d6994ba9a194217,True,True,"[""ede7a22b421d4657aaceaa45263e6911""]","[""deae438e48654d39b6883a9c43827111""]"
R12B,audit,lawbench_3-3_0121,df7469830a352c01188d0ffcc52b547142eb11892c3fd51dfddcaee70bafbebf,df7469830a352c01188d0ffcc52b547142eb11892c3fd51dfddcaee70bafbebf,af25414d7ab85de6103ebcc026f9f5b3b9a8bd792e0dae9f03585d46c1ece722,af25414d7ab85de6103ebcc026f9f5b3b9a8bd792e0dae9f03585d46c1ece722,True,True,CC,True,False,"[""强迫劳动"", ""故意伤害""]","[""强迫劳动"", ""故意伤害""]",a332e2c652ddf8a86b72b32606bc2d4dac7879d084db164696ff5b00181bedf2,a332e2c652ddf8a86b72b32606bc2d4dac7879d084db164696ff5b00181bedf2,True,True,"[""1ae198aed6ce43b1a482352267d3f2a7""]","[""d5dadf8bc6db45e9a7f8de6ba5195339""]"
R12B,audit,lawbench_3-3_0375,00fe6c39d235c80b34d2bf927bb0aede9cd4a38a25a7e1250b6740f24df77362,00fe6c39d235c80b34d2bf927bb0aede9cd4a38a25a7e1250b6740f24df77362,916ff8ad236edd3538126f48de3ffabe32b5361706489379594aa6bc1cb7caab,916ff8ad236edd3538126f48de3ffabe32b5361706489379594aa6bc1cb7caab,True,True,CC,False,False,"[""污染环境""]","[""污染环境""]",c7f874ff2b17e2ebc69b9b4c0601ba28c8a6708d85c1189f94ffe6c230e33974,c7f874ff2b17e2ebc69b9b4c0601ba28c8a6708d85c1189f94ffe6c230e33974,True,True,"[""ffe19f6632be4a31a68deaacf6744d0f""]","[""3454e4608cbc436b8f82f8ed66099ab7""]"
R12B,audit,lawbench_3-3_0271,688e5ceb75ba759c24bea2738e4d7b77fadc5bafbcb50e59733e4fe9017ac55f,688e5ceb75ba759c24bea2738e4d7b77fadc5bafbcb50e59733e4fe9017ac55f,55653c9adbf6efc8a2902f0d3c0f225d53e2dbcc8159b1411a86c7c069f860aa,55653c9adbf6efc8a2902f0d3c0f225d53e2dbcc8159b1411a86c7c069f860aa,True,True,CC,False,False,"[""拒不支付劳动报酬""]","[""拒不支付劳动报酬""]",8ccda20fbd4e56eb74c3a2a6fb0a4f1205d291e11fadcc45b2e4b329ec2ff7f1,8ccda20fbd4e56eb74c3a2a6fb0a4f1205d291e11fadcc45b2e4b329ec2ff7f1,True,True,"[""e1d30eb128c840d0bb848a77bc656e31""]","[""c980c83fea524574a7c3453d10e89a0a""]"
R12B,audit,lawbench_3-3_0347,fd45411ea85804166dff826857e1304b2d08aa68eab214af0560d24aff6f92f1,fd45411ea85804166dff826857e1304b2d08aa68eab214af0560d24aff6f92f1,db9856e664da20ac1b2ce6c6834fbf40ebbbb71a3305b8540d559d37ae7793e2,db9856e664da20ac1b2ce6c6834fbf40ebbbb71a3305b8540d559d37ae7793e2,True,True,CC,False,False,"[""非法行医""]","[""非法行医""]",60a9ceff46dd1963a30993bd04fbeac0b927c42d7b1c4d52c8e8580dbd9d6709,60a9ceff46dd1963a30993bd04fbeac0b927c42d7b1c4d52c8e8580dbd9d6709,True,True,"[""c918110209244ff692775372592429ae""]","[""2a0e0b824190496e98d76d914e905092""]"
R12B,audit,lawbench_3-3_0459,388293f6d6308d7e7e057a034486a1ca96329d5728e7376a711fa4a37e3a120a,388293f6d6308d7e7e057a034486a1ca96329d5728e7376a711fa4a37e3a120a,fa0ca2ec9ed2530a380a5df97bc96e2b64ec41a99856c576540d8dd51cbcb19b,fa0ca2ec9ed2530a380a5df97bc96e2b64ec41a99856c576540d8dd51cbcb19b,True,True,CC,False,False,"[""单位行贿""]","[""单位行贿""]",9f8f137e5b5c99b4069f5d67890c40f175e07dbb3fd44c23ca2d00d1db2cb12d,9f8f137e5b5c99b4069f5d67890c40f175e07dbb3fd44c23ca2d00d1db2cb12d,True,True,"[""a64dc42bb1964394a5cb56cec54080a9""]","[""871bf99fe26e4af69e58acbec5a75aee""]"
R12B,audit,lawbench_3-3_0248,bc4e961c5636dc67cd8852127774f649965e21781754829e53c53ae418f03930,bc4e961c5636dc67cd8852127774f649965e21781754829e53c53ae418f03930,1b0bbcbbe1f16947958004edc040cced70c0b02cf0716efa384538fdabdb95b6,1b0bbcbbe1f16947958004edc040cced70c0b02cf0716efa384538fdabdb95b6,True,True,CC,False,False,"[""盗伐林木""]","[""盗伐林木""]",6cd871a268426da16191a6c30f1e84529ac1c90b3d8d8d0047c08eead7191c18,6cd871a268426da16191a6c30f1e84529ac1c90b3d8d8d0047c08eead7191c18,True,True,"[""08288b3ada2f466b8f58e4d473d7e3e7""]","[""cc36bb4fcd9d4d6881a9a8f84aff1ec0""]"
R12B,audit,lawbench_3-3_0056,f6148672132e8c72c39148919713738292aaf332d206e2312498e7203319d905,f6148672132e8c72c39148919713738292aaf332d206e2312498e7203319d905,b8161d574ebd1c67c0dee862adcb3ef6f63abeabfdb3b0f6729ff61e4df0642b,b8161d574ebd1c67c0dee862adcb3ef6f63abeabfdb3b0f6729ff61e4df0642b,False,False,WW,True,True,"[""盗窃""]","[""非法侵入住宅""]",9f56d70d8afdb58da2ef685b829a42f652f4040afc278ca8a5ebe8806ad11991,9f56d70d8afdb58da2ef685b829a42f652f4040afc278ca8a5ebe8806ad11991,True,True,"[""92abf10667f241168eb372ac73e0052d""]","[""7045c53c5ade4887a8324c8837f79c6d""]"
R12B,audit,lawbench_3-3_0355,8666acecf6983b5f862cef19c97310abe12fa597a946eb95964095a69a94401a,8666acecf6983b5f862cef19c97310abe12fa597a946eb95964095a69a94401a,4f362e205520f3d54671a1cf058053fcef6d7905b1fe7b87ccfd86fd02bcda34,4f362e205520f3d54671a1cf058053fcef6d7905b1fe7b87ccfd86fd02bcda34,False,False,WW,False,False,"[""诈骗""]","[""诈骗""]",bdb89945dfbd7692c18994976c8debf528bab81eb83380eaf78268448618092f,bdb89945dfbd7692c18994976c8debf528bab81eb83380eaf78268448618092f,True,True,"[""178b75e03e52498ba741092a192d9656""]","[""7c7ca2eaaedd4171bff91f8bca0c79ff""]"
R12B,audit,lawbench_3-3_0283,1df4ce46454cee3529b15417b0c675bb072441bd355167ccbbf587b450da1536,1df4ce46454cee3529b15417b0c675bb072441bd355167ccbbf587b450da1536,a7256b4c9417aa061cb4680499152f79090067dc7914afa902c705cfe2bba88c,a7256b4c9417aa061cb4680499152f79090067dc7914afa902c705cfe2bba88c,False,True,WC,True,True,[],"[""妨害公务""]",1ce99dc2805f8a0f8c68871a524be5d655e3477a3044d87f6776cbd31a1f68c8,1ce99dc2805f8a0f8c68871a524be5d655e3477a3044d87f6776cbd31a1f68c8,True,True,"[""b73f867a74974304b5140514b754d74b""]","[""bacfed69d9384fb89474edb3a4ffa551""]"
R12B,audit,lawbench_3-3_0034,ba33444ad28a489102b69a91dd4fdc0b7be42a1e21a9d998e94068469e1e734a,ba33444ad28a489102b69a91dd4fdc0b7be42a1e21a9d998e94068469e1e734a,15a1fdf55a9cf4cb44d69952e45ce7d1b638824919dd6e5f75d755fb2f2c7a71,15a1fdf55a9cf4cb44d69952e45ce7d1b638824919dd6e5f75d755fb2f2c7a71,False,False,WW,False,False,"[""盗窃"", ""贩卖毒品""]","[""盗窃"", ""贩卖毒品""]",e6e5e9e2f916e7c64170f48b1319c28bd2a434ae98ed3282219d7ccf12cc8696,e6e5e9e2f916e7c64170f48b1319c28bd2a434ae98ed3282219d7ccf12cc8696,True,True,"[""c3944b801ab8411fb3402a80c5ba3c5c""]","[""1a320b0fd17f480c8699b2375d1459cb""]"
R12B,audit,lawbench_3-3_0365,d97c4484dbbcccb6f95ce2faadc1932cfbc7727d733d523138e387b950bb418a,d97c4484dbbcccb6f95ce2faadc1932cfbc7727d733d523138e387b950bb418a,f0ad7fd481ddc06fc0296799724f338a7cafc47b56fd1664921ccc6f3a087404,f0ad7fd481ddc06fc0296799724f338a7cafc47b56fd1664921ccc6f3a087404,True,True,CC,False,False,"[""滥伐林木""]","[""滥伐林木""]",71ba6dd3cc92e57ebf314cefb410bc4b11407bbe23f7a537c6eeff9169eb5ef4,71ba6dd3cc92e57ebf314cefb410bc4b11407bbe23f7a537c6eeff9169eb5ef4,True,True,"[""d1164984745c42adb4776bed632963db""]","[""b9e925eba4d744af9bcc98d7b8a99aab""]"
R12B,audit,lawbench_3-3_0363,57a5a617e31c9676c305091bf29390e8e313f2108dfc4562029b0d73b51abf3d,57a5a617e31c9676c305091bf29390e8e313f2108dfc4562029b0d73b51abf3d,916ff8ad236edd3538126f48de3ffabe32b5361706489379594aa6bc1cb7caab,916ff8ad236edd3538126f48de3ffabe32b5361706489379594aa6bc1cb7caab,True,True,CC,False,False,"[""污染环境""]","[""污染环境""]",ecb0799ba64077a2c2885d35caaa316aef711582c861200737d6ab6cc6b197ec,ecb0799ba64077a2c2885d35caaa316aef711582c861200737d6ab6cc6b197ec,True,True,"[""875c5d03a64b4598bb89a9322fd3e995""]","[""51bb0505b18e482cbd7565cf6921dbe7""]"
R12B,audit,lawbench_3-3_0243,195937296ad382f0b32ed24dc1507784de0f72ee0257b09e2cf83adca9f9eb5d,195937296ad382f0b32ed24dc1507784de0f72ee0257b09e2cf83adca9f9eb5d,03e4b5f98b1923e5d28fa431468e5839b4e6256fdc10929274adc8249d973ea0,03e4b5f98b1923e5d28fa431468e5839b4e6256fdc10929274adc8249d973ea0,True,True,CC,False,False,"[""敲诈勒索"", ""诈骗""]","[""敲诈勒索"", ""诈骗""]",162b8559512654fd8f82c645ed0d20b32f44fff866e144931451c21f1584271f,162b8559512654fd8f82c645ed0d20b32f44fff866e144931451c21f1584271f,True,True,"[""351ce3d7dead4f9e88bdd497ba062cd0""]","[""d8dd8e58a2d345fb9fee051be25baa27""]"
R12B,audit,lawbench_3-3_0065,d2021046b1c302bf414c243fc3a0334e3e90fb9b5e33bc2a5845a7f71b562c17,d2021046b1c302bf414c243fc3a0334e3e90fb9b5e33bc2a5845a7f71b562c17,82f02466fb372ae7311ab173fe0b1d9699030582925d78dc7d504c787afe83d6,82f02466fb372ae7311ab173fe0b1d9699030582925d78dc7d504c787afe83d6,False,False,WW,True,True,"[""伪造、变造证件"", ""污染环境"", ""盗窃""]","[""污染环境"", ""盗窃""]",1d8d0708e1ba0e9f3663302fb0de5350d45051565c8bae93b09c82700b5b25e5,1d8d0708e1ba0e9f3663302fb0de5350d45051565c8bae93b09c82700b5b25e5,True,True,"[""6186e5b19e7544f4acf3ad9574c1d032""]","[""aae6b979a4cf49c5bd57fd850e9184ed""]"
R12B,audit,lawbench_3-3_0382,4341365bc2a0efa8a62490f237e4cb88f57392fb159c3580a582db64384141e6,4341365bc2a0efa8a62490f237e4cb88f57392fb159c3580a582db64384141e6,88f53d63a142545a75c6b8c04f23c1887596c84b4b43ae2c0e15799fa023e92e,88f53d63a142545a75c6b8c04f23c1887596c84b4b43ae2c0e15799fa023e92e,False,False,WW,False,False,"[""受贿""]","[""受贿""]",17a11da76ecc8c9b0366405b1e1599f96e9178880411643452695470c44259b5,17a11da76ecc8c9b0366405b1e1599f96e9178880411643452695470c44259b5,True,True,"[""bcf1bc290e224a9d98ce51ba5b2cdbee""]","[""629f47e89f7a4f3986269e8b67c1e55f""]"
R12B,audit,lawbench_3-3_0319,983965854e858c321b0272e2f831cc8061bb6a0e55430cbb3eb3ec3a7a38aaeb,983965854e858c321b0272e2f831cc8061bb6a0e55430cbb3eb3ec3a7a38aaeb,2b53a29b06ca4bc21bbf98ebbd2bd13610f90dc6690b62580a74dabffcba796f,2b53a29b06ca4bc21bbf98ebbd2bd13610f90dc6690b62580a74dabffcba796f,True,True,CC,False,False,"[""拒不执行判决"", ""裁定""]","[""拒不执行判决"", ""裁定""]",f89b3a462a0fea28449f52c8edc680d047738da7e42d2e02cdf1934aefa5f590,f89b3a462a0fea28449f52c8edc680d047738da7e42d2e02cdf1934aefa5f590,True,True,"[""f2b2a0208e2a4dccae821501228942a4""]","[""1f1d5eee359c40809e48b30530d9a9c3""]"
R12B,audit,lawbench_3-3_0082,f0fd5827560044050cd6f32ea45e0302603c69bb0f45a1dc16d9a6966164bfed,f0fd5827560044050cd6f32ea45e0302603c69bb0f45a1dc16d9a6966164bfed,eb8ef450663ec57be6497a147ba3df5ec09aaf0e9566ec4ff728f355d8b2b5c7,eb8ef450663ec57be6497a147ba3df5ec09aaf0e9566ec4ff728f355d8b2b5c7,False,False,WW,True,True,"[""虚假出资"", ""虚开增值税专用发票、用于抵扣税款发票""]","[""虚开增值税专用发票、用于抵扣税款发票"", ""虚报注册资本""]",670e52d1cf0ce6ad705eafdc62ed9190ae35f1cecb223337e35b378da0213258,670e52d1cf0ce6ad705eafdc62ed9190ae35f1cecb223337e35b378da0213258,True,True,"[""633a9fa16a864279815ea96224d73b52""]","[""8001571bffdc4a089bae5c45c36a35d0""]"
R12B,audit,lawbench_3-3_0276,53df7278c47de1802c00949bfe2517e28b93c5abbdb9afd3d787fb6b3d3e758b,53df7278c47de1802c00949bfe2517e28b93c5abbdb9afd3d787fb6b3d3e758b,d87e50228c9d336d39c1904c0e5df8a0e1f89d1ec3b7beac310aa7f6d3ae96c2,d87e50228c9d336d39c1904c0e5df8a0e1f89d1ec3b7beac310aa7f6d3ae96c2,True,True,CC,False,False,"[""非法持有毒品""]","[""非法持有毒品""]",c881753e1bbd4db1031b39565f5a23eafa2d2a525851fd227e15c7360090a2d3,c881753e1bbd4db1031b39565f5a23eafa2d2a525851fd227e15c7360090a2d3,True,True,"[""f85d4fda15ef47f7be0c0d570fc98c18""]","[""dfce926acb8f4651981a8e6c0fd0c987""]"
R12B,audit,lawbench_3-3_0440,75d545dc57fa50e6a7c724799dad78f35a68cee06f0e41f7fc9f18cb87caaa11,75d545dc57fa50e6a7c724799dad78f35a68cee06f0e41f7fc9f18cb87caaa11,938f1df28d7dd22de4577ac811958820674158ae47df4b8fe20ef8feff28447f,938f1df28d7dd22de4577ac811958820674158ae47df4b8fe20ef8feff28447f,False,False,WW,False,False,"[""贷款诈骗""]","[""贷款诈骗""]",e093dff5012b435c14f5d2e5ba4abf04e90b4827c2ae67749d141a8000db2a22,e093dff5012b435c14f5d2e5ba4abf04e90b4827c2ae67749d141a8000db2a22,True,True,"[""fbec9506d6314a75a9a2d769f01e34b6""]","[""f69f5eb67fe84f3e9dafd6bfe241fe9c""]"
R12B,audit,lawbench_3-3_0344,fffd4561b8d8021a5b117c290374626ca1cb2a693a0a70cf7d31c1f6318a3acb,fffd4561b8d8021a5b117c290374626ca1cb2a693a0a70cf7d31c1f6318a3acb,d94ba7e94ff6e49405b5270546cbd468e0226c0f0c8b384ad5663fc74cfd440e,d94ba7e94ff6e49405b5270546cbd468e0226c0f0c8b384ad5663fc74cfd440e,True,False,CW,True,True,"[""事业单位"", ""人民团体印章"", ""企业"", ""伪造公司""]","[""事业单位"", ""人民团体印章"", ""企业"", ""伪造"", ""变造公司""]",f84016507f7c4ad71aee789dc49bddbdef7d01edf41cf7f98ac1f1c7004586de,f84016507f7c4ad71aee789dc49bddbdef7d01edf41cf7f98ac1f1c7004586de,True,True,"[""653760128af54cc0b811933e89091b6a""]","[""640092651d754a818e23da2a1e46f261""]"
R12B,audit,lawbench_3-3_0024,fe175c5fc9b61c4b458f0bf6f26854d2d035efaea99ad889b08a064b18521690,fe175c5fc9b61c4b458f0bf6f26854d2d035efaea99ad889b08a064b18521690,f2133e2d70a88e5844d925f2b2557b4c716b93132d05e721b6b3cd8f881208ae,f2133e2d70a88e5844d925f2b2557b4c716b93132d05e721b6b3cd8f881208ae,True,True,CC,False,False,"[""放火"", ""盗窃""]","[""放火"", ""盗窃""]",9a4c99eda77cebfa2abdc7cf6765b024f2ae2624766b4ff4b619b445aac14986,9a4c99eda77cebfa2abdc7cf6765b024f2ae2624766b4ff4b619b445aac14986,True,True,"[""c87b9f23eeec47c685dc3225c614a56b""]","[""d4d8080485974d298af255b16274b0bd""]"
R12B,audit,lawbench_3-3_0417,fd0a6d42fad85da90633106691f4265c44dbceb995a39b8d5b92d529fc6e4f51,fd0a6d42fad85da90633106691f4265c44dbceb995a39b8d5b92d529fc6e4f51,60c267a394873e704ecd912abe5a5e768956493a32585ae1df869b68b32f5827,60c267a394873e704ecd912abe5a5e768956493a32585ae1df869b68b32f5827,False,False,WW,False,False,"[""假冒注册商标""]","[""假冒注册商标""]",6431806622ed5353fd80874656b18db0f90c1026a7d4adc7d9daf5381be7595c,6431806622ed5353fd80874656b18db0f90c1026a7d4adc7d9daf5381be7595c,True,True,"[""c0638227482148a799e6817bbe0e15cc""]","[""daf5f670ac454424b435c400f87a3965""]"
R12B,audit,lawbench_3-3_0484,031e849ab31a5371229b1ad41ec680e8fe8f59568f9b2f0b05bb68d6d99377a9,031e849ab31a5371229b1ad41ec680e8fe8f59568f9b2f0b05bb68d6d99377a9,60c267a394873e704ecd912abe5a5e768956493a32585ae1df869b68b32f5827,60c267a394873e704ecd912abe5a5e768956493a32585ae1df869b68b32f5827,False,False,WW,False,False,"[""假冒注册商标""]","[""假冒注册商标""]",0bee88507e1b3d2633ab457fa4d83c3b1f289d9271caea61720bcf54f9b607e5,0bee88507e1b3d2633ab457fa4d83c3b1f289d9271caea61720bcf54f9b607e5,True,True,"[""8d3057130a2f4d06a710a56c6b445260""]","[""df94990119b348beb2f508ac846b969e""]"
R12B,audit,lawbench_3-3_0157,f5e542971e2b333b986e79cc6b31082a3cafcf4b145ad68b097f048f57e09eb6,f5e542971e2b333b986e79cc6b31082a3cafcf4b145ad68b097f048f57e09eb6,aa5e0ba8a8dc96c7d8ca157316e939754bd8b61fb8f8adf1dff4a17de8cac729,aa5e0ba8a8dc96c7d8ca157316e939754bd8b61fb8f8adf1dff4a17de8cac729,False,True,WC,True,True,"[""挪用资金罪"", ""非法发放贷款罪""]","[""挪用资金"", ""违法发放贷款""]",ed9bbdd55ac652ca66a85435a3cea41f747f7e767f762446a2f2f2c5f30e954a,ed9bbdd55ac652ca66a85435a3cea41f747f7e767f762446a2f2f2c5f30e954a,True,True,"[""09854db7e516492cb71686cf57c2ee56""]","[""c573ae9d47c345ea8674d3348a92725a""]"
R12B,audit,lawbench_3-3_0461,736ae571f61d9ee0e5e7c8acf31851b72b23c12aa69fee18232ccf2dc72cb9c6,736ae571f61d9ee0e5e7c8acf31851b72b23c12aa69fee18232ccf2dc72cb9c6,d9fbd1fdef66412b5be306b036f2c761491caf25bb3914699c513d26d7519933,d9fbd1fdef66412b5be306b036f2c761491caf25bb3914699c513d26d7519933,True,True,CC,False,False,"[""妨害作证""]","[""妨害作证""]",5bdd73126b036b5fe1637a11f8c1803914326eb28aba5159c76eafbf7170aa8c,5bdd73126b036b5fe1637a11f8c1803914326eb28aba5159c76eafbf7170aa8c,True,True,"[""2044d32636264b4f9aeba8d95e86c7b4""]","[""2f06d04240944ec298559439bdb541cf""]"
R12B,audit,lawbench_3-3_0281,7a766a8a943b3b3aa1ec8eb1fbe50fc1b57216de3cab2e44b1bc7ef7871911c9,7a766a8a943b3b3aa1ec8eb1fbe50fc1b57216de3cab2e44b1bc7ef7871911c9,6255a85bdbb767b46c24d3c72094b5aebbc63da1ba5c295ccc7740a987962db3,6255a85bdbb767b46c24d3c72094b5aebbc63da1ba5c295ccc7740a987962db3,True,True,CC,False,False,"[""滥用职权""]","[""滥用职权""]",5d1d0aa108708290fd2f7bef00b8702f1c3d9a9c07638597ed900be2f29f7345,5d1d0aa108708290fd2f7bef00b8702f1c3d9a9c07638597ed900be2f29f7345,True,True,"[""4cfb54c7cc92419592cf597c1b7ab75b""]","[""7bc7489a24ab40059be6481efb3fe396""]"
R12B,audit,lawbench_3-3_0000,efad0e4c06f5b84f0ee10d7e157fa67dae432739110774d8724660f16f3c891a,efad0e4c06f5b84f0ee10d7e157fa67dae432739110774d8724660f16f3c891a,f6beef430efa425753f7c45c4c3029e268fd056ee6e2ec4788f4098d8e22f45f,f6beef430efa425753f7c45c4c3029e268fd056ee6e2ec4788f4098d8e22f45f,True,True,CC,False,False,"[""盗窃""]","[""盗窃""]",fc137f33e280828423d99a0df517fdeb4beef26b99b2563af0f1cc599fdc3e51,fc137f33e280828423d99a0df517fdeb4beef26b99b2563af0f1cc599fdc3e51,True,True,"[""897352fe316547ac8d101c1fdb2b96de""]","[""94e6f02b4ba04cb78147c1057dfae7f5""]"
R12B,audit,lawbench_3-3_0054,5fb52070bb1b17459db908ee645f58afad2130ba022bb7ee4d61996e762366df,5fb52070bb1b17459db908ee645f58afad2130ba022bb7ee4d61996e762366df,4455568ffa35b249a428af335cabcb3311509961baf257264d61631868770b06,4455568ffa35b249a428af335cabcb3311509961baf257264d61631868770b06,False,False,WW,False,False,"[""传播淫秽物品""]","[""传播淫秽物品""]",2c58cdc2904915ff69a20fb6adb91225dcd2b34919124bf3334d4a265d6085df,2c58cdc2904915ff69a20fb6adb91225dcd2b34919124bf3334d4a265d6085df,True,True,"[""d1de2d3073bf47b89faf986cee9af52d""]","[""98dee8c556bc4ef3b1c6161f9b73904e""]"
R12B,audit,lawbench_3-3_0115,01eb3f21dd52c7bc9199ab1f641767fda8164a53d01314b9762850ecd319e19f,01eb3f21dd52c7bc9199ab1f641767fda8164a53d01314b9762850ecd319e19f,5b4f894b55cb2a9b3847ba27921a5013774f8fcf175fa7d792b94b5704fd95ba,5b4f894b55cb2a9b3847ba27921a5013774f8fcf175fa7d792b94b5704fd95ba,False,False,WW,True,True,"[""诈骗""]","[""合同诈骗""]",622928d77be66240b054e0473327f8d1d559b059d01b5854ced3df4ca1555d66,622928d77be66240b054e0473327f8d1d559b059d01b5854ced3df4ca1555d66,True,True,"[""2f7daa332e1047b491213172315016a3""]","[""264182b6587e488082c2c052a514684a""]"
R12B,audit,lawbench_3-3_0191,55c4c3f41a2f6e396cbdedf3c3be2b15c76184d502faf48f3616b1ff7240e2dc,55c4c3f41a2f6e396cbdedf3c3be2b15c76184d502faf48f3616b1ff7240e2dc,cf798bb3eae1b0581530a31a15521a222971890eb6e643b3a18da69eca1e225a,cf798bb3eae1b0581530a31a15521a222971890eb6e643b3a18da69eca1e225a,False,False,WW,False,False,"[""非法储存危险物质""]","[""非法储存危险物质""]",25279e72dfd925633a4717724733e968ed4141b45291ffbad3767550babac1ed,25279e72dfd925633a4717724733e968ed4141b45291ffbad3767550babac1ed,True,True,"[""5b924b67afa44cf996c343d00ffef6e1""]","[""3833ba42ba49418b8f0b88bc9fe5aaa7""]"
R12B,audit,lawbench_3-3_0061,a691e96d43b7485a6485318cb395b6af45f1444052f9812a333fa9c8998b8f54,a691e96d43b7485a6485318cb395b6af45f1444052f9812a333fa9c8998b8f54,979bf6247ea0c63eece88390efb4d0d51e2db28cd362970dd1d925b37447ed50,979bf6247ea0c63eece88390efb4d0d51e2db28cd362970dd1d925b37447ed50,False,False,WW,True,True,"[""诈骗""]","[""诈骗"", ""非法获取公民个人信息""]",a6a4f73b696d38018490a2560ffb24773b72cc919d43bbcabbbf819648909084,a6a4f73b696d38018490a2560ffb24773b72cc919d43bbcabbbf819648909084,True,True,"[""bda043562b1c4e4292a504e51467ca04""]","[""05d3d141f4f74f888e5e0eb00c7387ef""]"
R12B,audit,lawbench_3-3_0109,89a7619759e024c079c992cee015a919559e04c6897e91730bef56cf6eddf888,89a7619759e024c079c992cee015a919559e04c6897e91730bef56cf6eddf888,41446c2224dd99ed828cc63048ec8ad7dcbb65b9e7462db7151f533229f937d0,41446c2224dd99ed828cc63048ec8ad7dcbb65b9e7462db7151f533229f937d0,False,False,WW,False,False,"[""参加黑社会性质组织罪"", ""虚开增值税专用发票罪""]","[""参加黑社会性质组织罪"", ""虚开增值税专用发票罪""]",23e4446fca7f9469097e327dd728dfd7d05c2ff4e167f3769f6c865606298694,23e4446fca7f9469097e327dd728dfd7d05c2ff4e167f3769f6c865606298694,True,True,"[""280671b6a0c5411abcda02a9598b9559""]","[""41bb44e302cc403199c0094568177c20""]"
R12B,audit,lawbench_3-3_0294,12fe4ce97235951a62c5e5f6107a5d0b6f35f82b5e1c30680d5a7f4f1c61b12a,12fe4ce97235951a62c5e5f6107a5d0b6f35f82b5e1c30680d5a7f4f1c61b12a,42c8c931f91c7563c59fdbaa02373aef11eb91e39fc0bcc3954bebbc80458af7,42c8c931f91c7563c59fdbaa02373aef11eb91e39fc0bcc3954bebbc80458af7,True,True,CC,False,False,"[""有害食品"", ""生产"", ""销售有毒""]","[""有害食品"", ""生产"", ""销售有毒""]",4ec737acfe5a9ed221136fc00046d7032389037140f98c603b8c93b73bd101e5,4ec737acfe5a9ed221136fc00046d7032389037140f98c603b8c93b73bd101e5,True,True,"[""708db7850d5440948a21f39bd8bb6e39""]","[""1cfd7c677b0140c29ca08bfe6ecaa851""]"
R12B,audit,lawbench_3-3_0152,01fbd6b1bc14509bbd52f050e3fb4715c1b10b3b29f3efafebbb08fa3de70746,01fbd6b1bc14509bbd52f050e3fb4715c1b10b3b29f3efafebbb08fa3de70746,89ab8887fcf6a93451082dd5af50e3eff4d25214beded6069e8f83420a335e20,89ab8887fcf6a93451082dd5af50e3eff4d25214beded6069e8f83420a335e20,False,False,WW,False,False,"[""故意伤害""]","[""故意伤害""]",5ee23cb496b20fd8f1ad4cfc72a313502e2300b3982eaf6122a8cf07b117fa80,5ee23cb496b20fd8f1ad4cfc72a313502e2300b3982eaf6122a8cf07b117fa80,True,True,"[""8bf541f3974d4935a96f7de576a67508""]","[""4ec3ea3806b84d02976eba0a19718aaf""]"
R12B,audit,lawbench_3-3_0436,8fb85552bca6d3ba2095dd649b1914d8b5f6a69dd79d5768226c020bbdd7fb61,8fb85552bca6d3ba2095dd649b1914d8b5f6a69dd79d5768226c020bbdd7fb61,6a626e651c699931bfb4637f1e9c4d87366cc95ef8c134d5eaabc3c2e3359de0,6a626e651c699931bfb4637f1e9c4d87366cc95ef8c134d5eaabc3c2e3359de0,False,False,WW,True,True,"[""挪用特定款物"", ""职务侵占""]","[""挪用特定款物""]",2f8a08493b19fd564b2cfdd31fb0a4c27eff0bb4d74007a08db5849a582b6156,2f8a08493b19fd564b2cfdd31fb0a4c27eff0bb4d74007a08db5849a582b6156,True,True,"[""f69c9e3509ed4476a29873b5d6dcfc92""]","[""cd3f529271b4439b98dcb42ef2419534""]"
R12B,audit,lawbench_3-3_0010,ab2e637020b5289340400e323154619355ebe418d2cdcf679d85c955519a4048,ab2e637020b5289340400e323154619355ebe418d2cdcf679d85c955519a4048,e07e63b6e7c1374be5e43be56610af7730e113e1f0cb7fb33992a65321d7fc11,e07e63b6e7c1374be5e43be56610af7730e113e1f0cb7fb33992a65321d7fc11,False,False,WW,False,False,"[""信用卡诈骗""]","[""信用卡诈骗""]",557537ea5b04761f8b7849e20ace33d809a0acce043b403b439e635a5138e49a,557537ea5b04761f8b7849e20ace33d809a0acce043b403b439e635a5138e49a,True,True,"[""92a1bc4ed2034cab86a851dc667d3498""]","[""d61d1dfb8eb0466cbe16f50e8585a2bc""]"
R12B,audit,lawbench_3-3_0455,d1106551046130958a476d352d36418c3fde3d036fef381052cd926e7abd070b,d1106551046130958a476d352d36418c3fde3d036fef381052cd926e7abd070b,60c267a394873e704ecd912abe5a5e768956493a32585ae1df869b68b32f5827,60c267a394873e704ecd912abe5a5e768956493a32585ae1df869b68b32f5827,False,False,WW,False,False,"[""假冒注册商标""]","[""假冒注册商标""]",f3b9032381e87a10efc84d53e99ff07ed905dada226ac4e898fffce22c6b4ca0,f3b9032381e87a10efc84d53e99ff07ed905dada226ac4e898fffce22c6b4ca0,True,True,"[""12a7f6a439384176a482d865c98a6f9c""]","[""caf85e0f15e74db1bdab785a094b3f5c""]"
R12B,audit,lawbench_3-3_0423,b57ae70a28721525e7e3d9a47467bd4e8e2539f765e5f47d556e385cf6e46de6,b57ae70a28721525e7e3d9a47467bd4e8e2539f765e5f47d556e385cf6e46de6,8bd826e732cd098384b705e39235e25be640b05c0d2ade2bb6a6aa03c4e9aa1b,8bd826e732cd098384b705e39235e25be640b05c0d2ade2bb6a6aa03c4e9aa1b,True,True,CC,False,False,"[""聚众斗殴""]","[""聚众斗殴""]",ec226a14ac6f501851f6812172d68d3e73655e6a85b32f21ee7089dec02477f5,ec226a14ac6f501851f6812172d68d3e73655e6a85b32f21ee7089dec02477f5,True,True,"[""757a5086c18b4e12bd37adf39713a600""]","[""718c9a8929ee4f4899561d6ca484fc9d""]"
R12B,audit,lawbench_3-3_0195,b5b17109784309a8dddce18c137f6c2d048378a0fc4f6d93ce7db0061d44137a,b5b17109784309a8dddce18c137f6c2d048378a0fc4f6d93ce7db0061d44137a,bed41d04958bda63dc13a47a749a812335e79ce976079303d0e310e953002ae4,bed41d04958bda63dc13a47a749a812335e79ce976079303d0e310e953002ae4,True,True,CC,False,False,"[""洗钱""]","[""洗钱""]",7bef51b2b7c889efce6df6650e537ebfbcad24eb43c55f187e680fc578fa5900,7bef51b2b7c889efce6df6650e537ebfbcad24eb43c55f187e680fc578fa5900,True,True,"[""c7654793b0944a8ca6b4625ee5699394""]","[""b3de944b75d04ef0bcf49466caef4524""]"
R12B,audit,lawbench_3-3_0173,6173ee9f29db8249488ce09557da3e3b75b31e43a9abaa30e87527f258b3b5fe,6173ee9f29db8249488ce09557da3e3b75b31e43a9abaa30e87527f258b3b5fe,e58e2ea37825f6db1ee7032214d17317d9168a1e8ac565246f210bb9d3a900d0,e58e2ea37825f6db1ee7032214d17317d9168a1e8ac565246f210bb9d3a900d0,False,False,WW,True,True,"[""危险驾驶"", ""在考验期内再犯新罪""]","[""危险驾驶"", ""过失损坏军事通信罪""]",c97b1adb80a039429245458b5bdd5293e6b2816e5a78dbc0e0eb482c0873afda,c97b1adb80a039429245458b5bdd5293e6b2816e5a78dbc0e0eb482c0873afda,True,True,"[""0ce7fc4f9b504570a3d1fc46f7e53c60""]","[""fe1768ab394547419e140f7d78237641""]"
R12B,audit,lawbench_3-3_0225,190ccbcf8a315001a232b552f9e541950f38d742097fee61d00d2288af0c530b,190ccbcf8a315001a232b552f9e541950f38d742097fee61d00d2288af0c530b,e34c5aa9d4af673f7cd16d216f6b150c0c332bc91936575d6d9ed5bdf0ad5519,e34c5aa9d4af673f7cd16d216f6b150c0c332bc91936575d6d9ed5bdf0ad5519,False,False,WW,False,False,"[""走私普通货物""]","[""走私普通货物""]",21805f2964b7fd75265fc85c739790121c795ae37174b15fd2cf1c516d130e93,21805f2964b7fd75265fc85c739790121c795ae37174b15fd2cf1c516d130e93,True,True,"[""1c0f186c875e4cd18379d411349784c4""]","[""2153e3544d32449a8d96c9f71fd639fc""]"
R12B,audit,lawbench_3-3_0458,4288c0a966c99ae8f243323cab9cb3f42f46c9e1f81c18abe2cd72b3a9f9cfdd,4288c0a966c99ae8f243323cab9cb3f42f46c9e1f81c18abe2cd72b3a9f9cfdd,88f53d63a142545a75c6b8c04f23c1887596c84b4b43ae2c0e15799fa023e92e,88f53d63a142545a75c6b8c04f23c1887596c84b4b43ae2c0e15799fa023e92e,False,False,WW,False,False,"[""受贿""]","[""受贿""]",85d40a7734e50882258725af9b9b12e2c0ebca1c152bb37700d952ae72e712ef,85d40a7734e50882258725af9b9b12e2c0ebca1c152bb37700d952ae72e712ef,True,True,"[""c69a333b61c0487baef755abee000a76""]","[""df7926de61eb45ca813f9ed276545625""]"
R12B,audit,lawbench_3-3_0306,f2ab488851571a004e4e1d0e7b6cfc423d475e3a76b787b438521dc0770e07d3,f2ab488851571a004e4e1d0e7b6cfc423d475e3a76b787b438521dc0770e07d3,938f1df28d7dd22de4577ac811958820674158ae47df4b8fe20ef8feff28447f,938f1df28d7dd22de4577ac811958820674158ae47df4b8fe20ef8feff28447f,False,False,WW,False,False,"[""贷款诈骗""]","[""贷款诈骗""]",06bbc41e391aee3f436683b577b2c500ad3a53fa27e689aa2695514a6d0f4369,06bbc41e391aee3f436683b577b2c500ad3a53fa27e689aa2695514a6d0f4369,True,True,"[""5d4cf989a2e54f4bbcae3682d8887c6d""]","[""e8d91169445f40ffb27b872dcc6e00ac""]"
R12B,audit,lawbench_3-3_0305,fd633ea6856f580ebb20be16d16d110c2da17b33e7edc98e2021107f2ccb6f94,fd633ea6856f580ebb20be16d16d110c2da17b33e7edc98e2021107f2ccb6f94,1b0bbcbbe1f16947958004edc040cced70c0b02cf0716efa384538fdabdb95b6,1b0bbcbbe1f16947958004edc040cced70c0b02cf0716efa384538fdabdb95b6,True,True,CC,False,False,"[""盗伐林木""]","[""盗伐林木""]",8a649ddf8112356e5640a00f14e21c2d95ddf3fd6bf28a038abd38bb31b81184,8a649ddf8112356e5640a00f14e21c2d95ddf3fd6bf28a038abd38bb31b81184,True,True,"[""0216585ca37b46bebfe5977ef24228bc""]","[""a22e60dcc6f447af948ac66fb3843d7c""]"
R12B,audit,lawbench_3-3_0330,84e15d9bf05bcdc86b76d335731871da688fa1a0ae5be82e7aae7aedb714f7ea,84e15d9bf05bcdc86b76d335731871da688fa1a0ae5be82e7aae7aedb714f7ea,f0ad7fd481ddc06fc0296799724f338a7cafc47b56fd1664921ccc6f3a087404,f0ad7fd481ddc06fc0296799724f338a7cafc47b56fd1664921ccc6f3a087404,True,True,CC,False,False,"[""滥伐林木""]","[""滥伐林木""]",a7ddaadbaca9b8d53f9c551d2d7c319730328f4c427b71afd14fc69e80c4bb01,a7ddaadbaca9b8d53f9c551d2d7c319730328f4c427b71afd14fc69e80c4bb01,True,True,"[""cc8a99e34698406982bd209b3875ab2e""]","[""358cb83647cb4ba99008fe70364c344e""]"
R12B,audit,lawbench_3-3_0405,ef906befb10d814297e73f8974f22305567d3c72117e90b27600f5e1067bbad3,ef906befb10d814297e73f8974f22305567d3c72117e90b27600f5e1067bbad3,af0199c13c3c3086dd253cbfd3374b97268da9451a881440464272c7f89877af,af0199c13c3c3086dd253cbfd3374b97268da9451a881440464272c7f89877af,True,True,CC,False,False,"[""敲诈勒索""]","[""敲诈勒索""]",ba21ef3b9b5953dd1fd50de8f0181c0643b1cc2077b3956a9dc0ede927348079,ba21ef3b9b5953dd1fd50de8f0181c0643b1cc2077b3956a9dc0ede927348079,True,True,"[""21432c01daed4d03a6d27029aece7729""]","[""a286b255a7f44af888823e3e31483939""]"
R12B,audit,lawbench_3-3_0231,5da286f2fd7fdaceb491c77ad5846ebcc0c11244558f491253ac00428697a70b,5da286f2fd7fdaceb491c77ad5846ebcc0c11244558f491253ac00428697a70b,d87e50228c9d336d39c1904c0e5df8a0e1f89d1ec3b7beac310aa7f6d3ae96c2,d87e50228c9d336d39c1904c0e5df8a0e1f89d1ec3b7beac310aa7f6d3ae96c2,False,False,WW,False,False,"[""吸食毒品"", ""非法持有毒品""]","[""吸食毒品"", ""非法持有毒品""]",893548b9d1afd4bedf9e6be4b4de08f0798ac42491ff8910abe0e93ae883e6f5,893548b9d1afd4bedf9e6be4b4de08f0798ac42491ff8910abe0e93ae883e6f5,True,True,"[""a7df35fe2cb34d38a6db22ceb87cc866""]","[""0e47c2af2bba44c7a149a1d574992826""]"
R12B,audit,lawbench_3-3_0256,5726b8c0d1186f03e9b8145ca421cd4dffaa9f86bc686ea25bb9029a93a06090,5726b8c0d1186f03e9b8145ca421cd4dffaa9f86bc686ea25bb9029a93a06090,e5a9f0f5ada03b737d4433a9bca601285a64875049abee10195bf2002147cc8a,e5a9f0f5ada03b737d4433a9bca601285a64875049abee10195bf2002147cc8a,True,True,CC,False,False,"[""掩饰"", ""犯罪所得收益"", ""隐瞒犯罪所得""]","[""掩饰"", ""犯罪所得收益"", ""隐瞒犯罪所得""]",f56a3999aaaf227e7450ef7b25e1288af1b3c3f394e62141152bf7f2b983d6f9,f56a3999aaaf227e7450ef7b25e1288af1b3c3f394e62141152bf7f2b983d6f9,True,True,"[""be34cff0552842ed9dfecdf95e355c23""]","[""eeb5b3b2fcc142d8a40024f93d98f3e4""]"
R12B,audit,lawbench_3-3_0005,493647627b7881b654de5885d9531103124cd11e44d19b5a2010f48e6b3acd4a,493647627b7881b654de5885d9531103124cd11e44d19b5a2010f48e6b3acd4a,ea1ad9c777bba92beea1dcce0ff809cc6f1cb03c1e14220f5ee98941366b0b1e,ea1ad9c777bba92beea1dcce0ff809cc6f1cb03c1e14220f5ee98941366b0b1e,False,False,WW,False,False,"[""故意伤害"", ""故意毁坏财物""]","[""故意伤害"", ""故意毁坏财物""]",32391626c7128bd2571da501072fa34b40d38a8ba572a87be138392cda6c1d6f,32391626c7128bd2571da501072fa34b40d38a8ba572a87be138392cda6c1d6f,True,True,"[""bb689822a07c4bfebddb679aacccf457""]","[""cd75d240a9d54e6e9eb500afa3769ff8""]"
R12B,audit,lawbench_3-3_0431,bf337d01c2febfc497d3e579108315ba5ad61ee6a2da37bb0b2cf1d0fb31408f,bf337d01c2febfc497d3e579108315ba5ad61ee6a2da37bb0b2cf1d0fb31408f,d4894bf9ddbf3e81e650ea8f8a5415e838847053d72c9db9a20cde640d35272d,d4894bf9ddbf3e81e650ea8f8a5415e838847053d72c9db9a20cde640d35272d,False,False,WW,False,False,"[""非法毁坏国家重点保护植物""]","[""非法毁坏国家重点保护植物""]",4bb7146bf9c3c5ef2d811935ddb8b7ef4c14d38d2cf18d1276ec190e42d57a68,4bb7146bf9c3c5ef2d811935ddb8b7ef4c14d38d2cf18d1276ec190e42d57a68,True,True,"[""982f6c67dc034a9e937ef9dae4cec307""]","[""ab951d0a410948b38d759339656067c5""]"
R12B,audit,lawbench_3-3_0473,9aedd2c38103712f69e78b5a5e9dc590aaa217f748d5268480668647c160f32d,9aedd2c38103712f69e78b5a5e9dc590aaa217f748d5268480668647c160f32d,f9c0c4ba2ab1b0fa74af0e48182702973319cb00f04d7d37d8777133aad6d0be,f9c0c4ba2ab1b0fa74af0e48182702973319cb00f04d7d37d8777133aad6d0be,False,False,WW,True,True,"[""弹药"", ""私藏枪支"", ""非法持有""]","[""故意伤害"", ""非法持有、私藏枪支、弹药""]",06e219fde3d51717f7f00b49df1168dc9f8c5ec8d0a7091f06ba36c074596bfb,06e219fde3d51717f7f00b49df1168dc9f8c5ec8d0a7091f06ba36c074596bfb,True,True,"[""06c44c9478794804984aa0c603655703""]","[""71cd7ae875fb48fea902751060f088cf""]"
R12B,audit,lawbench_3-3_0356,e8c0a2830779c79098a6eff35d4b5e0833fa68245f4f5dcfb3431c57734b23f9,e8c0a2830779c79098a6eff35d4b5e0833fa68245f4f5dcfb3431c57734b23f9,42c8c931f91c7563c59fdbaa02373aef11eb91e39fc0bcc3954bebbc80458af7,42c8c931f91c7563c59fdbaa02373aef11eb91e39fc0bcc3954bebbc80458af7,False,False,WW,False,False,"[""生产"", ""销售不符合安全标准的食品""]","[""生产"", ""销售不符合安全标准的食品""]",d1fa905e0384872b6353bd14ea8a296b31024712a0a3573793f246ff10009032,d1fa905e0384872b6353bd14ea8a296b31024712a0a3573793f246ff10009032,True,True,"[""5ecc0367e20c4e74a018ae3737f2a0ef""]","[""ec2b9503374941e1868445096c333c03""]"
R12B,audit,lawbench_3-3_0224,41b7d3e47f2ff53ca64e8950cd8e7e9fac969455e36f17001716d7b1807a412a,41b7d3e47f2ff53ca64e8950cd8e7e9fac969455e36f17001716d7b1807a412a,8209291a6b1d0fa60478c6463467cefe4e730b6fb2a3e00535ec5b052681a78e,8209291a6b1d0fa60478c6463467cefe4e730b6fb2a3e00535ec5b052681a78e,True,True,CC,False,False,"[""抢夺""]","[""抢夺""]",5f95b0c4c768d96eca8b716c887c7901c667bedbb2bff4c1a65babe05da01909,5f95b0c4c768d96eca8b716c887c7901c667bedbb2bff4c1a65babe05da01909,True,True,"[""5022dc4113724bd281cf41c95011f838""]","[""cbc1122c5089494e85cee38006442025""]"
R12B,audit,lawbench_3-3_0239,553bec5cc04d1f296c7eb9213e11e03a935a55fc92df1a582c103f9370d1a215,553bec5cc04d1f296c7eb9213e11e03a935a55fc92df1a582c103f9370d1a215,b53680f23abdd239f7f7c8d9d06e88fbc42ced580b5797ac4d7dde3c1bb38367,b53680f23abdd239f7f7c8d9d06e88fbc42ced580b5797ac4d7dde3c1bb38367,True,True,CC,False,False,"[""拐骗儿童""]","[""拐骗儿童""]",eb3b4f57612de818f864530d828b9f692da3c31f1b696f209e501c6f06307a0f,eb3b4f57612de818f864530d828b9f692da3c31f1b696f209e501c6f06307a0f,True,True,"[""b06ae33e147145bd9daa81a74dfbe35c""]","[""8f126539f416414a924e869abdb9b4f5""]"
R12B,audit,lawbench_3-3_0078,87ce60bc81d0414e09a84849b2374b5cbaee786ef6a3bf49160abcaa87e42f70,87ce60bc81d0414e09a84849b2374b5cbaee786ef6a3bf49160abcaa87e42f70,ac69c919aa18fbad98b6230948b9acdccc9ae85032aff11d0e6f4dd5281b211d,ac69c919aa18fbad98b6230948b9acdccc9ae85032aff11d0e6f4dd5281b211d,False,False,WW,False,False,"[""诈骗""]","[""诈骗""]",f167776049398ddfedef928e206c1f95f990cbcf0daf717f134aab4e62b3f17a,f167776049398ddfedef928e206c1f95f990cbcf0daf717f134aab4e62b3f17a,True,True,"[""c495be22fb1c4facaef8449be4d0ee4a""]","[""e77cced850994391b6017ae4d68f273c""]"
R12B,audit,lawbench_3-3_0451,4c8c6812fc82cfa308cc1ee92c90e17d1138a2144f92b87f3099a6fe19efdb38,4c8c6812fc82cfa308cc1ee92c90e17d1138a2144f92b87f3099a6fe19efdb38,0a5b43df60d9a32f47001388a90ccd4b80a0fc1607beea57698cf6ce1c21a889,0a5b43df60d9a32f47001388a90ccd4b80a0fc1607beea57698cf6ce1c21a889,False,False,WW,False,False,"[""盗窃"", ""破坏电力设施""]","[""盗窃"", ""破坏电力设施""]",6be7812999e80dae008439f8feee41b34cc5a4a97070055db94ea0e3ef54f113,6be7812999e80dae008439f8feee41b34cc5a4a97070055db94ea0e3ef54f113,True,True,"[""a7b9a853347640219afef0fe3916bb51""]","[""7a75a623ad31476790ae3187759638a9""]"
R12B,audit,lawbench_3-3_0009,82393703f84bd833bf3e20a72c9f448be4a989e811b483c285630457ec7cea6d,82393703f84bd833bf3e20a72c9f448be4a989e811b483c285630457ec7cea6d,3d1f33dfa443920d5ee68782a2c030f7baa0a2aa0452d8bca5a3fa63756da3a2,3d1f33dfa443920d5ee68782a2c030f7baa0a2aa0452d8bca5a3fa63756da3a2,True,True,CC,False,False,"[""受贿"", ""诈骗""]","[""受贿"", ""诈骗""]",f31c74afa51c074176f0bad5e45d42f7051f49f6c1395f91ee1807043dc198fa,f31c74afa51c074176f0bad5e45d42f7051f49f6c1395f91ee1807043dc198fa,True,True,"[""36426461acb64d829d9c569cfa2f1e82""]","[""e57032157ff24e07a6de2e4808acbe12""]"
R12B,audit,lawbench_3-3_0080,da3d2977cb2805cb68ba1fae8eaa1a766460a3740f2c24eca3c1b434985853bc,da3d2977cb2805cb68ba1fae8eaa1a766460a3740f2c24eca3c1b434985853bc,6dee9590012222a28cc81790572193108b22fbef217add13fa9001c88ea251bd,6dee9590012222a28cc81790572193108b22fbef217add13fa9001c88ea251bd,False,False,WW,True,True,"[""诈骗""]","[""买卖国家机关"", ""事业单位"", ""人民团体的票证"", ""企业"", ""伪造"", ""印章罪"", ""变造""]",92d6021fff1cd3641465c5b2c3076d56eb05b16a9eb23c8b38e1c69d287e4bee,92d6021fff1cd3641465c5b2c3076d56eb05b16a9eb23c8b38e1c69d287e4bee,True,True,"[""ff1defa281174dc18d813899920262ff""]","[""63b9c2f1bad44c9cafd53897bfafaf79""]"
R12B,audit,lawbench_3-3_0381,93c0b88a4066e3f53d75efbbc8380a008d51d9844745359943f3a0c37bf61f66,93c0b88a4066e3f53d75efbbc8380a008d51d9844745359943f3a0c37bf61f66,8eb45b3c84c1e61507773733ee7180013b4f12cb3d985e44b4fbc62e15e27e8f,8eb45b3c84c1e61507773733ee7180013b4f12cb3d985e44b4fbc62e15e27e8f,True,True,CC,False,False,"[""非法狩猎""]","[""非法狩猎""]",423f679b1430c95edb4baffee240a5fdc830ccd99a975137ae7069a57b82c673,423f679b1430c95edb4baffee240a5fdc830ccd99a975137ae7069a57b82c673,True,True,"[""b296a75f8e3d482784ebe8fa1680233d""]","[""4efb706ff9854a128fd68573fe8e2929""]"
R12B,audit,lawbench_3-3_0259,0f0710b16050b51de34573d4b56723cf4af10dd01debd53f4b3e2f27561eff81,0f0710b16050b51de34573d4b56723cf4af10dd01debd53f4b3e2f27561eff81,a7256b4c9417aa061cb4680499152f79090067dc7914afa902c705cfe2bba88c,a7256b4c9417aa061cb4680499152f79090067dc7914afa902c705cfe2bba88c,True,True,CC,False,False,"[""妨害公务""]","[""妨害公务""]",e8237fe550b4478e5c0749674814fe6f35eba54282edbaad9e585bd821f42fe4,e8237fe550b4478e5c0749674814fe6f35eba54282edbaad9e585bd821f42fe4,True,True,"[""f0995216c4ed4fd0887759897dfa8365""]","[""0dc79ac918bc4581bda85d8e1ef3430a""]"
R12B,audit,lawbench_3-3_0128,13e04ec0109c902520a2e36a0cdfd9f7b4e46ffc3caa9cd3ea63823b3fb41af9,13e04ec0109c902520a2e36a0cdfd9f7b4e46ffc3caa9cd3ea63823b3fb41af9,bd3ff7b73377a70467931846ef214fc24fe7343599b346bf96955a69a1d8335c,bd3ff7b73377a70467931846ef214fc24fe7343599b346bf96955a69a1d8335c,False,False,WW,True,True,"[""贷款诈骗""]","[""合同诈骗""]",295298780ad0e92a694574b3b5f155cd6bbf71bc5d91c66bec79e3082bfeae59,295298780ad0e92a694574b3b5f155cd6bbf71bc5d91c66bec79e3082bfeae59,True,True,"[""a7580137a5164d998fc8c088f292d77f""]","[""e1bea372ea484687a2a610367139a865""]"
R12B,audit,lawbench_3-3_0268,44054547f2c006038f649fb1a8cdafaa9a1027043ca51194731b00aa4b873eff,44054547f2c006038f649fb1a8cdafaa9a1027043ca51194731b00aa4b873eff,e5a9f0f5ada03b737d4433a9bca601285a64875049abee10195bf2002147cc8a,e5a9f0f5ada03b737d4433a9bca601285a64875049abee10195bf2002147cc8a,True,True,CC,False,False,"[""掩饰"", ""犯罪所得收益"", ""隐瞒犯罪所得""]","[""掩饰"", ""犯罪所得收益"", ""隐瞒犯罪所得""]",e5699f10fb1c8db78e93979d703a486be3d5b7014836f12341d2002c95a6d1e9,e5699f10fb1c8db78e93979d703a486be3d5b7014836f12341d2002c95a6d1e9,True,True,"[""94d1ffc691704efa97313a22b9ea6127""]","[""3d03700f46bd424d82b487e70394c124""]"
R12B,audit,lawbench_3-3_0354,0dc6e04b59eeac685e862a1916aa443513df88a80439a5bc4de964dcb88c7583,0dc6e04b59eeac685e862a1916aa443513df88a80439a5bc4de964dcb88c7583,0fa7456b0e2f1c0cae5ad8d4a61530d751622f196266097fd015e212e87fc90b,0fa7456b0e2f1c0cae5ad8d4a61530d751622f196266097fd015e212e87fc90b,True,True,CC,False,False,"[""非法吸收公众存款""]","[""非法吸收公众存款""]",01b844b62ff2dbbe20787da6639291ed1026155072c7b8162d1ab27be343c232,01b844b62ff2dbbe20787da6639291ed1026155072c7b8162d1ab27be343c232,True,True,"[""81da0e1125034d6aa6e54bf3173f44f9""]","[""5d4547e79a314752a60648b165350b32""]"
R12B,audit,lawbench_3-3_0312,ead76ed906703fbd6456f344e91d8586cf14d5015a0d9a609bbbbd6efed91a61,ead76ed906703fbd6456f344e91d8586cf14d5015a0d9a609bbbbd6efed91a61,e065f16a85f97733e6820469ed4a8db56caccbed4086f24016660942f0962f00,e065f16a85f97733e6820469ed4a8db56caccbed4086f24016660942f0962f00,True,False,CW,True,True,"[""过失致人死亡""]","[""重大责任事故""]",c72f3e533d8ce4feaaaa58cf25efc91ba0bfb0e07fb421bd32e4fc8bc5c6d7d4,c72f3e533d8ce4feaaaa58cf25efc91ba0bfb0e07fb421bd32e4fc8bc5c6d7d4,True,True,"[""b0aff0dc38f24c5799927df6d5f241c6""]","[""8227c9a5c3624c28be1e74120204d965""]"
R12B,audit,lawbench_3-3_0102,a0d346b09eb8f98b620fa704e8ba402c854c6c894bd8eaccc458c027ab1ebdf5,a0d346b09eb8f98b620fa704e8ba402c854c6c894bd8eaccc458c027ab1ebdf5,161a249cda745cb8410bb6dcf5d0ea500af61e7a2ed84a438da3dda8c086a703,161a249cda745cb8410bb6dcf5d0ea500af61e7a2ed84a438da3dda8c086a703,False,False,WW,False,False,"[""虚开增值税专用发票""]","[""虚开增值税专用发票""]",6e2dfd0f8a8ee078506f53ed349caf66d38dbd77be62b7d86706599fe1521355,6e2dfd0f8a8ee078506f53ed349caf66d38dbd77be62b7d86706599fe1521355,True,True,"[""32cb347c51434aa8b61cc25b00b25f52""]","[""5e59528804ab4c379156561e0c2f8849""]"
R12B,audit,lawbench_3-3_0337,e326f5a740d92a15c8ce27743b327c57ba2ff0f42b2ef84797f5a079df7968f7,e326f5a740d92a15c8ce27743b327c57ba2ff0f42b2ef84797f5a079df7968f7,6a5c8ed9914d121722761c6104f439fd7b2966de0332f3f8a73fd1a89fca7bbb,6a5c8ed9914d121722761c6104f439fd7b2966de0332f3f8a73fd1a89fca7bbb,False,False,WW,False,False,"[""生产、销售假药"", ""非法经营药品""]","[""生产、销售假药"", ""非法经营药品""]",8889733a3f4ce552ce210bdf2ac39b7c469a09075f246f3ec9d8bdcba52e8053,8889733a3f4ce552ce210bdf2ac39b7c469a09075f246f3ec9d8bdcba52e8053,True,True,"[""57f57d7fd3de4563a222b569e91f0926""]","[""37b0ba3ba2cf4d7da7d6f999f156f81d""]"
R12B,audit,lawbench_3-3_0487,429ac3083f7288a591dcf3127c4fa7e0bae94f967d20b8b563dbbbb2325e1fe8,429ac3083f7288a591dcf3127c4fa7e0bae94f967d20b8b563dbbbb2325e1fe8,4bf098d419cff34d65e58b3ef5d3dddce8544f75d3249be34e931f344349f9db,4bf098d419cff34d65e58b3ef5d3dddce8544f75d3249be34e931f344349f9db,False,False,WW,True,True,"[""抢劫"", ""敲诈勒索""]","[""敲诈勒索""]",cc95a0d2a12931bd6862944b706b47744f4a7bdee20c595040c18018f3d73244,cc95a0d2a12931bd6862944b706b47744f4a7bdee20c595040c18018f3d73244,True,True,"[""20d928a96b9641f28b4ee9f329c08e04""]","[""c2022404f73d419ead6051caa04ae2d8""]"
R12B,audit,lawbench_3-3_0491,2712a35b85b111715e7641b1b450476a369e0298cdd85406757ee043be55d95c,2712a35b85b111715e7641b1b450476a369e0298cdd85406757ee043be55d95c,4455568ffa35b249a428af335cabcb3311509961baf257264d61631868770b06,4455568ffa35b249a428af335cabcb3311509961baf257264d61631868770b06,False,False,WW,True,True,"[""出版"", ""制作"", ""复制"", ""贩卖淫秽物品罪""]","[""生产"", ""销售淫秽出版物"", ""音像制品""]",46de3938739406d146e3f3cdad7a7b57bc258c123b0305942aae2f9d27731f73,46de3938739406d146e3f3cdad7a7b57bc258c123b0305942aae2f9d27731f73,True,True,"[""de5aac243d50401a9763d05fc6190e53""]","[""128a43b533464fbc83ca6524cda8c376""]"
R12B,audit,lawbench_3-3_0030,7112cfadf24d16a06d270f4d65bd775c6457d9536b9fcf588d6f36a643180fc8,7112cfadf24d16a06d270f4d65bd775c6457d9536b9fcf588d6f36a643180fc8,02b0d6a89c55137b7f70fff0b34793cb655f1ba553433b250e02b51d5b2716d3,02b0d6a89c55137b7f70fff0b34793cb655f1ba553433b250e02b51d5b2716d3,True,True,CC,False,False,"[""行贿"", ""诈骗""]","[""行贿"", ""诈骗""]",d057222bd8c8f59d137a8846cd449d39e797e9f59331bd0792c1c298e7ef8be1,d057222bd8c8f59d137a8846cd449d39e797e9f59331bd0792c1c298e7ef8be1,True,True,"[""658648fff5ba44ffa25f88786d70b9c6""]","[""c347766127654720a3053c6f0aa2758e""]"
R12B,audit,lawbench_3-3_0404,c5733c36cc9335594eea1f2845237cad9dcb49305b86977f98624ac04bb4c92e,c5733c36cc9335594eea1f2845237cad9dcb49305b86977f98624ac04bb4c92e,6a626e651c699931bfb4637f1e9c4d87366cc95ef8c134d5eaabc3c2e3359de0,6a626e651c699931bfb4637f1e9c4d87366cc95ef8c134d5eaabc3c2e3359de0,True,True,CC,False,False,"[""挪用公款""]","[""挪用公款""]",a5730b130e307b6f0648bbe25f20339b53c529da0b8b926bf7f62cff7f3e95ce,a5730b130e307b6f0648bbe25f20339b53c529da0b8b926bf7f62cff7f3e95ce,True,True,"[""7bcd804e1c9345bab40da814f94f835f""]","[""d118006c900f4ea1ab9e3753f784e46b""]"
